# This file uses centimeters as units for non-parametric coordinates.

mtllib CatObj.mtl
v 0.000000 2.283972 0.295825
v 0.000000 2.406291 0.130151
v 0.000000 2.406291 -0.279328
v 0.000003 2.597789 0.115727
v 0.000011 2.682030 -0.308797
v 0.000002 2.564360 0.096241
v 0.000003 2.564374 -0.251523
v 0.000000 2.480039 0.084015
v 0.000001 2.480043 -0.236267
v 0.000000 -0.214982 -0.506876
v -0.000000 0.034026 -0.511297
v -0.000000 -0.161767 -4.086581
v -0.000000 -0.016060 -4.086581
v 0.000000 -0.185989 -0.982112
v -0.000000 0.011896 -0.980112
v 0.000000 -0.179856 -1.673584
v -0.000000 0.004848 -1.672008
v 0.000000 -0.153708 -2.510925
v -0.000000 -0.022398 -2.509888
v -0.000000 -0.143906 -3.370746
v -0.000000 -0.033135 -3.370285
v -0.000000 -0.156726 -3.884523
v -0.000000 -0.020880 -3.884393
v -0.000000 -0.150067 -3.617654
v -0.000000 -0.027245 -3.617351
v 0.000000 -0.166464 -2.102458
v -0.000000 -0.009107 -2.101158
v 0.000000 -0.148263 -2.988499
v -0.000000 -0.028361 -2.987782
v 0.000000 -0.182957 -1.323866
v -0.000000 0.008413 -1.322076
v 0.000000 -0.188946 -0.724667
v -0.000000 0.015191 -0.722502
v 0.000000 -0.190800 -0.563249
v -0.000000 0.020549 -0.560979
v 0.000025 2.573270 0.469013
v 0.000028 3.655861 0.590649
v 0.000028 3.808449 -0.664394
v 0.000028 2.821001 -0.550536
v 0.000022 2.727045 -0.396094
v 0.000027 4.092118 -0.301044
v 0.000011 2.604731 0.178376
v 0.000027 4.031011 0.215181
v 0.000028 3.502755 -0.729062
v 0.000028 3.439876 0.628984
v 0.000028 3.199368 -0.728471
v 0.000028 3.333455 -0.753004
v 0.000028 3.266888 0.622878
v 0.000028 3.105356 -0.705791
v 0.000028 2.985164 -0.667405
v 0.000028 3.185771 0.643306
v 0.000027 2.625041 0.546828
v 0.000028 2.993370 0.787763
v 0.000028 3.051372 0.774649
v 0.000028 2.964529 0.791556
v 0.000028 2.716486 0.600381
v 0.000028 2.676111 0.598903
v 0.000028 2.901097 0.772041
v 0.000028 2.760971 0.690676
v 0.000028 2.736040 0.621318
v 0.000028 2.920264 0.783552
v 0.000028 2.746941 0.656449
v 0.000028 2.884807 0.742958
v 0.000028 2.802054 0.721770
v 0.000028 2.854038 0.727744
v 0.000026 2.873996 0.723804
v 0.000027 2.875578 0.670933
v 0.000016 2.919427 0.630053
v 0.000028 2.800176 0.658515
v 0.000007 2.949165 0.549113
v 0.000028 2.774003 0.594890
v 0.000006 2.922909 0.452303
v 0.000028 2.747761 0.498080
v 0.000003 2.881039 0.357177
v 0.000028 2.769172 0.402954
v -0.025658 2.827824 0.279329
v 0.000001 2.828037 0.286030
v 0.000024 2.747808 0.331807
v -0.020013 2.745910 0.237924
v 0.000028 2.746242 0.238249
v 0.000021 2.695039 0.290402
v 0.000027 4.076845 0.043557
v 0.000028 2.727096 0.611742
v 0.000016 2.698735 -0.347785
v 0.000006 2.609105 0.142689
v 0.000026 2.749531 -0.430932
v 0.000017 2.590041 0.314074
v 0.000027 2.775466 -0.492180
v 0.000022 2.581929 0.389146
v -0.000000 -0.614657 0.095080
v -0.000000 -0.317662 -0.509917
v -0.000000 0.256400 -0.426865
v 0.000000 1.608019 -0.584773
v 0.000000 2.372203 -0.375865
v 0.000000 1.180282 -0.475697
v 0.000000 1.847132 -0.590072
v -0.000000 0.554631 -0.389114
v 0.000000 2.274493 0.356971
v 0.000000 1.846284 0.575693
v 0.000000 1.608019 0.635672
v 0.000000 1.180283 0.631930
v 0.000000 0.554631 0.626992
v 0.000000 0.256400 0.646747
v 0.000000 -0.229487 0.687539
v 0.000000 0.951650 -0.397221
v 0.000000 0.951650 0.609329
v -0.000000 -0.349721 0.681697
v -0.000000 -0.392795 -0.506348
v 0.000000 0.025426 0.669089
v -0.000000 0.061723 -0.469213
v 0.000000 2.145674 0.420866
v 0.000000 2.252457 -0.431377
v 0.000000 2.092491 0.460962
v 0.000000 2.000223 0.508402
v 0.000000 2.021380 -0.544482
v 0.000000 2.173896 -0.466781
v 0.000000 2.299363 0.295825
v 0.000000 2.396558 -0.323880
v -0.000000 -0.455130 0.675554
v -0.000000 -0.435905 -0.499068
v 0.000000 2.298461 -0.408156
v 0.000000 2.184995 0.393813
v 0.000000 2.239486 0.345984
v 0.000000 2.333675 -0.368220
v -0.000000 -0.510909 0.585711
v -0.000000 -0.511582 -0.372069
v -0.000000 -0.649179 0.565869
v -0.000000 -0.649178 -0.303829
v -0.000000 -0.499383 0.595268
v -0.000000 -0.499277 -0.381438
v -0.000000 -0.417182 -0.502229
v -0.000000 -0.403737 0.678222
v 0.000000 0.759714 0.617868
v -0.000000 0.759714 -0.393302
v 0.000000 2.384507 -0.323880
v -0.000000 -0.624390 0.455212
v -0.000000 -0.646636 -0.263894
v 0.000000 2.328907 0.230004
v -0.000000 -0.614563 0.273287
v -0.000000 -0.640225 -0.083126
v -0.000000 0.027566 -0.535112
v 0.000000 -0.203391 -0.533899
v -0.000000 0.047920 -0.490187
v -0.000000 -0.266488 -0.508401
v 0.000028 2.655729 0.578119
v 0.000028 3.105018 0.722227
v -2.513009 1.771275 -0.287178
v -2.614146 1.756385 -0.310061
v -2.706329 1.761113 -0.311891
v -2.760218 1.778651 -0.331532
v -2.513008 1.730102 -0.221225
v -2.608192 1.750588 -0.227470
v -2.711241 1.756418 -0.243216
v -2.851854 1.779096 -0.221804
v -2.513008 1.730007 -0.182086
v -2.566376 1.740938 -0.195741
v -2.513008 1.720709 -0.082166
v -2.552247 1.754523 -0.118968
v -2.876041 1.776890 -0.108829
v -2.513009 1.731105 -0.051710
v -2.581928 1.746444 -0.044501
v -2.514010 1.761953 0.041584
v -2.620418 1.751419 0.066282
v -2.755605 1.760416 0.047662
v -2.854033 1.759026 0.030157
v -2.514010 1.952488 0.051660
v -2.602829 1.942782 0.089026
v -2.782447 1.962974 0.086660
v -2.867269 1.982556 0.044976
v -2.513009 2.017625 -0.020525
v -2.622885 1.995625 -0.026682
v -2.762929 1.997759 -0.057598
v -2.885300 1.978776 -0.100471
v -2.513008 2.017625 -0.082913
v -2.616884 2.024703 -0.083643
v -2.753393 2.003420 -0.092204
v -2.885724 1.989796 -0.114999
v -2.513008 2.017625 -0.195648
v -2.611176 2.014558 -0.194420
v -2.743000 2.015694 -0.202023
v -2.859619 1.989011 -0.230226
v -2.513008 2.017625 -0.242476
v -2.604137 1.996022 -0.246334
v -2.739232 2.004160 -0.226184
v -2.853414 1.988119 -0.238779
v -2.513008 1.945521 -0.308066
v -2.592988 1.949348 -0.337390
v -2.719585 1.944351 -0.334292
v -2.771715 1.961576 -0.358714
v -2.801302 1.765265 -0.069732
v -2.857998 1.958576 0.050286
v -2.802186 1.989952 -0.066251
v -2.795337 1.995119 -0.105473
v -2.779176 2.001004 -0.198025
v -2.780081 2.001004 -0.233181
v -2.741804 1.969583 -0.344253
v -2.739149 1.773277 -0.316514
v -2.745546 1.772797 -0.214770
v -2.785773 1.768424 -0.188563
v -2.795465 1.764848 -0.119229
v -2.801940 1.947929 -0.402212
v -2.787675 1.777403 -0.376546
v -2.915072 1.959995 -0.273250
v -2.907156 1.777403 -0.257586
v -2.910115 1.967651 -0.266180
v -2.895332 1.783171 -0.248526
v -2.942697 1.967651 -0.098598
v -2.924204 1.783171 -0.100024
v -2.926182 1.959704 -0.093569
v -2.906596 1.768852 -0.095888
v -2.925719 1.959070 0.059148
v -2.906186 1.769856 0.039443
v -2.847749 1.939600 -0.444279
v -2.825422 1.777403 -0.417322
v -2.969677 1.947472 -0.304798
v -2.934101 1.777403 -0.276140
v -2.939920 1.925509 -0.434481
v -2.908414 1.777403 -0.415944
v -2.984475 1.937965 -0.387526
v -2.960574 1.777403 -0.364009
v -2.985279 1.967651 -0.296178
v -2.958191 1.775996 -0.275312
v -3.012206 1.967651 -0.095465
v -2.985800 1.783170 -0.097248
v -3.035640 1.962707 -0.316821
v -3.004582 1.783170 -0.293269
v -3.069939 1.956712 -0.099179
v -3.035718 1.783170 -0.100444
v -3.127486 1.938882 -0.244617
v -3.082069 1.757182 -0.231696
v -3.137315 1.936704 -0.186026
v -3.091166 1.755054 -0.180825
v -3.007645 1.946879 -0.093039
v -3.002733 1.777862 -0.092841
v -2.993694 1.946339 0.097966
v -2.990370 1.775996 0.076418
v -3.087001 1.929680 -0.083436
v -3.050350 1.789699 -0.086774
v -3.076189 1.925770 0.097094
v -3.041446 1.777403 0.073275
v -3.132030 1.910978 -0.050683
v -3.099485 1.781233 -0.056756
v -3.131151 1.908379 0.024947
v -3.108315 1.773674 0.012634
v -2.664632 1.766305 0.100275
v -2.763640 1.766496 0.101208
v -2.787240 1.942049 0.144471
v -2.650486 1.906432 0.126649
v -2.855535 1.766305 0.050226
v -2.859657 1.906432 0.070760
v -2.693093 1.776575 0.172044
v -2.791127 1.774038 0.161311
v -2.813825 1.942049 0.190358
v -2.681892 1.906432 0.208425
v -2.897093 1.776886 0.114977
v -2.912102 1.906432 0.144026
v -2.751497 1.777403 0.202793
v -2.816274 1.777784 0.191240
v -2.843819 1.942049 0.222829
v -2.747800 1.906432 0.243124
v -2.880958 1.777403 0.166331
v -2.893894 1.906432 0.201978
v -2.801148 1.778275 0.209735
v -2.829515 1.777839 0.204838
v -2.847752 1.906571 0.242906
v -2.803830 1.905108 0.250959
v -2.863736 1.778275 0.192226
v -2.881163 1.905255 0.223245
v -2.396706 1.897452 -0.294817
v -2.396706 1.783021 -0.261762
v -2.396706 1.745489 -0.202200
v -2.396706 1.951686 -0.261762
v -2.396706 1.989218 -0.202200
v -2.396706 1.732094 -0.127926
v -2.396706 1.989218 -0.053653
v -2.396706 1.951686 0.005910
v -2.396706 1.745489 -0.053653
v -2.396706 1.837255 0.038965
v -2.396706 1.897452 0.038965
v -2.513009 1.733542 0.010118
v -2.636311 1.740893 -0.004507
v -2.747539 1.760165 -0.002732
v -2.787477 1.759415 -0.035552
v -2.865035 1.767791 -0.036251
v -2.924778 1.759094 -0.026774
v -3.003060 1.759094 -0.020208
v -3.058124 1.760546 -0.018667
v -3.114098 1.769889 -0.018012
v -3.131598 1.910163 -0.013433
v -3.081676 1.963134 0.005479
v -3.000774 1.987241 0.001036
v -2.925954 1.994059 -0.018352
v -2.865074 2.001355 -0.025707
v -2.821669 1.990692 -0.000177
v -2.772463 1.979487 0.020404
v -2.624310 1.972780 0.021313
v -2.513009 1.994038 0.020035
v -2.514010 1.876288 0.060878
v -2.396706 1.783020 0.005910
v -2.396706 1.837255 -0.294817
v -2.513008 1.866294 -0.316621
v -2.585032 1.859421 -0.348472
v -2.706401 1.859360 -0.346359
v -2.743853 1.883479 -0.353861
v -2.767616 1.872501 -0.371029
v -2.792232 1.864667 -0.428975
v -2.838565 1.860257 -0.474928
v -2.935713 1.852798 -0.468745
v -2.994121 1.849363 -0.404711
v -2.962588 1.851821 -0.304027
v -2.926022 1.856799 -0.282299
v -2.886941 1.881069 -0.248118
v -2.862847 1.886222 -0.235454
v -2.920286 1.874914 -0.268907
v -2.996906 1.874914 -0.307156
v -3.046901 1.872296 -0.326248
v -3.150095 1.853874 -0.251684
v -3.160530 1.852721 -0.190402
v -3.083193 1.869123 -0.098603
v -3.023492 1.874914 -0.094770
v -2.950781 1.874914 -0.098047
v -2.889890 1.886638 -0.112458
v -2.889938 1.877592 -0.102192
v -2.934813 1.858531 -0.092646
v -3.018721 1.860961 -0.092232
v -3.100769 1.851856 -0.082290
v -3.149465 1.841908 -0.047857
v -3.149176 1.840900 -0.008874
v -3.148878 1.839861 0.031292
v -3.089836 1.849530 0.106595
v -3.004128 1.860420 0.107570
v -2.934329 1.857895 0.067105
v -2.866767 1.871906 0.054646
v -2.867201 1.838515 0.071806
v -2.918777 1.836876 0.155752
v -2.899731 1.836876 0.216373
v -2.886105 1.836817 0.238985
v -2.850762 1.837192 0.259286
v -2.805519 1.836817 0.267609
v -2.746908 1.836876 0.259414
v -2.677965 1.836876 0.223116
v -2.645367 1.834706 0.137292
v -2.598495 1.829919 0.090291
v -2.608192 1.723747 -0.226400
v -2.711241 1.735850 -0.243216
v -2.747111 1.731644 -0.216889
v -2.567591 1.719872 -0.187237
v -2.745546 1.741385 -0.232369
v -2.785773 1.747855 -0.188563
v -2.735625 1.730715 -0.117074
v -2.550202 1.731128 -0.113839
v -2.795465 1.744280 -0.119229
v -2.739728 1.723991 -0.060383
v -2.580488 1.723400 -0.049733
v -2.801302 1.744698 -0.069732
v -2.747539 1.739597 -0.002732
v -2.636311 1.719424 -0.005880
v -2.787477 1.738847 -0.035552
v -2.806159 1.992992 -0.232892
v -2.759556 1.966120 -0.349527
v -2.755878 1.878622 -0.360712
v -2.748640 1.776534 -0.323362
v -2.787840 1.775153 -0.217485
v -2.805212 1.774679 -0.200145
v -2.825119 1.770737 -0.124828
v -2.828229 1.771732 -0.085552
v -2.827153 1.763700 -0.035909
v -2.862741 1.970844 0.047570
v -2.843874 1.996146 -0.013237
v -2.833268 1.984235 -0.080604
v -2.830140 1.992396 -0.107193
v -2.808891 1.994869 -0.211345
v -2.965383 1.990466 -0.008135
v -2.961541 1.952361 0.079605
v -2.971112 1.859226 0.088430
v -2.950550 1.773092 0.058928
v -2.966031 1.759094 -0.023314
v -2.957259 1.773600 -0.094282
v -2.979032 1.859812 -0.092428
v -2.969112 1.952945 -0.093290
v -2.984489 1.967651 -0.096714
v -2.994499 1.874914 -0.096077
v -2.961239 1.783171 -0.098355
v -2.933126 1.778857 -0.264632
v -2.960624 1.874914 -0.285954
v -2.953067 1.967651 -0.283572
v -2.872809 1.975072 -0.252809
v -2.895116 1.869008 -0.262004
v -2.867449 1.777403 -0.238718
v -2.777553 1.777155 -0.354643
v -2.777863 1.867457 -0.402901
v -2.787015 1.953127 -0.375478
v -2.772080 1.768812 0.119663
v -2.677210 1.769458 0.118068
v -2.659215 1.835372 0.159400
v -2.663969 1.906432 0.147514
v -2.795403 1.942049 0.158561
v -2.871716 1.906432 0.092201
v -2.894106 1.834591 0.101539
v -2.861306 1.769554 0.069052
v -2.443060 1.764030 0.025575
v -2.447811 1.731932 -0.029124
v -2.460418 1.707511 -0.064378
v -2.460418 1.705965 -0.098374
v -2.443060 1.726025 -0.178350
v -2.443060 1.721175 -0.219376
v -2.443060 1.768320 -0.280096
v -2.443060 1.862564 -0.311882
v -2.443060 1.936088 -0.303730
v -2.443060 1.996544 -0.238312
v -2.443060 2.007393 -0.190544
v -2.443060 2.007393 -0.079577
v -2.443060 1.999792 -0.026108
v -2.443060 1.936796 0.027848
v -2.443060 1.884447 0.050350
v -2.443060 1.829371 0.057598
v -2.174747 2.013873 -0.202204
v -2.172739 1.981892 -0.260930
v -2.168705 1.917679 -0.293778
v -2.164700 1.853910 -0.293777
v -2.161092 1.796456 -0.260927
v -2.158594 1.756698 -0.201735
v -2.157703 1.742509 -0.127923
v -2.158594 1.756701 -0.054112
v -2.161092 1.796461 0.005079
v -2.164701 1.853916 0.037927
v -2.168706 1.917685 0.037926
v -2.172197 1.973275 0.005908
v -2.174748 2.013878 -0.053657
v -2.345604 1.900016 0.038965
v -2.345604 1.839820 0.038965
v -2.343179 1.785585 0.005910
v -2.343179 1.748053 -0.053653
v -2.343179 1.734658 -0.127926
v -2.343179 1.748053 -0.202200
v -2.343179 1.785585 -0.261762
v -2.343179 1.839820 -0.294817
v -2.345604 1.900016 -0.294817
v -2.345604 1.954250 -0.261762
v -2.345604 1.991782 -0.202200
v -2.345604 1.991782 -0.053653
v -2.345604 1.954250 0.005910
v -0.079647 2.292478 0.295825
v -0.422453 -2.877316 -0.086545
v -0.403649 -2.877316 -0.112128
v -0.214221 -2.877316 -0.154684
v -0.153372 -2.877316 -0.091183
v -0.118046 -2.877316 -0.033621
v -0.098226 -2.877316 0.034279
v -0.118046 -2.877316 0.102178
v -0.153371 -2.877316 0.159740
v -0.214221 -2.877316 0.210659
v -0.330967 -2.877316 0.192649
v -0.383698 -2.877316 0.159740
v -0.419162 -2.877316 0.102178
v -0.431567 -2.877316 0.034279
v -0.283752 -1.688663 0.410234
v -0.166184 -1.688663 0.315926
v -0.112673 -1.688663 0.225953
v -0.085983 -1.688663 0.119822
v -0.112673 -1.688663 0.013691
v -0.166184 -1.688663 -0.076282
v -0.283752 -1.688663 -0.169499
v -0.527852 -1.688663 -0.096120
v -0.563416 -1.688663 -0.036435
v -0.578416 -1.688663 0.119822
v -0.560126 -1.688663 0.225953
v -0.510506 -1.688663 0.315926
v -0.430087 -1.688663 0.376045
v -0.291235 -1.554312 0.435574
v -0.164175 -1.554312 0.334337
v -0.107478 -1.554312 0.237902
v -0.079951 -1.554312 0.124148
v -0.107478 -1.554312 0.010394
v -0.164175 -1.554312 -0.086041
v -0.291235 -1.554312 -0.185797
v -0.543898 -1.554311 -0.105879
v -0.582339 -1.554311 -0.039732
v -0.598320 -1.554311 0.124148
v -0.579084 -1.554311 0.237902
v -0.527113 -1.554311 0.334337
v -0.442323 -1.554311 0.398774
v -0.275212 -1.929272 0.280908
v -0.168656 -1.929271 0.198052
v -0.118932 -1.929250 0.114571
v -0.093545 -1.929211 0.016098
v -0.118933 -1.929141 -0.099464
v -0.168659 -1.929069 -0.182957
v -0.275230 -1.928988 -0.274886
v -0.509375 -1.929083 -0.202794
v -0.541879 -1.929164 -0.149590
v -0.555798 -1.929233 0.016097
v -0.538575 -1.929272 0.114570
v -0.491620 -1.929283 0.198051
v -0.416157 -1.929277 0.253833
v -0.566574 -1.814618 0.065515
v -0.548842 -1.814639 0.167636
v -0.500618 -1.814644 0.254210
v -0.422794 -1.814641 0.312058
v -0.279281 -1.814639 0.342523
v -0.167478 -1.814638 0.254211
v -0.115950 -1.814628 0.167637
v -0.089942 -1.814607 0.065515
v -0.115950 -1.814570 -0.036609
v -0.167480 -1.814532 -0.123189
v -0.279290 -1.814490 -0.215328
v -0.518178 -1.814539 -0.143026
v -0.552140 -1.814582 -0.086735
v -0.442998 -2.788302 0.027356
v -0.430267 -2.788302 0.096736
v -0.394089 -2.788302 0.155554
v -0.339757 -2.788302 0.194855
v -0.221373 -2.788302 0.213216
v -0.157498 -2.788302 0.155554
v -0.121245 -2.788302 0.096736
v -0.101597 -2.788302 0.027356
v -0.121245 -2.788302 -0.042025
v -0.157498 -2.788302 -0.100843
v -0.221373 -2.788302 -0.165771
v -0.413827 -2.788302 -0.120681
v -0.433558 -2.788302 -0.092151
v -0.451108 -2.694457 0.022576
v -0.438147 -2.694457 0.095554
v -0.401462 -2.694457 0.157422
v -0.345993 -2.694457 0.198761
v -0.226448 -2.694457 0.218046
v -0.160426 -2.694457 0.157422
v -0.123514 -2.694457 0.095554
v -0.103989 -2.694457 0.022576
v -0.123514 -2.694457 -0.050402
v -0.160426 -2.694457 -0.112270
v -0.226448 -2.694457 -0.180593
v -0.421048 -2.694457 -0.132108
v -0.441438 -2.694457 -0.100529
v -0.539430 -2.063924 -0.007253
v -0.522832 -2.063947 0.087644
v -0.477355 -2.063953 0.168094
v -0.404838 -2.063950 0.221850
v -0.267021 -2.063947 0.246736
v -0.166656 -2.063946 0.168095
v -0.118990 -2.063934 0.087645
v -0.094536 -2.063911 -0.007252
v -0.118990 -2.063870 -0.119237
v -0.166658 -2.063828 -0.199693
v -0.267032 -2.063780 -0.289511
v -0.495395 -2.063836 -0.219531
v -0.526130 -2.063883 -0.169363
v -0.303005 -0.682955 0.533540
v -0.117142 -0.682955 0.415738
v -0.045009 -0.682955 0.275794
v -0.015483 -0.682956 0.110716
v -0.045005 -0.712529 -0.054360
v -0.117138 -0.682955 -0.178585
v -0.303006 -0.682955 -0.278449
v -0.625300 -0.682954 -0.185938
v -0.686382 -0.682954 -0.085047
v -0.708754 -0.682954 0.110716
v -0.682786 -0.682954 0.275794
v -0.608090 -0.682954 0.415738
v -0.492977 -0.682955 0.509246
v -0.119801 -0.624398 0.455212
v -0.055259 -0.608520 0.273287
v -0.051064 -0.640225 -0.083126
v -0.156022 -0.642247 -0.263894
v -0.310241 -0.641473 -0.259442
v -0.438997 -2.877316 -0.003487
v -0.450247 -2.788302 -0.011233
v -0.458229 -2.694457 -0.018014
v -0.544533 -2.063901 -0.069538
v -0.560556 -1.929194 -0.048178
v -0.571046 -1.814598 0.008714
v -0.582573 -1.688663 0.060793
v -0.601792 -1.554311 0.060879
v -0.709968 -0.682954 0.024413
v -0.186070 2.410214 -0.210501
v -0.111637 2.406291 -0.270217
v -0.060320 2.406291 0.130151
v -0.140563 2.406266 0.106810
v -0.191632 2.406291 0.043073
v -0.210489 2.406292 0.005553
v -0.225659 2.406292 -0.037753
v -0.231376 2.406291 -0.085896
v -0.228752 2.406291 -0.143635
v -0.055793 2.406291 -0.275181
v -0.138423 2.671326 -0.240243
v -0.089351 2.681758 -0.290686
v -0.055863 2.599476 0.108070
v -0.120167 2.607242 0.091211
v -0.175164 2.620344 0.031581
v -0.185725 2.629331 -0.009331
v -0.197443 2.639699 -0.056551
v -0.189168 2.648300 -0.111754
v -0.178523 2.657631 -0.187176
v -0.034799 2.684574 -0.307906
v -0.056912 2.564362 0.086995
v -0.103006 2.564371 0.063801
v -0.154658 2.564383 0.017872
v -0.161784 2.564390 -0.011911
v -0.172496 2.564391 -0.052529
v -0.175493 2.564393 -0.095676
v -0.174118 2.564394 -0.136578
v -0.148316 2.564386 -0.192125
v -0.106360 2.564379 -0.239082
v -0.052167 2.564375 -0.244939
v -0.051726 2.480040 0.077981
v -0.105822 2.480043 0.056382
v -0.159942 2.480052 0.012608
v -0.169396 2.480057 -0.015559
v -0.181057 2.480059 -0.048070
v -0.184605 2.480060 -0.089819
v -0.182977 2.480059 -0.127559
v -0.155772 2.480054 -0.181909
v -0.109177 2.480047 -0.224693
v -0.047877 2.480042 -0.230041
v -0.422453 -3.038372 -0.093540
v -0.403649 -3.038372 -0.120604
v -0.214221 -3.038372 -0.165226
v -0.127681 -3.038372 -0.098446
v -0.092355 -3.038372 -0.037552
v -0.072535 -3.038372 0.034278
v -0.092355 -3.038372 0.106109
v -0.127680 -3.038372 0.167003
v -0.214221 -3.038372 0.227142
v -0.330967 -3.038372 0.207692
v -0.383698 -3.038372 0.167003
v -0.419162 -3.038372 0.106109
v -0.431567 -3.038372 0.034279
v -0.438997 -3.038372 -0.005673
v -0.581416 -3.200880 -0.057531
v -0.490470 -3.200880 -0.144885
v -0.214221 -3.200880 -0.197549
v -0.084914 -3.200880 -0.098808
v -0.049588 -3.200880 -0.004059
v -0.029769 -3.200880 0.107706
v -0.037675 -3.200880 0.219470
v -0.054807 -3.179027 0.314219
v -0.214221 -3.191234 0.408306
v -0.397477 -3.191234 0.390284
v -0.576418 -3.179027 0.354341
v -0.588051 -3.200880 0.219470
v -0.590530 -3.200880 0.126454
v -0.597960 -3.200880 0.060314
v -0.581416 -3.432908 0.029736
v -0.490470 -3.432908 -0.041575
v -0.214221 -3.432908 -0.065572
v -0.084914 -3.432908 0.012891
v -0.049588 -3.432908 0.091500
v -0.029769 -3.432908 0.184225
v -0.037675 -3.432908 0.276950
v -0.048489 -3.432908 0.355559
v -0.572597 -3.432908 0.396734
v -0.588051 -3.432908 0.276950
v -0.590530 -3.432908 0.184225
v -0.597960 -3.432908 0.114076
v -0.496996 -3.546374 0.199037
v -0.428782 -3.546374 0.156521
v -0.233299 -3.546374 0.156201
v -0.141380 -3.546374 0.195960
v -0.114883 -3.546374 0.226762
v -0.099238 -3.546374 0.281926
v -0.104153 -3.546374 0.325006
v -0.118798 -3.546374 0.400977
v -0.250060 -3.546374 0.450258
v -0.380067 -3.546374 0.426490
v -0.507169 -3.546374 0.417014
v -0.518760 -3.546374 0.358035
v -0.522414 -3.546374 0.313613
v -0.510185 -3.546374 0.256207
v -0.087575 -3.212438 0.508398
v -0.087575 -3.440278 0.553858
v -0.214221 -3.212438 0.613845
v -0.214221 -3.406918 0.707874
v -0.442808 -3.212438 0.570246
v -0.445066 -3.406918 0.668759
v -0.540138 -3.212438 0.508399
v -0.540138 -3.419451 0.553858
v -0.143375 -3.549280 0.521655
v -0.250482 -3.549280 0.575558
v -0.409089 -3.549280 0.546579
v -0.482823 -3.549280 0.492030
v -0.370958 -3.546374 0.345566
v -0.244364 -3.546374 0.350316
v -0.365969 -3.546374 0.301245
v -0.241754 -3.546374 0.304539
v -0.426390 -3.546374 0.230068
v -0.152863 -0.166946 -0.521852
v -0.145364 -0.021015 -0.509387
v -0.094113 -0.141448 -4.086581
v -0.089395 -0.049460 -4.086582
v -0.130080 -0.153059 -1.001567
v -0.121861 -0.036312 -0.968280
v -0.115205 -0.150129 -1.688920
v -0.115469 -0.039679 -1.662682
v -0.107368 -0.137176 -2.521013
v -0.101542 -0.052742 -2.503754
v -0.100108 -0.132404 -3.375232
v -0.094889 -0.057870 -3.367556
v -0.095805 -0.138895 -3.885788
v -0.090945 -0.051834 -3.883623
v -0.098040 -0.135524 -3.620593
v -0.092994 -0.054969 -3.615564
v -0.111191 -0.143495 -2.115106
v -0.108336 -0.046369 -2.093466
v -0.103336 -0.134525 -2.995476
v -0.097846 -0.055591 -2.983539
v -0.122728 -0.151611 -1.341285
v -0.118702 -0.037976 -1.311482
v -0.132650 -0.154489 -0.745736
v -0.124217 -0.034738 -0.709689
v -0.134262 -0.155385 -0.585330
v -0.125694 -0.033751 -0.547551
v -0.237739 -3.546374 0.234106
v -2.293189 1.904036 0.038965
v -2.293189 1.842450 0.038965
v -2.291428 1.786962 0.005910
v -2.291428 1.748564 -0.053653
v -2.291428 1.734859 -0.127926
v -2.291428 1.748564 -0.202200
v -2.291428 1.786963 -0.261762
v -2.291428 1.842450 -0.294817
v -2.293189 1.904036 -0.294817
v -2.293189 1.959524 -0.261762
v -2.293189 1.997922 -0.202200
v -2.293189 1.997922 -0.053653
v -2.293189 1.959524 0.005910
v -0.588482 -1.620721 0.122010
v -0.569713 -1.620721 0.231996
v -0.518905 -1.620721 0.325237
v -0.436275 -1.620721 0.387539
v -0.287536 -1.620721 0.423049
v -0.165168 -1.620721 0.325237
v -0.110046 -1.620721 0.231995
v -0.082932 -1.620721 0.122010
v -0.110046 -1.620721 0.012024
v -0.165168 -1.620721 -0.081217
v -0.287536 -1.620721 -0.177741
v -0.535966 -1.620721 -0.101055
v -0.572985 -1.620721 -0.038102
v -0.592292 -1.620721 0.060836
v -0.431567 -2.966925 0.034196
v -0.438997 -2.966925 -0.003900
v -0.422453 -2.966925 -0.087685
v -0.403649 -2.966925 -0.113493
v -0.214221 -2.966925 -0.156200
v -0.139077 -2.966925 -0.092364
v -0.103752 -2.966925 -0.034298
v -0.083932 -2.966925 0.034196
v -0.103752 -2.966925 0.102690
v -0.139077 -2.966925 0.160756
v -0.214221 -2.966925 0.217944
v -0.330967 -2.966925 0.199555
v -0.383698 -2.966925 0.160757
v -0.419162 -2.966925 0.102690
v -0.447709 2.762269 0.246403
v -0.613163 3.560613 0.338927
v -0.516942 2.935306 -0.337791
v -0.506805 2.857136 -0.165332
v -0.514284 2.799631 0.056773
v -0.645959 3.687912 0.177117
v -0.554257 3.437110 -0.556267
v -0.720210 3.481335 -0.223826
v -0.718043 3.540222 0.114450
v -0.618941 3.390514 0.303547
v -0.564408 3.090887 0.379941
v -0.704220 3.162943 0.086360
v -0.704221 3.238029 -0.198387
v -0.549331 3.221192 -0.557943
v -0.220632 4.015836 0.214130
v -0.223596 3.653354 0.568849
v -0.143108 3.350157 0.579525
v -0.251261 3.062922 0.590238
v -0.222219 2.653772 0.411540
v -0.258647 2.673047 0.105306
v -0.258643 2.742434 -0.311838
v -0.220632 2.840394 -0.495579
v -0.220632 3.199369 -0.709671
v -0.132846 3.561361 -0.712075
v -0.112381 3.849495 -0.636094
v -0.119886 4.095972 -0.265215
v -0.123254 3.125373 0.577460
v -0.619133 3.189476 0.291611
v -0.709702 3.341599 0.100284
v -0.709703 3.405857 -0.207890
v -0.549331 3.357268 -0.570314
v -0.220632 3.333460 -0.735759
v -0.131113 3.150817 0.550260
v -0.527186 3.170321 0.384844
v -0.595880 3.342439 0.350470
v -0.185581 3.300568 0.543832
v -0.214395 3.125998 0.564477
v -0.479759 3.145674 0.442649
v -0.303634 3.122882 0.536494
v -0.352473 3.065321 0.541153
v -0.314843 2.690954 0.362931
v -0.325063 2.708356 0.103284
v -0.344361 2.772666 -0.238528
v -0.351342 2.860186 -0.439633
v -0.351341 3.211251 -0.669349
v -0.351341 3.333386 -0.686890
v -0.225414 3.606490 -0.695156
v -0.184020 3.877166 -0.607088
v -0.201168 4.078836 -0.256577
v -0.425526 3.911475 0.197352
v -0.394363 3.647514 0.495607
v -0.344695 3.399921 0.528983
v -0.325796 3.354002 0.513282
v -0.148859 3.216050 0.520388
v -0.093613 3.234680 0.550621
v -0.286970 2.878748 0.547406
v -0.342302 2.908717 0.496465
v -0.539176 2.962547 0.339048
v -0.640639 3.039688 0.073215
v -0.667330 3.125516 -0.183702
v -0.561537 3.127179 -0.519016
v -0.351341 3.117237 -0.639253
v -0.220632 3.105356 -0.681754
v -0.273064 2.769164 0.510169
v -0.336894 2.816155 0.462437
v -0.504114 2.879531 0.306699
v -0.593917 2.940782 0.065375
v -0.624114 3.022493 -0.174942
v -0.549331 3.022385 -0.466935
v -0.351342 2.997041 -0.583411
v -0.220632 2.985164 -0.624353
v -0.124433 3.098469 0.640814
v -0.091857 3.159026 0.644349
v -0.240813 2.987338 0.661188
v -0.238251 2.862578 0.592325
v -0.219777 2.759700 0.529719
v -0.122429 2.664787 0.498030
v -0.144339 2.982034 0.769428
v -0.076280 3.035794 0.751725
v -0.175800 2.940737 0.763227
v -0.204140 2.832610 0.614648
v -0.178463 2.792443 0.549194
v -0.162909 2.724931 0.543993
v -0.052177 2.867802 0.742336
v -0.145272 2.834556 0.697542
v -0.140231 2.811780 0.644202
v -0.114657 2.890411 0.756995
v -0.181042 2.834292 0.696245
v -0.161496 2.802665 0.610820
v -0.086249 2.880328 0.753184
v -0.160324 2.833478 0.699658
v -0.147411 2.809323 0.627359
v -0.034466 2.854360 0.725801
v -0.069970 2.843542 0.682946
v -0.121295 2.816241 0.666427
v -0.035847 2.855857 0.694270
v -0.116446 2.841838 0.646713
v -0.035848 2.867245 0.661123
v -0.122584 2.842993 0.624914
v -0.035855 2.918691 0.623352
v -0.138104 2.845102 0.618207
v -0.035868 2.948020 0.542411
v -0.138106 2.820078 0.579655
v -0.035870 2.921764 0.445602
v -0.138103 2.793868 0.482846
v -0.035865 2.880390 0.350475
v -0.119828 2.786432 0.387719
v -0.099507 2.760269 0.316573
v -0.074145 2.702988 0.275168
v -0.258646 2.702786 -0.110173
v -0.334015 2.738264 -0.083614
v -0.510815 2.826304 -0.046250
v -0.607924 2.978687 -0.046096
v -0.658765 3.079265 -0.045956
v -0.704220 3.197773 -0.045720
v -0.719949 3.371416 -0.044952
v -0.735371 3.505130 -0.029072
v -0.661916 3.681362 0.029779
v -0.256952 4.034599 0.121555
v -0.186405 4.071373 0.035798
v -0.669785 4.748215 -0.229184
v -0.641941 4.840839 -0.207279
v -0.650569 4.577420 -0.387864
v -0.568352 4.602147 -0.392767
v -0.718727 4.198536 -0.447780
v -0.476936 4.302738 -0.512292
v -0.782638 4.163727 -0.338682
v -0.814141 4.163735 -0.271057
v -0.684046 4.823936 -0.138905
v -0.641941 4.899260 -0.029654
v -0.595180 4.203620 -0.215627
v -0.355938 4.316103 0.063256
v -0.704362 4.780677 -0.178003
v -0.349791 4.347370 -0.471738
v -0.353847 4.316106 -0.229876
v -0.496852 4.609699 -0.353701
v -0.496852 4.609699 -0.156444
v -0.496852 4.609698 0.016284
v -0.652500 4.577101 -0.176629
v -0.716296 4.571969 -0.236007
v -0.675160 4.573367 -0.295526
v -0.669784 4.774397 -0.295730
v -0.623280 4.808572 -0.256392
v -0.641941 4.870786 -0.111155
v -0.574531 3.977077 -0.151774
v -0.310244 4.199883 0.073098
v -0.297547 4.155565 -0.259255
v -0.295381 4.119745 -0.507012
v -0.412064 3.941297 -0.644588
v -0.684560 3.886007 -0.487058
v -0.831422 3.779662 -0.313554
v -0.865998 3.779681 -0.232593
v -0.314119 4.099935 0.071615
v -0.283048 4.113464 -0.258101
v -0.288195 4.001359 -0.555107
v -0.349264 3.720146 -0.615090
v -0.556993 3.568266 -0.536138
v -0.775734 3.624102 -0.255324
v -0.756881 3.625662 -0.128155
v -0.626076 3.814428 -0.078294
v -0.733411 3.581043 -0.069645
v -0.638116 3.743881 -0.006691
v -0.301664 4.043789 0.084344
v -0.251317 4.081507 -0.253426
v -0.263061 3.938040 -0.566344
v -0.304755 3.666828 -0.642163
v -0.537980 3.527514 -0.533513
v -0.747454 3.579182 -0.241719
v -0.626024 4.391190 -0.194643
v -0.433112 4.460692 0.037981
v -0.432146 4.460692 -0.190363
v -0.430273 4.475133 -0.408224
v -0.526127 4.450449 -0.447977
v -0.682053 4.389010 -0.415540
v -0.724806 4.370751 -0.315460
v -0.761492 4.370001 -0.252197
v -0.731767 3.535076 -0.234046
v -0.731917 3.548034 -0.055884
v -0.644906 3.712534 0.002991
v -0.284260 4.030072 0.091522
v -0.235488 4.069908 -0.256085
v -0.229421 3.901381 -0.578217
v -0.269642 3.639033 -0.657866
v -0.544114 3.488831 -0.537276
v -0.480659 3.195559 0.423592
v -0.562938 3.308415 0.406488
v -0.339279 3.299621 0.559874
v -0.216449 3.261912 0.578775
v -0.185237 3.228114 0.574497
v -0.237369 3.161819 0.506045
v -0.316230 3.162383 0.503470
v -0.446865 3.178195 0.447703
v -0.167066 3.171738 0.513785
v -0.127144 3.225926 0.543610
v -0.122174 3.146766 0.562296
v -0.229950 3.107337 0.563339
v -0.313832 3.106992 0.523467
v -0.497985 3.130335 0.425886
v -0.569304 3.171844 0.345722
v -0.613734 3.362367 0.329719
v -0.335498 3.371135 0.501686
v -0.165339 3.321844 0.575654
v -0.461052 3.310369 0.476514
v -0.455184 3.362561 0.442657
v -0.466480 3.380126 0.419379
v -0.474450 3.398411 0.437437
v -0.526891 3.630992 0.421816
v -0.529820 3.805704 0.187778
v -0.448555 3.867467 0.078133
v -0.454894 3.879832 0.049635
v -0.460851 3.901892 0.041272
v -0.461716 3.964852 0.000688
v -0.435287 4.094462 -0.033297
v -0.469132 4.262880 -0.068693
v -0.524386 4.427806 -0.072081
v -0.570494 4.594275 -0.074990
v -0.661862 4.863621 -0.081344
v -0.671475 4.828152 -0.142783
v -0.655115 4.797016 -0.217643
v -0.645283 4.771947 -0.275004
v -0.607252 4.590448 -0.390447
v -0.599901 4.421381 -0.432630
v -0.591335 4.253439 -0.481769
v -0.540991 3.915140 -0.570055
v -0.447548 3.648283 -0.577735
v -0.415102 3.600908 -0.590756
v -0.399504 3.567962 -0.600811
v -0.381002 3.526342 -0.629443
v -0.484103 3.357166 -0.621238
v -0.484103 3.221090 -0.616639
v -0.484103 3.127075 -0.575681
v -0.484103 3.014168 -0.528302
v -0.444877 2.899435 -0.400254
v -0.436403 2.819196 -0.181913
v -0.432849 2.787566 -0.048226
v -0.429774 2.760201 0.067434
v -0.382944 2.725967 0.315442
v -0.416012 2.846139 0.396397
v -0.435450 2.934183 0.429631
v -0.446895 3.077416 0.464929
v -0.407222 3.118037 0.497021
v -0.380654 3.133666 0.516024
v -0.379409 3.168205 0.490409
v -0.142622 2.913430 0.759440
v -0.191606 2.829869 0.658925
v -0.173931 2.800820 0.585109
v -0.331872 3.329726 0.542515
v -0.454805 3.341126 0.460040
v -0.582095 3.324711 0.379552
v -0.493072 3.185067 0.428200
v -0.455143 3.164085 0.464297
v -0.380027 3.153094 0.527377
v -0.309969 3.144806 0.546151
v -0.224401 3.146069 0.571772
v -0.155569 3.161434 0.532013
v -0.170380 3.221576 0.548786
v -0.195093 3.284202 0.556310
v -0.480668 3.195459 0.306867
v -0.519964 3.279778 0.273173
v -0.461052 3.310366 0.343200
v -0.216449 3.261910 0.424177
v -0.185237 3.228113 0.424390
v -0.237369 3.161813 0.389320
v -0.316231 3.162372 0.386745
v -0.446867 3.178163 0.330977
v -0.167066 3.171734 0.411959
v -0.379410 3.168187 0.373683
v -0.339279 3.299618 0.405276
v -0.203982 2.701157 -0.243162
v -0.207481 2.642489 0.056742
v -0.207480 2.675658 -0.112889
v -0.090826 2.724874 -0.365110
v -0.100707 2.700340 -0.320808
v -0.078473 2.751344 -0.408899
v -0.112643 2.629163 0.141071
v -0.112177 2.620629 0.100512
v -0.107609 2.625271 0.287254
v -0.161640 2.640628 0.345983
v -0.158952 2.657634 0.125735
v -0.161345 2.638061 0.079203
v -0.151875 2.788724 -0.451864
v -0.151263 2.734498 -0.338328
v -0.153376 2.708223 -0.295152
v -0.300722 -1.418182 0.533540
v -0.107863 -1.418182 0.415738
v -0.023279 -1.418182 0.275794
v -0.006800 -1.418182 0.111026
v -0.024034 -1.418182 -0.054360
v -0.107863 -1.418182 -0.178585
v -0.300722 -1.418182 -0.285620
v -0.635146 -1.418181 -0.193109
v -0.698528 -1.418181 -0.092218
v -0.723002 -1.418181 0.024413
v -0.721742 -1.418181 0.110716
v -0.694796 -1.418181 0.275794
v -0.617289 -1.418181 0.415738
v -0.497843 -1.418181 0.509246
v -0.297476 -1.299039 0.475020
v -0.156724 -1.299039 0.361696
v -0.095569 -1.299039 0.253760
v -0.071220 -1.299039 0.126441
v -0.095569 -1.299039 -0.000878
v -0.156724 -1.299039 -0.108814
v -0.297476 -1.299039 -0.220138
v -0.563402 -1.299039 -0.128370
v -0.605818 -1.299038 -0.050978
v -0.625946 -1.299038 0.055627
v -0.623206 -1.299038 0.126441
v -0.602551 -1.299038 0.253760
v -0.546946 -1.299039 0.361696
v -0.455699 -1.299039 0.433816
v -0.302193 -0.944621 0.533540
v -0.494709 -0.944620 0.509246
v -0.611364 -0.944620 0.415738
v -0.687060 -0.944620 0.275794
v -0.713377 -0.944620 0.110716
v -0.714607 -0.944620 0.024413
v -0.690704 -0.944620 -0.087599
v -0.628804 -0.944620 -0.188490
v -0.302193 -0.944621 -0.281001
v -0.113840 -0.944621 -0.178585
v -0.040740 -0.944621 -0.054360
v -0.014865 -0.944621 0.110716
v -0.040740 -0.944621 0.275794
v -0.113840 -0.944621 0.415738
v -0.301502 -1.166984 0.533540
v -0.496180 -1.166984 0.509246
v -0.614146 -1.166983 0.415738
v -0.690693 -1.166983 0.275794
v -0.717305 -1.166983 0.110716
v -0.718549 -1.166983 0.024413
v -0.694378 -1.166983 -0.089768
v -0.631782 -1.166983 -0.190659
v -0.301502 -1.166984 -0.283170
v -0.111033 -1.166984 -0.178585
v -0.027017 -1.166985 -0.054360
v -0.007359 -1.166985 0.110716
v -0.026168 -1.166985 0.275794
v -0.111033 -1.166985 0.415738
v -1.029591 2.269599 -0.214703
v -1.022271 2.180727 -0.284292
v -1.010638 2.021351 -0.322911
v -0.998898 1.878811 -0.322912
v -0.988320 1.750387 -0.284293
v -0.981000 1.661515 -0.214703
v -0.978388 1.629796 -0.127926
v -0.981000 1.661515 -0.041149
v -0.988320 1.750387 0.028440
v -0.998898 1.878811 0.067059
v -1.010638 2.021351 0.067060
v -1.022271 2.180727 0.028440
v -1.029591 2.269599 -0.041149
v -0.847004 2.286396 -0.221350
v -0.847004 2.181341 -0.332100
v -0.847004 2.051129 -0.373665
v -0.847004 1.915180 -0.373665
v -0.853517 1.764203 -0.338487
v -0.846777 1.639502 -0.246513
v -0.848317 1.595941 -0.128790
v -0.853420 1.651756 -0.015824
v -0.871777 1.765241 0.133464
v -0.883390 1.982653 0.137933
v -0.880398 2.102489 0.100536
v -0.867007 2.268428 0.046308
v -0.847004 2.286396 -0.034557
v -0.962996 2.045726 -0.322912
v -0.971471 2.182190 -0.284292
v -0.977683 2.282206 -0.214703
v -0.977683 2.282206 -0.041149
v -0.972215 2.194173 0.028440
v -0.962996 2.045726 0.067060
v -0.953589 1.894262 0.087201
v -0.945113 1.757797 0.057635
v -0.939248 1.663361 -0.041149
v -0.930690 1.630042 -0.127926
v -0.939248 1.663361 -0.214703
v -0.945113 1.757798 -0.284292
v -0.953589 1.894262 -0.322912
v -0.830527 -0.062560 -0.362777
v -0.555578 -0.139569 -0.504128
v -0.172904 -0.192296 0.681013
v -0.435673 -0.093723 0.632359
v -0.813920 -0.030471 0.376921
v -0.856429 -0.007897 0.094637
v -0.771008 0.256400 -0.237332
v -0.526410 0.253971 -0.384986
v -0.160287 0.256400 0.646747
v -0.392538 0.256400 0.580600
v -0.779999 0.256400 0.300580
v -0.815429 0.256400 0.097983
v -0.811790 1.608019 -0.358913
v -0.552274 1.608019 -0.525605
v -0.160287 1.608019 0.632463
v -0.418401 1.608019 0.554227
v -0.803741 1.608019 0.282196
v -0.830305 1.590825 0.031573
v -0.290254 2.386687 -0.285307
v -0.236159 2.370606 -0.325128
v -0.107714 2.283037 0.356971
v -0.192661 2.327183 0.260631
v -0.320579 2.388800 0.038732
v -0.351381 2.403177 -0.082817
v -0.752241 1.180283 0.070050
v -0.722361 1.180283 0.276574
v -0.332135 1.180283 0.552998
v -0.160287 1.180283 0.620058
v -0.466008 1.180283 -0.406081
v -0.736821 1.180283 -0.255611
v -0.824114 1.807140 0.220281
v -0.428276 1.846284 0.497352
v -0.160287 1.846284 0.572484
v -0.562149 1.847132 -0.539254
v -0.750190 0.554631 0.108761
v -0.722451 0.554631 0.289075
v -0.341911 0.554631 0.551082
v -0.160287 0.554631 0.615121
v -0.475784 0.554631 -0.331984
v -0.736909 0.554631 -0.176754
v -0.455714 0.951650 -0.336429
v -0.722825 0.951650 -0.200790
v -0.735536 0.951650 0.088510
v -0.708071 0.951650 0.278211
v -0.321841 0.951650 0.538244
v -0.160287 0.951650 0.597458
v -0.257583 2.360324 0.198024
v -0.631771 1.846284 0.398315
v -0.619559 1.608019 0.466777
v -0.511047 1.180283 0.446602
v -0.494265 0.951650 0.438254
v -0.515700 0.554631 0.450589
v -0.587576 0.256400 0.474706
v -0.636167 -0.060088 0.549552
v -0.340800 2.399542 -0.022837
v -0.824422 1.608019 0.144425
v -0.737627 1.180283 0.159141
v -0.722209 0.951650 0.174734
v -0.736593 0.554631 0.190304
v -0.797615 0.256400 0.184191
v -0.847613 -0.018613 0.245572
v -0.346526 2.403577 -0.170013
v -0.834867 1.579628 -0.239929
v -0.754627 1.180283 -0.116187
v -0.739528 0.951650 -0.072184
v -0.753845 0.554631 -0.054229
v -0.813820 0.256400 -0.096211
v -0.854971 -0.024061 -0.206259
v -0.146245 2.371578 -0.358485
v -0.253875 1.847132 -0.569982
v -0.252056 1.608019 -0.563254
v -0.236166 1.180283 -0.457354
v -0.234271 0.951650 -0.381059
v -0.237967 0.554631 -0.373686
v -0.247292 0.255740 -0.407596
v -0.218565 -0.243678 -0.520987
v -0.466333 -0.266195 0.654004
v -0.175369 -0.343720 0.681697
v -0.207813 -0.372617 -0.506348
v -0.542433 -0.287056 -0.508084
v -0.837341 -0.199421 -0.361093
v -0.858277 -0.167151 -0.218005
v -0.870796 -0.162423 0.089577
v -0.856229 -0.163635 0.250661
v -0.820609 -0.187352 0.416440
v -0.653822 -0.222845 0.575602
v -0.166285 0.043105 0.671258
v -0.413043 0.089964 0.620064
v -0.610674 0.105952 0.522927
v -0.796124 0.120031 0.344892
v -0.821382 0.125668 0.217875
v -0.837931 0.130762 0.095688
v -0.833382 0.124064 -0.140466
v -0.813234 0.106147 -0.300142
v -0.558646 0.055500 -0.481793
v -0.252641 0.047963 -0.483615
v -0.160288 2.156846 0.400089
v -0.438372 2.222821 0.291294
v -0.644257 2.226503 0.207910
v -0.833382 2.250051 0.063322
v -0.572245 2.251492 -0.401037
v -0.247725 2.252457 -0.418588
v -0.830359 2.140075 0.114526
v -0.640184 2.148434 0.270025
v -0.435078 2.161251 0.382039
v -0.160287 2.114809 0.435121
v -0.826493 2.003946 0.179986
v -0.634977 2.014450 0.349433
v -0.430868 2.019918 0.453414
v -0.160287 2.000223 0.505193
v -0.564782 2.021380 -0.502410
v -0.254360 2.021380 -0.526296
v -0.569270 2.179275 -0.451065
v -0.249219 2.173896 -0.451842
v -0.873652 -0.159939 -0.053532
v -0.860879 -0.015351 -0.039536
v -0.837850 0.127219 -0.016196
v -0.816984 0.256400 0.010912
v -0.754672 0.554631 0.044054
v -0.740206 0.951650 0.020984
v -0.756018 1.180283 -0.016019
v -0.841042 1.554453 -0.108600
v -0.229963 2.406243 -0.239511
v -0.170095 2.396558 -0.304154
v -0.079647 2.307514 0.295825
v -0.140270 2.333952 0.235410
v -0.211786 2.380932 0.135025
v -0.256623 2.398557 0.017275
v -0.273186 2.404517 -0.029605
v -0.279428 2.404517 -0.081722
v -0.276563 2.404517 -0.153300
v -0.082027 2.396558 -0.314902
v -0.407682 -0.439102 0.630082
v -0.185731 -0.450179 0.675554
v -0.186363 -0.435905 -0.496210
v -0.542361 -0.435904 -0.472592
v -0.790727 -0.435903 -0.328378
v -0.830813 -0.435903 -0.196532
v -0.844893 -0.435903 -0.046822
v -0.845315 -0.435903 0.084718
v -0.828766 -0.435903 0.252979
v -0.785129 -0.435903 0.412154
v -0.627956 -0.435903 0.544621
v -2.048251 2.070536 -0.214703
v -2.044102 2.024292 -0.284292
v -2.038155 1.941443 -0.322911
v -2.031501 1.867275 -0.322912
v -2.025506 1.800451 -0.284293
v -2.021357 1.754208 -0.214703
v -2.019876 1.737704 -0.127926
v -2.021357 1.754208 -0.041149
v -2.025506 1.800451 0.028440
v -2.031501 1.867275 0.067059
v -2.038155 1.941443 0.067060
v -2.044102 2.024293 0.028440
v -2.048251 2.070536 -0.041149
v -1.933236 2.143442 0.095112
v -1.940556 2.232315 -0.004149
v -1.940556 2.232314 -0.251704
v -1.933236 2.143442 -0.350964
v -1.921604 1.984066 -0.406050
v -1.909863 1.841527 -0.406051
v -1.899286 1.713102 -0.350965
v -1.891966 1.624230 -0.251703
v -1.889353 1.592511 -0.127926
v -1.891966 1.624230 -0.004149
v -1.899286 1.713102 0.095112
v -1.909863 1.841527 0.150198
v -1.921604 1.984066 0.150198
v -2.163466 2.059108 -0.216406
v -2.159236 2.011957 -0.287360
v -2.153172 1.927482 -0.326737
v -2.146387 1.851859 -0.326738
v -2.140275 1.783724 -0.287361
v -2.136045 1.736573 -0.216406
v -2.134535 1.719745 -0.127926
v -2.136045 1.736573 -0.039447
v -2.140275 1.783724 0.031508
v -2.146387 1.851858 0.070885
v -2.153172 1.927482 0.070886
v -2.159236 2.011957 0.031508
v -2.163466 2.059108 -0.039446
v -1.673214 1.968504 0.067060
v -1.684846 2.106630 0.028440
v -1.692166 2.183652 -0.041149
v -1.692166 2.183652 -0.214703
v -1.684846 2.106629 -0.284292
v -1.673214 1.968504 -0.322911
v -1.661473 1.844970 -0.322912
v -1.650896 1.733669 -0.284293
v -1.643576 1.656646 -0.214703
v -1.640963 1.629156 -0.127926
v -1.643576 1.656646 -0.041149
v -1.650896 1.733668 0.028440
v -1.661473 1.844969 0.067059
v -1.828793 1.981148 0.150198
v -1.840425 2.140381 0.095112
v -1.847745 2.229173 -0.004149
v -1.847745 2.229173 -0.251704
v -1.840425 2.140380 -0.350964
v -1.828793 1.981147 -0.406050
v -1.817053 1.838736 -0.406051
v -1.806475 1.710427 -0.350965
v -1.799155 1.621634 -0.251703
v -1.796542 1.589944 -0.127926
v -1.799155 1.621634 -0.004149
v -1.806475 1.710426 0.095112
v -1.817053 1.838736 0.150198
v -1.604745 1.973965 0.067060
v -1.616378 2.114287 0.028440
v -1.623698 2.192534 -0.041149
v -1.623698 2.192533 -0.214703
v -1.616378 2.114286 -0.284292
v -1.604745 1.973965 -0.322911
v -1.593005 1.848467 -0.322912
v -1.582427 1.735396 -0.284293
v -1.575107 1.657149 -0.214703
v -1.572495 1.629222 -0.127926
v -1.575107 1.657149 -0.041149
v -1.582427 1.735396 0.028440
v -1.593005 1.848466 0.067059
v -1.992010 1.857705 0.067059
v -2.000554 1.957285 0.067060
v -2.008615 2.068577 0.028440
v -2.013942 2.130664 -0.041149
v -2.013942 2.130664 -0.214703
v -2.008615 2.068577 -0.284292
v -2.000554 1.957285 -0.322911
v -1.992010 1.857705 -0.322912
v -1.984312 1.767986 -0.284293
v -1.978984 1.705899 -0.214703
v -1.977083 1.683740 -0.127926
v -1.978984 1.705899 -0.041149
v -1.984312 1.767986 0.028440
v -1.712662 1.842918 0.067059
v -1.724402 1.972664 0.067060
v -1.736035 2.117734 0.028440
v -1.743355 2.198630 -0.041149
v -1.743355 2.198629 -0.214703
v -1.736035 2.117734 -0.284292
v -1.724402 1.972664 -0.322911
v -1.712662 1.842918 -0.322912
v -1.702084 1.726022 -0.284293
v -1.694764 1.645126 -0.214703
v -1.692152 1.616255 -0.127926
v -1.694764 1.645126 -0.041149
v -1.702084 1.726021 0.028440
v -1.265665 2.003306 0.067060
v -1.277297 2.146103 0.028440
v -1.284617 2.225730 -0.041149
v -1.284617 2.225730 -0.214703
v -1.277297 2.146103 -0.284292
v -1.265665 2.003306 -0.322911
v -1.253924 1.875594 -0.322912
v -1.243347 1.760529 -0.284293
v -1.236027 1.680902 -0.214703
v -1.233414 1.652483 -0.127926
v -1.236027 1.680902 -0.041149
v -1.243347 1.760529 0.028440
v -1.253924 1.875594 0.067059
v -0.203238 2.298100 -0.392713
v -0.399571 2.301113 -0.366405
v -0.539246 2.287725 -0.313921
v -0.571787 2.340705 -0.191663
v -0.574594 2.340474 -0.068900
v -0.570741 2.336686 -0.000211
v -0.551038 2.316833 0.049102
v -0.434850 2.302400 0.202193
v -0.310479 2.269918 0.273562
v -0.144082 2.217234 0.356931
v -0.139752 2.254202 0.345984
v -0.209183 2.299501 0.253275
v -0.268894 2.327532 0.190961
v -0.328718 2.351681 0.039045
v -0.347222 2.364142 -0.017379
v -0.355467 2.367676 -0.080366
v -0.351452 2.368023 -0.169374
v -0.304920 2.355488 -0.280180
v -0.266501 2.343833 -0.321463
v -0.179818 2.333135 -0.351938
v -0.406631 -0.511581 0.584217
v -0.175400 -0.511582 0.590194
v -0.204813 -0.511582 -0.372069
v -0.463061 -0.511581 -0.381097
v -0.672418 -0.511581 -0.256983
v -0.722607 -0.511581 -0.127394
v -0.735437 -0.511581 0.007325
v -0.735822 -0.511581 0.120530
v -0.720741 -0.511581 0.264558
v -0.680978 -0.511581 0.396665
v -0.541651 -0.511581 0.510668
v -0.406631 -0.649177 0.559755
v -0.175400 -0.649179 0.565869
v -0.204813 -0.649178 -0.307523
v -0.463061 -0.649178 -0.313064
v -0.660413 -0.649177 -0.224260
v -0.722607 -0.649177 -0.126894
v -0.735437 -0.649177 0.004908
v -0.735822 -0.649177 0.120714
v -0.720741 -0.649177 0.260961
v -0.680978 -0.649177 0.401095
v -0.541651 -0.649177 0.517718
v -0.177076 -0.499383 0.595268
v -0.406827 -0.499276 0.583008
v -0.610584 -0.499276 0.508376
v -0.738843 -0.499275 0.392693
v -0.779236 -0.499275 0.249537
v -0.794556 -0.499275 0.114564
v -0.794164 -0.499275 -0.000309
v -0.781132 -0.499275 -0.135719
v -0.743423 -0.499275 -0.265140
v -0.530750 -0.499276 -0.391082
v -0.201813 -0.499277 -0.381438
v -0.904776 2.240099 0.029553
v -0.918549 2.072354 0.082764
v -0.913664 1.935728 0.111000
v -0.909262 1.761289 0.093208
v -0.888145 1.657917 -0.029269
v -0.881307 1.614044 -0.128331
v -0.885029 1.652168 -0.229625
v -0.891237 1.760802 -0.309716
v -0.892583 1.904075 -0.346721
v -0.897469 2.048260 -0.346721
v -0.901870 2.181792 -0.306719
v -0.905096 2.284172 -0.217821
v -0.905096 2.284172 -0.038057
v -0.195678 -0.408419 -0.500613
v -0.542393 -0.371259 -0.488006
v -0.810971 -0.333198 -0.342586
v -0.842741 -0.319183 -0.205858
v -0.857383 -0.316051 -0.049736
v -0.856382 -0.317130 0.086828
v -0.840693 -0.317656 0.251972
v -0.800538 -0.327957 0.414015
v -0.639190 -0.343372 0.558076
v -0.433243 -0.362199 0.640471
v -0.181216 -0.396240 0.678222
v -1.083912 2.172358 0.028440
v -1.091232 2.258996 -0.041149
v -1.091232 2.258996 -0.214703
v -1.083912 2.172358 -0.284292
v -1.072280 2.016989 -0.322911
v -1.060540 1.878034 -0.322912
v -1.049962 1.752838 -0.284293
v -1.042642 1.666201 -0.214703
v -1.040029 1.635280 -0.127926
v -1.042642 1.666201 -0.041149
v -1.049962 1.752838 0.028440
v -1.060540 1.878033 0.067059
v -1.072280 2.016989 0.067060
v -0.160287 0.759714 0.605997
v -0.331544 0.759714 0.544451
v -0.504628 0.759714 0.444217
v -0.715023 0.759714 0.283463
v -0.729163 0.759714 0.182262
v -0.742620 0.759714 0.098301
v -0.747200 0.759714 0.032137
v -0.746449 0.759714 -0.063504
v -0.729634 0.759714 -0.189170
v -0.465417 0.759714 -0.334280
v -0.236058 0.759714 -0.377495
v -0.140270 2.321900 0.235410
v -0.211786 2.368881 0.135025
v -0.239934 2.385242 0.053527
v -0.273186 2.392465 -0.029605
v -0.279428 2.392465 -0.081722
v -0.276563 2.392466 -0.153300
v -0.229963 2.394192 -0.239511
v -0.170095 2.384507 -0.304154
v -0.082027 2.384507 -0.314902
v -0.310456 -0.653323 0.538630
v -0.629611 -0.653323 -0.198219
v -0.688097 -0.653323 -0.094187
v -0.711312 -0.653323 0.018679
v -0.711473 -0.653323 0.107417
v -0.684535 -0.653323 0.275263
v -0.610627 -0.653323 0.417564
v -0.497950 -0.653323 0.512647
v -2.057528 2.022731 0.028829
v -2.061687 2.069089 -0.040934
v -2.061687 2.069089 -0.214919
v -2.057528 2.022731 -0.284681
v -2.051566 1.939675 -0.323396
v -2.044895 1.865323 -0.323396
v -2.038885 1.798333 -0.284681
v -2.034727 1.751975 -0.214919
v -2.033242 1.735430 -0.127926
v -2.034727 1.751975 -0.040934
v -2.038885 1.798333 0.028829
v -2.044895 1.865323 0.067544
v -2.051566 1.939675 0.067544
v -0.279194 -1.418182 0.502199
v -0.100142 -1.418182 0.394523
v -0.030652 -1.418182 0.264597
v -0.030652 -1.418182 -0.041923
v -0.100142 -1.418182 -0.157256
v -0.279195 -1.418182 -0.254279
v -0.589679 -1.418181 -0.170740
v -0.648523 -1.418181 -0.077071
v -0.671245 -1.418181 0.031211
v -0.670076 -1.418181 0.111336
v -0.645059 -1.418181 0.264597
v -0.573100 -1.418181 0.394523
v -0.462205 -1.418181 0.481337
v -0.135935 -0.027120 -0.527681
v -0.143947 -0.161404 -0.552281
v -0.199176 0.013586 -0.496459
v -0.185820 -0.205436 -0.521418
v -0.146753 2.700921 0.525648
v -0.082497 3.084976 0.708869
v -0.136393 3.028515 0.718096
v -0.201748 2.959336 0.717920
v -0.217754 2.844571 0.605738
v -0.194953 2.779370 0.541422
v -0.047179 -0.645955 0.275263
v -0.012205 -0.645955 0.107405
v -0.046288 -0.662854 -0.060451
v -0.116451 -0.645954 -0.190223
v 0.000028 2.851271 0.659271
v 0.000028 2.826679 0.651723
v 0.000028 2.952254 0.790623
v 0.000028 2.938802 0.788852
v -0.016622 -1.418182 0.125169
v 0.000014 2.688639 -0.333591
v 0.025714 2.827820 0.279329
v 0.020070 2.745909 0.237924
v 2.513009 1.771275 -0.287178
v 2.614146 1.756385 -0.310061
v 2.706329 1.761113 -0.311891
v 2.760218 1.778651 -0.331532
v 2.513008 1.730102 -0.221225
v 2.608192 1.750588 -0.227470
v 2.711241 1.756418 -0.243216
v 2.851854 1.779096 -0.221804
v 2.513008 1.730007 -0.182086
v 2.566376 1.740938 -0.195741
v 2.513008 1.720709 -0.082166
v 2.552247 1.754523 -0.118968
v 2.876041 1.776890 -0.108829
v 2.513009 1.731105 -0.051710
v 2.581928 1.746444 -0.044501
v 2.514010 1.761953 0.041584
v 2.620418 1.751419 0.066282
v 2.755605 1.760416 0.047662
v 2.854033 1.759026 0.030157
v 2.514010 1.952488 0.051660
v 2.602829 1.942782 0.089026
v 2.782447 1.962974 0.086660
v 2.867269 1.982556 0.044976
v 2.513009 2.017625 -0.020525
v 2.622885 1.995625 -0.026682
v 2.762929 1.997759 -0.057598
v 2.885300 1.978776 -0.100471
v 2.513008 2.017625 -0.082913
v 2.616884 2.024703 -0.083643
v 2.753393 2.003420 -0.092204
v 2.885724 1.989796 -0.114999
v 2.513008 2.017625 -0.195648
v 2.611176 2.014558 -0.194420
v 2.743000 2.015694 -0.202023
v 2.859619 1.989011 -0.230226
v 2.513008 2.017625 -0.242476
v 2.604137 1.996022 -0.246334
v 2.739232 2.004160 -0.226184
v 2.853414 1.988119 -0.238779
v 2.513008 1.945521 -0.308066
v 2.592988 1.949348 -0.337390
v 2.719585 1.944351 -0.334292
v 2.771715 1.961576 -0.358714
v 2.801302 1.765265 -0.069732
v 2.857998 1.958576 0.050286
v 2.802186 1.989952 -0.066251
v 2.795337 1.995119 -0.105473
v 2.779176 2.001004 -0.198025
v 2.780081 2.001004 -0.233181
v 2.741804 1.969583 -0.344253
v 2.739149 1.773277 -0.316514
v 2.745546 1.772797 -0.214770
v 2.785773 1.768424 -0.188563
v 2.795465 1.764848 -0.119229
v 2.801940 1.947929 -0.402212
v 2.787675 1.777403 -0.376546
v 2.915072 1.959995 -0.273250
v 2.907156 1.777403 -0.257586
v 2.910115 1.967651 -0.266180
v 2.895332 1.783171 -0.248526
v 2.942697 1.967651 -0.098598
v 2.924204 1.783171 -0.100024
v 2.926182 1.959704 -0.093569
v 2.906596 1.768852 -0.095888
v 2.925719 1.959070 0.059148
v 2.906186 1.769856 0.039443
v 2.847749 1.939600 -0.444279
v 2.825422 1.777403 -0.417322
v 2.969677 1.947472 -0.304798
v 2.934101 1.777403 -0.276140
v 2.939920 1.925509 -0.434481
v 2.908414 1.777403 -0.415944
v 2.984475 1.937965 -0.387526
v 2.960574 1.777403 -0.364009
v 2.985279 1.967651 -0.296178
v 2.958191 1.775996 -0.275312
v 3.012206 1.967651 -0.095465
v 2.985800 1.783170 -0.097248
v 3.035640 1.962707 -0.316821
v 3.004582 1.783170 -0.293269
v 3.069939 1.956712 -0.099179
v 3.035718 1.783170 -0.100444
v 3.127486 1.938882 -0.244617
v 3.082069 1.757182 -0.231696
v 3.137315 1.936704 -0.186026
v 3.091166 1.755054 -0.180825
v 3.007645 1.946879 -0.093039
v 3.002733 1.777862 -0.092841
v 2.993694 1.946339 0.097966
v 2.990370 1.775996 0.076418
v 3.087001 1.929680 -0.083436
v 3.050350 1.789699 -0.086774
v 3.076189 1.925770 0.097094
v 3.041446 1.777403 0.073275
v 3.132030 1.910978 -0.050683
v 3.099485 1.781233 -0.056756
v 3.131151 1.908379 0.024947
v 3.108315 1.773674 0.012634
v 2.664632 1.766305 0.100275
v 2.763640 1.766496 0.101208
v 2.787240 1.942049 0.144471
v 2.650486 1.906432 0.126649
v 2.855535 1.766305 0.050226
v 2.859657 1.906432 0.070760
v 2.693093 1.776575 0.172044
v 2.791127 1.774038 0.161311
v 2.813825 1.942049 0.190358
v 2.681892 1.906432 0.208425
v 2.897093 1.776886 0.114977
v 2.912102 1.906432 0.144026
v 2.751497 1.777403 0.202793
v 2.816274 1.777784 0.191240
v 2.843819 1.942049 0.222829
v 2.747800 1.906432 0.243124
v 2.880958 1.777403 0.166331
v 2.893894 1.906432 0.201978
v 2.801148 1.778275 0.209735
v 2.829515 1.777839 0.204838
v 2.847752 1.906571 0.242906
v 2.803830 1.905108 0.250959
v 2.863736 1.778275 0.192226
v 2.881163 1.905255 0.223245
v 2.396706 1.897452 -0.294817
v 2.396706 1.783021 -0.261762
v 2.396706 1.745489 -0.202200
v 2.396706 1.951686 -0.261762
v 2.396706 1.989218 -0.202200
v 2.396706 1.732094 -0.127926
v 2.396706 1.989218 -0.053653
v 2.396706 1.951686 0.005910
v 2.396706 1.745489 -0.053653
v 2.396706 1.837255 0.038965
v 2.396706 1.897452 0.038965
v 2.513009 1.733542 0.010118
v 2.636311 1.740893 -0.004507
v 2.747539 1.760165 -0.002732
v 2.787477 1.759415 -0.035552
v 2.865035 1.767791 -0.036251
v 2.924778 1.759094 -0.026774
v 3.003060 1.759094 -0.020208
v 3.058124 1.760546 -0.018667
v 3.114098 1.769889 -0.018012
v 3.131598 1.910163 -0.013433
v 3.081676 1.963134 0.005479
v 3.000774 1.987241 0.001036
v 2.925954 1.994059 -0.018352
v 2.865074 2.001355 -0.025707
v 2.821669 1.990692 -0.000177
v 2.772463 1.979487 0.020404
v 2.624310 1.972780 0.021313
v 2.513009 1.994038 0.020035
v 2.514010 1.876288 0.060878
v 2.396706 1.783020 0.005910
v 2.396706 1.837255 -0.294817
v 2.513008 1.866294 -0.316621
v 2.585032 1.859421 -0.348472
v 2.706401 1.859360 -0.346359
v 2.743853 1.883479 -0.353861
v 2.767616 1.872501 -0.371029
v 2.792232 1.864667 -0.428975
v 2.838565 1.860257 -0.474928
v 2.935713 1.852798 -0.468745
v 2.994121 1.849363 -0.404711
v 2.962588 1.851821 -0.304027
v 2.926022 1.856799 -0.282299
v 2.886941 1.881069 -0.248118
v 2.862847 1.886222 -0.235454
v 2.920286 1.874914 -0.268907
v 2.996906 1.874914 -0.307156
v 3.046901 1.872296 -0.326248
v 3.150095 1.853874 -0.251684
v 3.160530 1.852721 -0.190402
v 3.083193 1.869123 -0.098603
v 3.023492 1.874914 -0.094770
v 2.950781 1.874914 -0.098047
v 2.889890 1.886638 -0.112458
v 2.889938 1.877592 -0.102192
v 2.934813 1.858531 -0.092646
v 3.018721 1.860961 -0.092232
v 3.100769 1.851856 -0.082290
v 3.149465 1.841908 -0.047857
v 3.149176 1.840900 -0.008874
v 3.148878 1.839861 0.031292
v 3.089836 1.849530 0.106595
v 3.004128 1.860420 0.107570
v 2.934329 1.857895 0.067105
v 2.866767 1.871906 0.054646
v 2.867201 1.838515 0.071806
v 2.918777 1.836876 0.155752
v 2.899731 1.836876 0.216373
v 2.886105 1.836817 0.238985
v 2.850762 1.837192 0.259286
v 2.805519 1.836817 0.267609
v 2.746908 1.836876 0.259414
v 2.677965 1.836876 0.223116
v 2.645367 1.834706 0.137292
v 2.598495 1.829919 0.090291
v 2.608192 1.723747 -0.226400
v 2.711241 1.735850 -0.243216
v 2.747111 1.731644 -0.216889
v 2.567591 1.719872 -0.187237
v 2.745546 1.741385 -0.232369
v 2.785773 1.747855 -0.188563
v 2.735625 1.730715 -0.117074
v 2.550202 1.731128 -0.113839
v 2.795465 1.744280 -0.119229
v 2.739728 1.723991 -0.060383
v 2.580488 1.723400 -0.049733
v 2.801302 1.744698 -0.069732
v 2.747539 1.739597 -0.002732
v 2.636311 1.719424 -0.005880
v 2.787477 1.738847 -0.035552
v 2.806159 1.992992 -0.232892
v 2.759556 1.966120 -0.349527
v 2.755878 1.878622 -0.360712
v 2.748640 1.776534 -0.323362
v 2.787840 1.775153 -0.217485
v 2.805212 1.774679 -0.200145
v 2.825119 1.770737 -0.124828
v 2.828229 1.771732 -0.085552
v 2.827153 1.763700 -0.035909
v 2.862741 1.970844 0.047570
v 2.843874 1.996146 -0.013237
v 2.833268 1.984235 -0.080604
v 2.830140 1.992396 -0.107193
v 2.808891 1.994869 -0.211345
v 2.965383 1.990466 -0.008135
v 2.961541 1.952361 0.079605
v 2.971112 1.859226 0.088430
v 2.950550 1.773092 0.058928
v 2.966031 1.759094 -0.023314
v 2.957259 1.773600 -0.094282
v 2.979032 1.859812 -0.092428
v 2.969112 1.952945 -0.093290
v 2.984489 1.967651 -0.096714
v 2.994499 1.874914 -0.096077
v 2.961239 1.783171 -0.098355
v 2.933126 1.778857 -0.264632
v 2.960624 1.874914 -0.285954
v 2.953067 1.967651 -0.283572
v 2.872809 1.975072 -0.252809
v 2.895116 1.869008 -0.262004
v 2.867449 1.777403 -0.238718
v 2.777553 1.777155 -0.354643
v 2.777863 1.867457 -0.402901
v 2.787015 1.953127 -0.375478
v 2.772080 1.768812 0.119663
v 2.677210 1.769458 0.118068
v 2.659215 1.835372 0.159400
v 2.663969 1.906432 0.147514
v 2.795403 1.942049 0.158561
v 2.871716 1.906432 0.092201
v 2.894106 1.834591 0.101539
v 2.861306 1.769554 0.069052
v 2.443060 1.764030 0.025575
v 2.447811 1.731932 -0.029124
v 2.460418 1.707511 -0.064378
v 2.460418 1.705965 -0.098374
v 2.443060 1.726025 -0.178350
v 2.443060 1.721175 -0.219376
v 2.443060 1.768320 -0.280096
v 2.443060 1.862564 -0.311882
v 2.443060 1.936088 -0.303730
v 2.443060 1.996544 -0.238312
v 2.443060 2.007393 -0.190544
v 2.443060 2.007393 -0.079577
v 2.443060 1.999792 -0.026108
v 2.443060 1.936796 0.027848
v 2.443060 1.884447 0.050350
v 2.443060 1.829371 0.057598
v 2.174747 2.013873 -0.202204
v 2.172739 1.981892 -0.260930
v 2.168705 1.917679 -0.293778
v 2.164700 1.853910 -0.293777
v 2.161092 1.796456 -0.260927
v 2.158594 1.756698 -0.201735
v 2.157703 1.742509 -0.127923
v 2.158594 1.756701 -0.054112
v 2.161092 1.796461 0.005079
v 2.164701 1.853916 0.037927
v 2.168706 1.917685 0.037926
v 2.172197 1.973275 0.005908
v 2.174748 2.013878 -0.053657
v 2.345604 1.900016 0.038965
v 2.345604 1.839820 0.038965
v 2.343179 1.785585 0.005910
v 2.343179 1.748053 -0.053653
v 2.343179 1.734658 -0.127926
v 2.343179 1.748053 -0.202200
v 2.343179 1.785585 -0.261762
v 2.343179 1.839820 -0.294817
v 2.345604 1.900016 -0.294817
v 2.345604 1.954250 -0.261762
v 2.345604 1.991782 -0.202200
v 2.345604 1.991782 -0.053653
v 2.345604 1.954250 0.005910
v 0.079647 2.292478 0.295825
v 0.422453 -2.877316 -0.086545
v 0.403649 -2.877316 -0.112128
v 0.214221 -2.877316 -0.154684
v 0.153372 -2.877316 -0.091183
v 0.118046 -2.877316 -0.033621
v 0.098226 -2.877316 0.034279
v 0.118046 -2.877316 0.102178
v 0.153372 -2.877316 0.159740
v 0.214221 -2.877316 0.210659
v 0.330967 -2.877316 0.192649
v 0.383698 -2.877316 0.159740
v 0.419162 -2.877316 0.102178
v 0.431567 -2.877316 0.034279
v 0.283752 -1.688663 0.410234
v 0.166184 -1.688663 0.315926
v 0.112673 -1.688663 0.225953
v 0.085983 -1.688663 0.119822
v 0.112673 -1.688663 0.013691
v 0.166184 -1.688663 -0.076282
v 0.283752 -1.688663 -0.169499
v 0.527852 -1.688663 -0.096120
v 0.563416 -1.688663 -0.036435
v 0.578416 -1.688663 0.119822
v 0.560126 -1.688663 0.225953
v 0.510506 -1.688663 0.315926
v 0.430087 -1.688663 0.376045
v 0.291235 -1.554312 0.435574
v 0.164175 -1.554312 0.334337
v 0.107478 -1.554312 0.237902
v 0.079951 -1.554312 0.124148
v 0.107478 -1.554312 0.010394
v 0.164175 -1.554312 -0.086041
v 0.291235 -1.554312 -0.185797
v 0.543898 -1.554311 -0.105879
v 0.582339 -1.554311 -0.039732
v 0.598320 -1.554311 0.124148
v 0.579084 -1.554311 0.237902
v 0.527113 -1.554311 0.334337
v 0.442323 -1.554311 0.398774
v 0.275212 -1.929272 0.280908
v 0.168656 -1.929271 0.198052
v 0.118932 -1.929250 0.114571
v 0.093545 -1.929211 0.016098
v 0.118933 -1.929141 -0.099464
v 0.168659 -1.929069 -0.182957
v 0.275230 -1.928988 -0.274886
v 0.509375 -1.929083 -0.202794
v 0.541879 -1.929164 -0.149590
v 0.555798 -1.929233 0.016097
v 0.538575 -1.929272 0.114570
v 0.491620 -1.929283 0.198051
v 0.416157 -1.929277 0.253833
v 0.566574 -1.814618 0.065515
v 0.548842 -1.814639 0.167636
v 0.500618 -1.814644 0.254210
v 0.422794 -1.814641 0.312058
v 0.279281 -1.814639 0.342523
v 0.167478 -1.814638 0.254211
v 0.115950 -1.814628 0.167637
v 0.089942 -1.814607 0.065515
v 0.115950 -1.814570 -0.036609
v 0.167480 -1.814532 -0.123189
v 0.279290 -1.814490 -0.215328
v 0.518178 -1.814539 -0.143026
v 0.552140 -1.814582 -0.086735
v 0.442998 -2.788302 0.027356
v 0.430267 -2.788302 0.096736
v 0.394089 -2.788302 0.155554
v 0.339757 -2.788302 0.194855
v 0.221373 -2.788302 0.213216
v 0.157498 -2.788302 0.155554
v 0.121245 -2.788302 0.096736
v 0.101597 -2.788302 0.027356
v 0.121245 -2.788302 -0.042025
v 0.157498 -2.788302 -0.100843
v 0.221373 -2.788302 -0.165771
v 0.413827 -2.788302 -0.120681
v 0.433558 -2.788302 -0.092151
v 0.451108 -2.694457 0.022576
v 0.438147 -2.694457 0.095554
v 0.401462 -2.694457 0.157422
v 0.345993 -2.694457 0.198761
v 0.226448 -2.694457 0.218046
v 0.160426 -2.694457 0.157422
v 0.123514 -2.694457 0.095554
v 0.103989 -2.694457 0.022576
v 0.123514 -2.694457 -0.050402
v 0.160426 -2.694457 -0.112270
v 0.226448 -2.694457 -0.180593
v 0.421048 -2.694457 -0.132108
v 0.441438 -2.694457 -0.100529
v 0.539430 -2.063924 -0.007253
v 0.522832 -2.063947 0.087644
v 0.477355 -2.063953 0.168094
v 0.404838 -2.063950 0.221850
v 0.267021 -2.063947 0.246736
v 0.166656 -2.063946 0.168095
v 0.118990 -2.063934 0.087645
v 0.094536 -2.063911 -0.007252
v 0.118990 -2.063870 -0.119237
v 0.166658 -2.063828 -0.199693
v 0.267032 -2.063780 -0.289511
v 0.495395 -2.063836 -0.219531
v 0.526130 -2.063883 -0.169363
v 0.303005 -0.682955 0.533540
v 0.117142 -0.682955 0.415738
v 0.045009 -0.682955 0.275794
v 0.015483 -0.682956 0.110716
v 0.045005 -0.712529 -0.054360
v 0.117138 -0.682955 -0.178585
v 0.303006 -0.682955 -0.278449
v 0.625300 -0.682954 -0.185938
v 0.686382 -0.682954 -0.085047
v 0.708754 -0.682954 0.110716
v 0.682786 -0.682954 0.275794
v 0.608090 -0.682954 0.415738
v 0.492977 -0.682955 0.509246
v 0.119801 -0.624398 0.455212
v 0.055259 -0.608520 0.273287
v 0.051064 -0.640225 -0.083126
v 0.156022 -0.642247 -0.263894
v 0.310241 -0.641473 -0.259442
v 0.438997 -2.877316 -0.003487
v 0.450247 -2.788302 -0.011233
v 0.458229 -2.694457 -0.018014
v 0.544533 -2.063901 -0.069538
v 0.560556 -1.929194 -0.048178
v 0.571046 -1.814598 0.008714
v 0.582573 -1.688663 0.060793
v 0.601792 -1.554311 0.060879
v 0.709968 -0.682954 0.024413
v 0.186070 2.410216 -0.210501
v 0.111637 2.406291 -0.270217
v 0.060320 2.406291 0.130151
v 0.140563 2.406266 0.106810
v 0.191632 2.406292 0.043073
v 0.210489 2.406292 0.005553
v 0.225659 2.406293 -0.037753
v 0.231376 2.406293 -0.085896
v 0.228753 2.406294 -0.143635
v 0.055793 2.406291 -0.275181
v 0.138447 2.671341 -0.240243
v 0.089375 2.681774 -0.290686
v 0.055871 2.599480 0.108070
v 0.120179 2.607250 0.091211
v 0.175180 2.620351 0.031581
v 0.185744 2.629335 -0.009331
v 0.197464 2.639704 -0.056551
v 0.189191 2.648307 -0.111754
v 0.178548 2.657642 -0.187176
v 0.034823 2.684583 -0.307906
v 0.056917 2.564368 0.086995
v 0.103012 2.564382 0.063801
v 0.154667 2.564397 0.017872
v 0.161794 2.564402 -0.011911
v 0.172507 2.564404 -0.052529
v 0.175504 2.564408 -0.095676
v 0.174129 2.564411 -0.136578
v 0.148326 2.564408 -0.192125
v 0.106369 2.564400 -0.239082
v 0.052174 2.564387 -0.244939
v 0.051727 2.480040 0.077981
v 0.105823 2.480044 0.056382
v 0.159946 2.480065 0.012608
v 0.169401 2.480069 -0.015559
v 0.181062 2.480071 -0.048070
v 0.184610 2.480072 -0.089819
v 0.182982 2.480071 -0.127559
v 0.155776 2.480067 -0.181909
v 0.109180 2.480059 -0.224693
v 0.047879 2.480049 -0.230041
v 0.422453 -3.038372 -0.093540
v 0.403649 -3.038372 -0.120604
v 0.214221 -3.038372 -0.165226
v 0.127681 -3.038372 -0.098446
v 0.092355 -3.038372 -0.037552
v 0.072535 -3.038372 0.034278
v 0.092355 -3.038372 0.106109
v 0.127681 -3.038372 0.167003
v 0.214221 -3.038372 0.227142
v 0.330967 -3.038372 0.207692
v 0.383698 -3.038372 0.167003
v 0.419162 -3.038372 0.106109
v 0.431567 -3.038372 0.034279
v 0.438997 -3.038372 -0.005673
v 0.581416 -3.200880 -0.057531
v 0.490470 -3.200880 -0.144885
v 0.214221 -3.200880 -0.197549
v 0.084914 -3.200880 -0.098808
v 0.049588 -3.200880 -0.004059
v 0.029769 -3.200880 0.107706
v 0.037675 -3.200880 0.219470
v 0.054807 -3.179027 0.314219
v 0.214221 -3.191234 0.408306
v 0.397477 -3.191234 0.390284
v 0.576418 -3.179027 0.354341
v 0.588051 -3.200880 0.219470
v 0.590530 -3.200880 0.126454
v 0.597960 -3.200880 0.060314
v 0.581416 -3.432908 0.029736
v 0.490470 -3.432908 -0.041575
v 0.214221 -3.432908 -0.065572
v 0.084914 -3.432908 0.012891
v 0.049588 -3.432908 0.091500
v 0.029769 -3.432908 0.184225
v 0.037675 -3.432908 0.276950
v 0.048489 -3.432908 0.355559
v 0.572597 -3.432908 0.396734
v 0.588051 -3.432908 0.276950
v 0.590530 -3.432908 0.184225
v 0.597960 -3.432908 0.114076
v 0.496997 -3.546374 0.199037
v 0.428782 -3.546374 0.156521
v 0.233299 -3.546374 0.156201
v 0.141380 -3.546374 0.195960
v 0.114883 -3.546374 0.226762
v 0.099238 -3.546374 0.281926
v 0.104153 -3.546374 0.325006
v 0.118798 -3.546374 0.400977
v 0.250061 -3.546374 0.450258
v 0.380067 -3.546374 0.426490
v 0.507169 -3.546374 0.417014
v 0.518760 -3.546374 0.358035
v 0.522414 -3.546374 0.313613
v 0.510185 -3.546374 0.256207
v 0.087575 -3.212438 0.508398
v 0.087575 -3.440278 0.553858
v 0.214221 -3.212438 0.613845
v 0.214221 -3.406918 0.707874
v 0.442808 -3.212438 0.570246
v 0.445066 -3.406918 0.668759
v 0.540138 -3.212438 0.508399
v 0.540138 -3.419451 0.553858
v 0.143375 -3.549280 0.521655
v 0.250482 -3.549280 0.575558
v 0.409089 -3.549280 0.546579
v 0.482823 -3.549280 0.492030
v 0.370958 -3.546374 0.345566
v 0.244364 -3.546374 0.350316
v 0.365969 -3.546374 0.301245
v 0.241754 -3.546374 0.304539
v 0.426390 -3.546374 0.230068
v 0.152863 -0.166946 -0.521852
v 0.145364 -0.021015 -0.509387
v 0.094113 -0.141448 -4.086581
v 0.089395 -0.049460 -4.086582
v 0.130080 -0.153059 -1.001567
v 0.121861 -0.036312 -0.968280
v 0.115205 -0.150129 -1.688920
v 0.115469 -0.039679 -1.662682
v 0.107368 -0.137176 -2.521013
v 0.101542 -0.052742 -2.503754
v 0.100108 -0.132404 -3.375232
v 0.094889 -0.057870 -3.367556
v 0.095805 -0.138895 -3.885788
v 0.090945 -0.051834 -3.883623
v 0.098040 -0.135524 -3.620593
v 0.092994 -0.054969 -3.615564
v 0.111191 -0.143495 -2.115106
v 0.108336 -0.046369 -2.093466
v 0.103336 -0.134525 -2.995476
v 0.097846 -0.055591 -2.983539
v 0.122728 -0.151611 -1.341285
v 0.118702 -0.037976 -1.311482
v 0.132650 -0.154489 -0.745736
v 0.124217 -0.034738 -0.709689
v 0.134262 -0.155385 -0.585330
v 0.125694 -0.033751 -0.547551
v 0.237739 -3.546374 0.234106
v 2.293189 1.904036 0.038965
v 2.293189 1.842450 0.038965
v 2.291428 1.786962 0.005910
v 2.291428 1.748564 -0.053653
v 2.291428 1.734859 -0.127926
v 2.291428 1.748564 -0.202200
v 2.291428 1.786963 -0.261762
v 2.291428 1.842450 -0.294817
v 2.293189 1.904036 -0.294817
v 2.293189 1.959524 -0.261762
v 2.293189 1.997922 -0.202200
v 2.293189 1.997922 -0.053653
v 2.293189 1.959524 0.005910
v 0.588482 -1.620721 0.122010
v 0.569713 -1.620721 0.231996
v 0.518905 -1.620721 0.325237
v 0.436275 -1.620721 0.387539
v 0.287536 -1.620721 0.423049
v 0.165168 -1.620721 0.325237
v 0.110046 -1.620721 0.231995
v 0.082932 -1.620721 0.122010
v 0.110046 -1.620721 0.012024
v 0.165168 -1.620721 -0.081217
v 0.287536 -1.620721 -0.177741
v 0.535966 -1.620721 -0.101055
v 0.572985 -1.620721 -0.038102
v 0.592292 -1.620721 0.060836
v 0.431567 -2.966925 0.034196
v 0.438997 -2.966925 -0.003900
v 0.422453 -2.966925 -0.087685
v 0.403649 -2.966925 -0.113493
v 0.214221 -2.966925 -0.156200
v 0.139078 -2.966925 -0.092364
v 0.103752 -2.966925 -0.034298
v 0.083932 -2.966925 0.034196
v 0.103752 -2.966925 0.102690
v 0.139078 -2.966925 0.160756
v 0.214221 -2.966925 0.217944
v 0.330967 -2.966925 0.199555
v 0.383698 -2.966925 0.160757
v 0.419162 -2.966925 0.102690
v 0.447763 2.762267 0.246403
v 0.613219 3.560608 0.338927
v 0.516997 2.935297 -0.337791
v 0.506860 2.857129 -0.165332
v 0.514337 2.799626 0.056773
v 0.646013 3.687907 0.177117
v 0.554309 3.437139 -0.556267
v 0.720259 3.481355 -0.223826
v 0.718099 3.540216 0.114450
v 0.618998 3.390509 0.303547
v 0.564464 3.090899 0.379941
v 0.704277 3.162946 0.086360
v 0.704276 3.238040 -0.198387
v 0.549386 3.221189 -0.557943
v 0.220687 4.015826 0.214130
v 0.223652 3.653349 0.568849
v 0.143164 3.350158 0.579525
v 0.251316 3.062918 0.590238
v 0.222269 2.653783 0.411540
v 0.258690 2.673035 0.105306
v 0.258695 2.742437 -0.311838
v 0.220688 2.840391 -0.495579
v 0.220689 3.199372 -0.709671
v 0.132902 3.561364 -0.712075
v 0.112434 3.849501 -0.636094
v 0.119941 4.095980 -0.265215
v 0.123310 3.125374 0.577460
v 0.619189 3.189476 0.291611
v 0.709758 3.341602 0.100284
v 0.709757 3.405866 -0.207890
v 0.549387 3.357271 -0.570314
v 0.220688 3.333455 -0.735759
v 0.131169 3.150816 0.550260
v 0.527243 3.170327 0.384844
v 0.595936 3.342443 0.350470
v 0.185637 3.300564 0.543832
v 0.214452 3.125998 0.564477
v 0.479815 3.145681 0.442649
v 0.303691 3.122886 0.536494
v 0.352529 3.065332 0.541153
v 0.314895 2.690960 0.362931
v 0.325112 2.708347 0.103284
v 0.344415 2.772661 -0.238528
v 0.351397 2.860180 -0.439633
v 0.351398 3.211253 -0.669349
v 0.351398 3.333383 -0.686890
v 0.225468 3.606506 -0.695156
v 0.184069 3.877183 -0.607088
v 0.201212 4.078833 -0.256577
v 0.425581 3.911456 0.197352
v 0.394419 3.647511 0.495607
v 0.344751 3.399919 0.528983
v 0.325853 3.354002 0.513282
v 0.148916 3.216049 0.520388
v 0.093669 3.234678 0.550621
v 0.287024 2.878753 0.547406
v 0.342356 2.908724 0.496465
v 0.539231 2.962547 0.339048
v 0.640694 3.039683 0.073215
v 0.667385 3.125518 -0.183702
v 0.561592 3.127180 -0.519016
v 0.351398 3.117239 -0.639253
v 0.220689 3.105360 -0.681754
v 0.273119 2.769171 0.510169
v 0.336948 2.816165 0.462437
v 0.504169 2.879533 0.306699
v 0.593971 2.940783 0.065375
v 0.624169 3.022481 -0.174942
v 0.549387 3.022388 -0.466935
v 0.351398 2.997046 -0.583411
v 0.220688 2.985162 -0.624353
v 0.124489 3.098477 0.640814
v 0.091912 3.159026 0.644349
v 0.240868 2.987330 0.661188
v 0.238306 2.862578 0.592325
v 0.219832 2.759707 0.529719
v 0.122482 2.664791 0.498030
v 0.144394 2.982049 0.769428
v 0.076334 3.035800 0.751725
v 0.175855 2.940750 0.763227
v 0.204196 2.832610 0.614648
v 0.178520 2.792442 0.549194
v 0.162965 2.724931 0.543993
v 0.052234 2.867803 0.742336
v 0.145328 2.834559 0.697542
v 0.140288 2.811780 0.644202
v 0.114714 2.890413 0.756995
v 0.181098 2.834297 0.696245
v 0.161552 2.802664 0.610820
v 0.086306 2.880329 0.753184
v 0.160380 2.833482 0.699658
v 0.147468 2.809322 0.627359
v 0.034521 2.854381 0.725801
v 0.070027 2.843542 0.682946
v 0.121352 2.816241 0.666427
v 0.035903 2.855863 0.694270
v 0.116501 2.841841 0.646713
v 0.035903 2.867261 0.661123
v 0.122641 2.842994 0.624914
v 0.035903 2.918793 0.623352
v 0.138160 2.845119 0.618207
v 0.035903 2.948267 0.542411
v 0.138160 2.820113 0.579655
v 0.035902 2.922014 0.445602
v 0.138156 2.793833 0.482846
v 0.035903 2.880588 0.350475
v 0.119874 2.786390 0.387719
v 0.099558 2.760199 0.316573
v 0.074201 2.703006 0.275168
v 0.258691 2.702782 -0.110173
v 0.334065 2.738260 -0.083614
v 0.510869 2.826303 -0.046250
v 0.607978 2.978681 -0.046096
v 0.658821 3.079256 -0.045956
v 0.704276 3.197778 -0.045720
v 0.720005 3.371409 -0.044952
v 0.735422 3.505141 -0.029072
v 0.661961 3.681380 0.029779
v 0.257001 4.034610 0.121555
v 0.186457 4.071387 0.035798
v 0.669785 4.748215 -0.229184
v 0.641941 4.840839 -0.207279
v 0.650570 4.577420 -0.387864
v 0.568352 4.602147 -0.392767
v 0.718736 4.198542 -0.447780
v 0.476941 4.302740 -0.512292
v 0.782646 4.163733 -0.338682
v 0.814151 4.163739 -0.271057
v 0.684046 4.823936 -0.138905
v 0.641941 4.899260 -0.029654
v 0.595185 4.203617 -0.215627
v 0.355940 4.316099 0.063256
v 0.704362 4.780677 -0.178003
v 0.349794 4.347368 -0.471738
v 0.353849 4.316102 -0.229876
v 0.496852 4.609699 -0.353701
v 0.496852 4.609698 -0.156444
v 0.496852 4.609698 0.016284
v 0.652500 4.577101 -0.176629
v 0.716296 4.571969 -0.236007
v 0.675160 4.573367 -0.295526
v 0.669784 4.774397 -0.295730
v 0.623280 4.808572 -0.256392
v 0.641941 4.870786 -0.111155
v 0.574546 3.977070 -0.151774
v 0.310250 4.199869 0.073098
v 0.297555 4.155554 -0.259255
v 0.295394 4.119760 -0.507012
v 0.412087 3.941377 -0.644588
v 0.684584 3.886051 -0.487058
v 0.831442 3.779677 -0.313554
v 0.866020 3.779683 -0.232593
v 0.314136 4.099890 0.071615
v 0.283064 4.113448 -0.258101
v 0.288220 4.001401 -0.555107
v 0.349301 3.720218 -0.615090
v 0.557030 3.568316 -0.536138
v 0.775765 3.624125 -0.255324
v 0.756913 3.625661 -0.128155
v 0.626102 3.814421 -0.078294
v 0.733450 3.581051 -0.069645
v 0.638152 3.743884 -0.006691
v 0.301695 4.043745 0.084344
v 0.251344 4.081491 -0.253426
v 0.263096 3.938082 -0.566344
v 0.304800 3.666878 -0.642163
v 0.538023 3.527558 -0.533513
v 0.747492 3.579206 -0.241719
v 0.626025 4.391189 -0.194643
v 0.433113 4.460691 0.037981
v 0.432147 4.460691 -0.190363
v 0.430274 4.475132 -0.408224
v 0.526128 4.450449 -0.447977
v 0.682055 4.389012 -0.415540
v 0.724808 4.370753 -0.315460
v 0.761495 4.370003 -0.252197
v 0.731811 3.535101 -0.234046
v 0.731963 3.548047 -0.055884
v 0.644947 3.712541 0.002991
v 0.284300 4.030046 0.091522
v 0.235523 4.069892 -0.256085
v 0.229464 3.901412 -0.578217
v 0.269693 3.639064 -0.657866
v 0.544161 3.488869 -0.537276
v 0.480715 3.195561 0.423592
v 0.562994 3.308421 0.406488
v 0.339336 3.299620 0.559874
v 0.216506 3.261914 0.578775
v 0.185293 3.228112 0.574497
v 0.237424 3.161819 0.506045
v 0.316285 3.162379 0.503470
v 0.446920 3.178201 0.447703
v 0.167122 3.171736 0.513785
v 0.127201 3.225925 0.543610
v 0.122230 3.146766 0.562296
v 0.230007 3.107339 0.563339
v 0.313889 3.106998 0.523467
v 0.498041 3.130344 0.425886
v 0.569360 3.171851 0.345722
v 0.613791 3.362365 0.329719
v 0.335555 3.371135 0.501686
v 0.165395 3.321843 0.575654
v 0.461108 3.310371 0.476514
v 0.455240 3.362564 0.442657
v 0.466537 3.380129 0.419379
v 0.474507 3.398413 0.437437
v 0.526948 3.630992 0.421816
v 0.529875 3.805683 0.187778
v 0.448601 3.867473 0.078133
v 0.454935 3.879826 0.049635
v 0.460885 3.901875 0.041272
v 0.461738 3.964830 0.000688
v 0.435297 4.094451 -0.033297
v 0.469135 4.262876 -0.068693
v 0.524386 4.427805 -0.072081
v 0.570494 4.594275 -0.074990
v 0.661862 4.863621 -0.081344
v 0.671475 4.828152 -0.142783
v 0.655115 4.797016 -0.217643
v 0.645283 4.771947 -0.275004
v 0.607252 4.590448 -0.390447
v 0.599903 4.421382 -0.432630
v 0.591343 4.253444 -0.481769
v 0.541016 3.915213 -0.570055
v 0.447585 3.648354 -0.577735
v 0.415146 3.600960 -0.590756
v 0.399553 3.567999 -0.600811
v 0.381054 3.526371 -0.629443
v 0.484159 3.357167 -0.621238
v 0.484159 3.221094 -0.616639
v 0.484159 3.127079 -0.575681
v 0.484158 3.014164 -0.528302
v 0.444933 2.899419 -0.400254
v 0.436458 2.819187 -0.181913
v 0.432903 2.787561 -0.048226
v 0.429827 2.760193 0.067434
v 0.382997 2.725969 0.315442
v 0.416066 2.846147 0.396397
v 0.435504 2.934189 0.429631
v 0.446951 3.077430 0.464929
v 0.407279 3.118044 0.497021
v 0.380710 3.133671 0.516024
v 0.379464 3.168203 0.490409
v 0.142678 2.913437 0.759440
v 0.191662 2.829869 0.658925
v 0.173987 2.800819 0.585109
v 0.331928 3.329725 0.542515
v 0.454862 3.341129 0.460040
v 0.582151 3.324718 0.379552
v 0.493128 3.185072 0.428200
v 0.455199 3.164091 0.464297
v 0.380084 3.153094 0.527377
v 0.310026 3.144805 0.546151
v 0.224458 3.146067 0.571772
v 0.155625 3.161433 0.532013
v 0.170437 3.221578 0.548786
v 0.195149 3.284195 0.556310
v 0.480711 3.195510 0.306867
v 0.520008 3.279796 0.273173
v 0.461108 3.310366 0.343200
v 0.216504 3.261901 0.424177
v 0.185293 3.228106 0.424390
v 0.237424 3.161818 0.389320
v 0.316285 3.162379 0.386745
v 0.446917 3.178167 0.330977
v 0.167122 3.171737 0.411959
v 0.379464 3.168200 0.373683
v 0.339336 3.299621 0.405276
v 0.204021 2.701154 -0.243162
v 0.207511 2.642477 0.056742
v 0.207513 2.675653 -0.112889
v 0.090871 2.724884 -0.365110
v 0.100741 2.700353 -0.320808
v 0.078524 2.751349 -0.408899
v 0.112669 2.629150 0.141071
v 0.112194 2.620624 0.100512
v 0.107647 2.625265 0.287254
v 0.161685 2.640630 0.345983
v 0.158986 2.657617 0.125735
v 0.161368 2.638052 0.079203
v 0.151930 2.788724 -0.451864
v 0.151311 2.734506 -0.338328
v 0.153415 2.708229 -0.295152
v 0.300722 -1.418182 0.533540
v 0.107863 -1.418182 0.415738
v 0.023279 -1.418182 0.275794
v 0.006800 -1.418182 0.111026
v 0.024034 -1.418182 -0.054360
v 0.107863 -1.418182 -0.178585
v 0.300722 -1.418182 -0.285620
v 0.635146 -1.418181 -0.193109
v 0.698528 -1.418181 -0.092218
v 0.723002 -1.418181 0.024413
v 0.721742 -1.418181 0.110716
v 0.694796 -1.418181 0.275794
v 0.617289 -1.418181 0.415738
v 0.497843 -1.418181 0.509246
v 0.297476 -1.299039 0.475020
v 0.156724 -1.299039 0.361696
v 0.095569 -1.299039 0.253760
v 0.071220 -1.299039 0.126441
v 0.095569 -1.299039 -0.000878
v 0.156724 -1.299039 -0.108814
v 0.297476 -1.299039 -0.220138
v 0.563402 -1.299039 -0.128370
v 0.605818 -1.299038 -0.050978
v 0.625946 -1.299038 0.055627
v 0.623206 -1.299038 0.126441
v 0.602551 -1.299038 0.253760
v 0.546946 -1.299039 0.361696
v 0.455699 -1.299039 0.433816
v 0.302193 -0.944621 0.533540
v 0.494709 -0.944620 0.509246
v 0.611364 -0.944620 0.415738
v 0.687060 -0.944620 0.275794
v 0.713377 -0.944620 0.110716
v 0.714607 -0.944620 0.024413
v 0.690704 -0.944620 -0.087599
v 0.628804 -0.944620 -0.188490
v 0.302193 -0.944621 -0.281001
v 0.113840 -0.944621 -0.178585
v 0.040740 -0.944621 -0.054360
v 0.014865 -0.944621 0.110716
v 0.040740 -0.944621 0.275794
v 0.113840 -0.944621 0.415738
v 0.301502 -1.166984 0.533540
v 0.496180 -1.166984 0.509246
v 0.614146 -1.166983 0.415738
v 0.690693 -1.166983 0.275794
v 0.717305 -1.166983 0.110716
v 0.718549 -1.166983 0.024413
v 0.694378 -1.166983 -0.089768
v 0.631782 -1.166983 -0.190659
v 0.301502 -1.166984 -0.283170
v 0.111033 -1.166984 -0.178585
v 0.027017 -1.166985 -0.054360
v 0.007359 -1.166985 0.110716
v 0.026168 -1.166985 0.275794
v 0.111033 -1.166985 0.415738
v 1.029591 2.269599 -0.214703
v 1.022271 2.180727 -0.284292
v 1.010638 2.021351 -0.322911
v 0.998898 1.878811 -0.322912
v 0.988320 1.750387 -0.284293
v 0.981000 1.661515 -0.214703
v 0.978388 1.629796 -0.127926
v 0.981000 1.661515 -0.041149
v 0.988320 1.750387 0.028440
v 0.998898 1.878811 0.067059
v 1.010638 2.021351 0.067060
v 1.022271 2.180727 0.028440
v 1.029591 2.269599 -0.041149
v 0.847004 2.286396 -0.221350
v 0.847004 2.181341 -0.332100
v 0.847004 2.051129 -0.373665
v 0.847004 1.915180 -0.373665
v 0.853517 1.764203 -0.338487
v 0.846777 1.639502 -0.246513
v 0.848317 1.595941 -0.128790
v 0.853420 1.651756 -0.015824
v 0.871777 1.765241 0.133464
v 0.883390 1.982653 0.137933
v 0.880398 2.102489 0.100536
v 0.867007 2.268428 0.046308
v 0.847004 2.286396 -0.034557
v 0.962996 2.045726 -0.322912
v 0.971471 2.182190 -0.284292
v 0.977683 2.282206 -0.214703
v 0.977683 2.282206 -0.041149
v 0.972215 2.194173 0.028440
v 0.962996 2.045726 0.067060
v 0.953589 1.894262 0.087201
v 0.945113 1.757797 0.057635
v 0.939248 1.663361 -0.041149
v 0.930690 1.630042 -0.127926
v 0.939248 1.663361 -0.214703
v 0.945113 1.757798 -0.284292
v 0.953589 1.894262 -0.322912
v 0.830527 -0.062560 -0.362777
v 0.555578 -0.139569 -0.504128
v 0.172904 -0.192296 0.681013
v 0.435673 -0.093723 0.632359
v 0.813920 -0.030471 0.376921
v 0.856429 -0.007897 0.094637
v 0.771008 0.256400 -0.237332
v 0.526410 0.253971 -0.384986
v 0.160287 0.256400 0.646747
v 0.392538 0.256400 0.580600
v 0.779999 0.256400 0.300580
v 0.815429 0.256400 0.097983
v 0.811790 1.608019 -0.358913
v 0.552274 1.608019 -0.525605
v 0.160287 1.608019 0.632463
v 0.418401 1.608019 0.554227
v 0.803741 1.608019 0.282196
v 0.830305 1.590825 0.031573
v 0.290254 2.386687 -0.285307
v 0.236159 2.370606 -0.325128
v 0.107714 2.283037 0.356971
v 0.192661 2.327183 0.260631
v 0.320579 2.388800 0.038732
v 0.351381 2.403177 -0.082817
v 0.752241 1.180283 0.070050
v 0.722361 1.180283 0.276574
v 0.332135 1.180283 0.552998
v 0.160287 1.180283 0.620058
v 0.466008 1.180283 -0.406081
v 0.736821 1.180283 -0.255611
v 0.824114 1.807140 0.220281
v 0.428276 1.846284 0.497352
v 0.160287 1.846284 0.572484
v 0.562149 1.847132 -0.539254
v 0.750190 0.554631 0.108761
v 0.722451 0.554631 0.289075
v 0.341911 0.554631 0.551082
v 0.160287 0.554631 0.615121
v 0.475784 0.554631 -0.331984
v 0.736909 0.554631 -0.176754
v 0.455714 0.951650 -0.336429
v 0.722825 0.951650 -0.200790
v 0.735536 0.951650 0.088510
v 0.708071 0.951650 0.278211
v 0.321841 0.951650 0.538244
v 0.160287 0.951650 0.597458
v 0.257583 2.360324 0.198024
v 0.631771 1.846284 0.398315
v 0.619559 1.608019 0.466777
v 0.511047 1.180283 0.446602
v 0.494265 0.951650 0.438254
v 0.515700 0.554631 0.450589
v 0.587576 0.256400 0.474706
v 0.636167 -0.060088 0.549552
v 0.340800 2.399542 -0.022837
v 0.824422 1.608019 0.144425
v 0.737627 1.180283 0.159141
v 0.722209 0.951650 0.174734
v 0.736593 0.554631 0.190304
v 0.797615 0.256400 0.184191
v 0.847613 -0.018613 0.245572
v 0.346526 2.403577 -0.170013
v 0.834867 1.579628 -0.239929
v 0.754627 1.180283 -0.116187
v 0.739528 0.951650 -0.072184
v 0.753845 0.554631 -0.054229
v 0.813820 0.256400 -0.096211
v 0.854971 -0.024061 -0.206259
v 0.146245 2.371578 -0.358485
v 0.253875 1.847132 -0.569982
v 0.252056 1.608019 -0.563254
v 0.236166 1.180283 -0.457354
v 0.234271 0.951650 -0.381059
v 0.237967 0.554631 -0.373686
v 0.247292 0.255740 -0.407596
v 0.218565 -0.243678 -0.520987
v 0.466333 -0.266195 0.654004
v 0.175369 -0.343720 0.681697
v 0.207813 -0.372617 -0.506348
v 0.542433 -0.287056 -0.508084
v 0.837341 -0.199421 -0.361093
v 0.858277 -0.167151 -0.218005
v 0.870796 -0.162423 0.089577
v 0.856229 -0.163635 0.250661
v 0.820609 -0.187352 0.416440
v 0.653822 -0.222845 0.575602
v 0.166285 0.043105 0.671258
v 0.413043 0.089964 0.620064
v 0.610674 0.105952 0.522927
v 0.796124 0.120031 0.344892
v 0.821382 0.125668 0.217875
v 0.837931 0.130762 0.095688
v 0.833382 0.124064 -0.140466
v 0.813234 0.106147 -0.300142
v 0.558646 0.055500 -0.481793
v 0.252641 0.047963 -0.483615
v 0.160288 2.156846 0.400089
v 0.438372 2.222821 0.291294
v 0.644257 2.226503 0.207910
v 0.833382 2.250051 0.063322
v 0.572245 2.251492 -0.401037
v 0.247725 2.252457 -0.418588
v 0.830359 2.140075 0.114526
v 0.640184 2.148434 0.270025
v 0.435078 2.161251 0.382039
v 0.160287 2.114809 0.435121
v 0.826493 2.003946 0.179986
v 0.634977 2.014450 0.349433
v 0.430868 2.019918 0.453414
v 0.160287 2.000223 0.505193
v 0.564782 2.021380 -0.502410
v 0.254360 2.021380 -0.526296
v 0.569270 2.179275 -0.451065
v 0.249219 2.173896 -0.451842
v 0.873652 -0.159939 -0.053532
v 0.860879 -0.015351 -0.039536
v 0.837850 0.127219 -0.016196
v 0.816984 0.256400 0.010912
v 0.754672 0.554631 0.044054
v 0.740206 0.951650 0.020984
v 0.756018 1.180283 -0.016019
v 0.841042 1.554453 -0.108600
v 0.229963 2.406243 -0.239511
v 0.170095 2.396558 -0.304154
v 0.079647 2.307514 0.295825
v 0.140270 2.333952 0.235410
v 0.211786 2.380932 0.135025
v 0.256623 2.398557 0.017275
v 0.273186 2.404517 -0.029605
v 0.279428 2.404517 -0.081722
v 0.276563 2.404517 -0.153300
v 0.082027 2.396558 -0.314902
v 0.407682 -0.439102 0.630082
v 0.185731 -0.450179 0.675554
v 0.186363 -0.435905 -0.496210
v 0.542361 -0.435904 -0.472592
v 0.790727 -0.435903 -0.328378
v 0.830813 -0.435903 -0.196532
v 0.844893 -0.435903 -0.046822
v 0.845315 -0.435903 0.084718
v 0.828766 -0.435903 0.252979
v 0.785129 -0.435903 0.412154
v 0.627956 -0.435903 0.544621
v 2.048251 2.070536 -0.214703
v 2.044102 2.024292 -0.284292
v 2.038155 1.941443 -0.322911
v 2.031501 1.867275 -0.322912
v 2.025506 1.800451 -0.284293
v 2.021357 1.754208 -0.214703
v 2.019876 1.737704 -0.127926
v 2.021357 1.754208 -0.041149
v 2.025506 1.800451 0.028440
v 2.031501 1.867275 0.067059
v 2.038155 1.941443 0.067060
v 2.044102 2.024293 0.028440
v 2.048251 2.070536 -0.041149
v 1.933236 2.143442 0.095112
v 1.940556 2.232315 -0.004149
v 1.940556 2.232314 -0.251704
v 1.933236 2.143442 -0.350964
v 1.921604 1.984066 -0.406050
v 1.909863 1.841527 -0.406051
v 1.899286 1.713102 -0.350965
v 1.891966 1.624230 -0.251703
v 1.889353 1.592511 -0.127926
v 1.891966 1.624230 -0.004149
v 1.899286 1.713102 0.095112
v 1.909863 1.841527 0.150198
v 1.921604 1.984066 0.150198
v 2.163466 2.059108 -0.216406
v 2.159236 2.011957 -0.287360
v 2.153172 1.927482 -0.326737
v 2.146387 1.851859 -0.326738
v 2.140275 1.783724 -0.287361
v 2.136045 1.736573 -0.216406
v 2.134535 1.719745 -0.127926
v 2.136045 1.736573 -0.039447
v 2.140275 1.783724 0.031508
v 2.146387 1.851858 0.070885
v 2.153172 1.927482 0.070886
v 2.159236 2.011957 0.031508
v 2.163466 2.059108 -0.039446
v 1.673214 1.968504 0.067060
v 1.684846 2.106630 0.028440
v 1.692166 2.183652 -0.041149
v 1.692166 2.183652 -0.214703
v 1.684846 2.106629 -0.284292
v 1.673214 1.968504 -0.322911
v 1.661473 1.844970 -0.322912
v 1.650896 1.733669 -0.284293
v 1.643576 1.656646 -0.214703
v 1.640963 1.629156 -0.127926
v 1.643576 1.656646 -0.041149
v 1.650896 1.733668 0.028440
v 1.661473 1.844969 0.067059
v 1.828793 1.981148 0.150198
v 1.840425 2.140381 0.095112
v 1.847745 2.229173 -0.004149
v 1.847745 2.229173 -0.251704
v 1.840425 2.140380 -0.350964
v 1.828793 1.981147 -0.406050
v 1.817053 1.838736 -0.406051
v 1.806475 1.710427 -0.350965
v 1.799155 1.621634 -0.251703
v 1.796542 1.589944 -0.127926
v 1.799155 1.621634 -0.004149
v 1.806475 1.710426 0.095112
v 1.817053 1.838736 0.150198
v 1.604745 1.973965 0.067060
v 1.616378 2.114287 0.028440
v 1.623698 2.192534 -0.041149
v 1.623698 2.192533 -0.214703
v 1.616378 2.114286 -0.284292
v 1.604745 1.973965 -0.322911
v 1.593005 1.848467 -0.322912
v 1.582427 1.735396 -0.284293
v 1.575107 1.657149 -0.214703
v 1.572495 1.629222 -0.127926
v 1.575107 1.657149 -0.041149
v 1.582427 1.735396 0.028440
v 1.593005 1.848466 0.067059
v 1.992010 1.857705 0.067059
v 2.000554 1.957285 0.067060
v 2.008615 2.068577 0.028440
v 2.013942 2.130664 -0.041149
v 2.013942 2.130664 -0.214703
v 2.008615 2.068577 -0.284292
v 2.000554 1.957285 -0.322911
v 1.992010 1.857705 -0.322912
v 1.984312 1.767986 -0.284293
v 1.978984 1.705899 -0.214703
v 1.977083 1.683740 -0.127926
v 1.978984 1.705899 -0.041149
v 1.984312 1.767986 0.028440
v 1.712662 1.842918 0.067059
v 1.724402 1.972664 0.067060
v 1.736035 2.117734 0.028440
v 1.743355 2.198630 -0.041149
v 1.743355 2.198629 -0.214703
v 1.736035 2.117734 -0.284292
v 1.724402 1.972664 -0.322911
v 1.712662 1.842918 -0.322912
v 1.702084 1.726022 -0.284293
v 1.694764 1.645126 -0.214703
v 1.692152 1.616255 -0.127926
v 1.694764 1.645126 -0.041149
v 1.702084 1.726021 0.028440
v 1.265665 2.003306 0.067060
v 1.277297 2.146103 0.028440
v 1.284617 2.225730 -0.041149
v 1.284617 2.225730 -0.214703
v 1.277297 2.146103 -0.284292
v 1.265665 2.003306 -0.322911
v 1.253924 1.875594 -0.322912
v 1.243347 1.760529 -0.284293
v 1.236027 1.680902 -0.214703
v 1.233414 1.652483 -0.127926
v 1.236027 1.680902 -0.041149
v 1.243347 1.760529 0.028440
v 1.253924 1.875594 0.067059
v 0.203238 2.298100 -0.392713
v 0.399571 2.301113 -0.366405
v 0.539246 2.287725 -0.313921
v 0.571787 2.340705 -0.191663
v 0.574594 2.340474 -0.068900
v 0.570741 2.336686 -0.000211
v 0.551038 2.316833 0.049102
v 0.434850 2.302400 0.202193
v 0.310479 2.269918 0.273562
v 0.144082 2.217234 0.356931
v 0.139752 2.254202 0.345984
v 0.209183 2.299501 0.253275
v 0.268894 2.327532 0.190961
v 0.328718 2.351681 0.039045
v 0.347222 2.364142 -0.017379
v 0.355467 2.367677 -0.080366
v 0.351452 2.368023 -0.169374
v 0.304920 2.355488 -0.280180
v 0.266501 2.343833 -0.321463
v 0.179818 2.333135 -0.351938
v 0.406631 -0.511581 0.584217
v 0.175400 -0.511582 0.590194
v 0.204813 -0.511582 -0.372069
v 0.463061 -0.511581 -0.381097
v 0.672418 -0.511581 -0.256983
v 0.722607 -0.511581 -0.127394
v 0.735437 -0.511581 0.007325
v 0.735822 -0.511581 0.120530
v 0.720741 -0.511581 0.264558
v 0.680978 -0.511581 0.396665
v 0.541651 -0.511581 0.510668
v 0.406631 -0.649177 0.559755
v 0.175400 -0.649179 0.565869
v 0.204813 -0.649178 -0.307523
v 0.463061 -0.649178 -0.313064
v 0.660413 -0.649177 -0.224260
v 0.722607 -0.649177 -0.126894
v 0.735437 -0.649177 0.004908
v 0.735822 -0.649177 0.120714
v 0.720741 -0.649177 0.260961
v 0.680978 -0.649177 0.401095
v 0.541651 -0.649177 0.517718
v 0.177076 -0.499383 0.595268
v 0.406827 -0.499276 0.583008
v 0.610584 -0.499276 0.508376
v 0.738843 -0.499275 0.392693
v 0.779236 -0.499275 0.249537
v 0.794556 -0.499275 0.114564
v 0.794164 -0.499275 -0.000309
v 0.781132 -0.499275 -0.135719
v 0.743423 -0.499275 -0.265140
v 0.530750 -0.499276 -0.391082
v 0.201813 -0.499277 -0.381438
v 0.904776 2.240099 0.029553
v 0.918549 2.072354 0.082764
v 0.913664 1.935728 0.111000
v 0.909262 1.761289 0.093208
v 0.888145 1.657917 -0.029269
v 0.881307 1.614044 -0.128331
v 0.885029 1.652168 -0.229625
v 0.891237 1.760802 -0.309716
v 0.892583 1.904075 -0.346721
v 0.897469 2.048260 -0.346721
v 0.901870 2.181792 -0.306719
v 0.905096 2.284172 -0.217821
v 0.905096 2.284172 -0.038057
v 0.195678 -0.408419 -0.500613
v 0.542393 -0.371259 -0.488006
v 0.810971 -0.333198 -0.342586
v 0.842741 -0.319183 -0.205858
v 0.857383 -0.316051 -0.049736
v 0.856382 -0.317130 0.086828
v 0.840693 -0.317656 0.251972
v 0.800538 -0.327957 0.414015
v 0.639190 -0.343372 0.558076
v 0.433243 -0.362199 0.640471
v 0.181216 -0.396240 0.678222
v 1.083912 2.172358 0.028440
v 1.091232 2.258996 -0.041149
v 1.091232 2.258996 -0.214703
v 1.083912 2.172358 -0.284292
v 1.072280 2.016989 -0.322911
v 1.060540 1.878034 -0.322912
v 1.049962 1.752838 -0.284293
v 1.042642 1.666201 -0.214703
v 1.040029 1.635280 -0.127926
v 1.042642 1.666201 -0.041149
v 1.049962 1.752838 0.028440
v 1.060540 1.878033 0.067059
v 1.072280 2.016989 0.067060
v 0.160287 0.759714 0.605997
v 0.331544 0.759714 0.544451
v 0.504628 0.759714 0.444217
v 0.715023 0.759714 0.283463
v 0.729163 0.759714 0.182262
v 0.742620 0.759714 0.098301
v 0.747200 0.759714 0.032137
v 0.746449 0.759714 -0.063504
v 0.729634 0.759714 -0.189170
v 0.465417 0.759714 -0.334280
v 0.236058 0.759714 -0.377495
v 0.140270 2.321900 0.235410
v 0.211786 2.368881 0.135025
v 0.239934 2.385242 0.053527
v 0.273186 2.392465 -0.029605
v 0.279428 2.392465 -0.081722
v 0.276563 2.392466 -0.153300
v 0.229963 2.394192 -0.239511
v 0.170095 2.384507 -0.304154
v 0.082027 2.384507 -0.314902
v 0.310456 -0.653323 0.538630
v 0.629611 -0.653323 -0.198219
v 0.688097 -0.653323 -0.094187
v 0.711312 -0.653323 0.018679
v 0.711473 -0.653323 0.107417
v 0.684535 -0.653323 0.275263
v 0.610627 -0.653323 0.417564
v 0.497950 -0.653323 0.512647
v 2.057528 2.022731 0.028829
v 2.061687 2.069089 -0.040934
v 2.061687 2.069089 -0.214919
v 2.057528 2.022731 -0.284681
v 2.051566 1.939675 -0.323396
v 2.044895 1.865323 -0.323396
v 2.038885 1.798333 -0.284681
v 2.034727 1.751975 -0.214919
v 2.033242 1.735430 -0.127926
v 2.034727 1.751975 -0.040934
v 2.038885 1.798333 0.028829
v 2.044895 1.865323 0.067544
v 2.051566 1.939675 0.067544
v 0.279194 -1.418182 0.502199
v 0.100142 -1.418182 0.394523
v 0.030652 -1.418182 0.264597
v 0.030652 -1.418182 -0.041923
v 0.100142 -1.418182 -0.157256
v 0.279195 -1.418182 -0.254279
v 0.589679 -1.418181 -0.170740
v 0.648523 -1.418181 -0.077071
v 0.671245 -1.418181 0.031211
v 0.670076 -1.418181 0.111336
v 0.645059 -1.418181 0.264597
v 0.573100 -1.418181 0.394523
v 0.462205 -1.418181 0.481337
v 0.135935 -0.027120 -0.527681
v 0.143947 -0.161404 -0.552281
v 0.199176 0.013586 -0.496459
v 0.185820 -0.205436 -0.521418
v 0.146808 2.700928 0.525648
v 0.082552 3.084980 0.708869
v 0.136450 3.028520 0.718096
v 0.201803 2.959335 0.717920
v 0.217810 2.844571 0.605738
v 0.195008 2.779375 0.541422
v 0.047179 -0.645955 0.275263
v 0.012205 -0.645955 0.107405
v 0.046288 -0.662854 -0.060451
v 0.116451 -0.645954 -0.190223
v 0.016622 -1.418182 0.125169
v 0.000028 2.884815 0.742958
v 0.000028 2.884815 0.742958
v 0.000028 2.884815 0.742958
v 0.000025 2.884774 0.742958
v 0.000028 2.884807 0.742958
v 0.000028 2.874026 0.723804
v 0.000028 2.874026 0.723804
v 0.000028 2.874026 0.723804
v 0.000028 2.874022 0.723804
v 0.000028 2.874026 0.723804
v 0.000028 2.874023 0.723804
v 0.000028 2.874026 0.723804
v 0.000028 2.875597 0.670933
v 0.000026 2.875570 0.670933
v 0.000028 2.875598 0.670933
v 0.000028 2.875592 0.670933
v 0.000028 2.875598 0.670933
v 0.000027 2.875587 0.670933
v 0.000028 2.875598 0.670933
v 0.000028 2.919569 0.630053
v 0.000027 2.919556 0.630053
v 0.000028 2.919569 0.630053
v 0.000026 2.919538 0.630053
v 0.000028 2.919569 0.630053
v 0.000022 2.919491 0.630053
v 0.000028 2.919569 0.630053
v 0.000028 2.949405 0.549113
v 0.000028 2.949396 0.549113
v 0.000028 2.949405 0.549113
v 0.000012 2.949219 0.549113
v 0.000028 2.949405 0.549113
v 0.000007 2.949159 0.549113
v 0.000028 2.949405 0.549113
v 0.000028 2.923163 0.452303
v 0.000007 2.922923 0.452303
v 0.000028 2.923164 0.452303
v 0.000007 2.922916 0.452303
v 0.000028 2.923164 0.452303
v 0.000005 2.922904 0.452303
v 0.000028 2.923164 0.452303
v 0.000028 2.881325 0.357177
v 0.000006 2.881067 0.357177
v 0.000028 2.881325 0.357177
v 0.000005 2.881062 0.357177
v 0.000028 2.881325 0.357177
v 0.000004 2.881051 0.357177
v 0.000028 2.881325 0.357177
v -0.025659 2.827812 0.279329
v -0.025664 2.827762 0.279329
v -0.025658 2.827826 0.279329
v -0.025686 2.827513 0.279329
v -0.025686 2.827513 0.279329
v -0.025686 2.827513 0.279329
v -0.025686 2.827513 0.279329
v -0.025686 2.827513 0.279329
v -0.025686 2.827513 0.279329
v -0.025686 2.827513 0.279329
v -0.025686 2.827513 0.279329
v -0.025686 2.827513 0.279329
v -0.025686 2.827513 0.279329
v -0.025686 2.827513 0.279329
v -0.025677 2.827611 0.279329
v -0.025669 2.827702 0.279329
v -0.025660 2.827806 0.279329
v -0.025660 2.827801 0.279329
v -0.025658 2.827826 0.279329
v 0.000001 2.828037 0.286030
v 0.000001 2.828037 0.286030
v 0.000001 2.828037 0.286030
v 0.000001 2.828037 0.286030
v 0.000001 2.828037 0.286030
v 0.000001 2.828037 0.286030
v 0.000001 2.828037 0.286030
v 0.000001 2.828037 0.286030
v 0.000001 2.828037 0.286030
v 0.000001 2.828037 0.286030
v 0.000001 2.828037 0.286030
v 0.000001 2.828037 0.286030
v 0.000001 2.828037 0.286030
v 0.000001 2.828037 0.286030
v 0.000028 2.828346 0.286030
v 0.000003 2.828058 0.286030
v 0.000028 2.828347 0.286030
v 0.000001 2.828037 0.286030
v 0.000001 2.828037 0.286030
v 0.000001 2.828037 0.286030
v 0.000001 2.828037 0.286030
v 0.000001 2.828037 0.286030
v 0.000001 2.828037 0.286030
v 0.000001 2.828037 0.286030
v 0.000001 2.828037 0.286030
v 0.000001 2.828037 0.286030
v 0.000001 2.828037 0.286030
v 0.000001 2.828037 0.286030
v 0.000008 2.828121 0.286030
v 0.000020 2.828253 0.286030
v 0.000013 2.828176 0.286030
v 0.000024 2.828293 0.286030
v 0.000028 2.828343 0.286030
v 0.000024 2.828302 0.286030
v 0.000028 2.828348 0.286030
v -0.020013 2.745910 0.237924
v -0.020041 2.745596 0.237924
v -0.020041 2.745596 0.237924
v -0.020041 2.745596 0.237924
v -0.020041 2.745596 0.237924
v -0.020041 2.745596 0.237924
v -0.020041 2.745596 0.237924
v -0.020041 2.745596 0.237924
v -0.020041 2.745596 0.237924
v -0.020041 2.745596 0.237924
v -0.020041 2.745596 0.237924
v -0.020041 2.745596 0.237924
v -0.020031 2.745699 0.237924
v -0.020041 2.745596 0.237924
v -0.020040 2.745598 0.237924
v -0.020035 2.745665 0.237924
v -0.020013 2.745910 0.237924
v 0.000001 2.745929 0.238249
v 0.000001 2.745929 0.238249
v 0.000001 2.745929 0.238249
v 0.000001 2.745929 0.238249
v 0.000001 2.745929 0.238249
v 0.000001 2.745929 0.238249
v 0.000001 2.745929 0.238249
v 0.000001 2.745929 0.238249
v 0.000001 2.745929 0.238249
v 0.000001 2.745929 0.238249
v 0.000001 2.745929 0.238249
v 0.000001 2.745929 0.238249
v 0.000001 2.745929 0.238249
v 0.000001 2.745929 0.238249
v 0.000001 2.745929 0.238249
v 0.000028 2.746242 0.238249
v 0.000028 2.746242 0.238249
v 0.000001 2.745928 0.238249
v 0.000001 2.745928 0.238249
v 0.000001 2.745928 0.238249
v 0.000001 2.745928 0.238249
v 0.000001 2.745928 0.238249
v 0.000001 2.745928 0.238249
v 0.000001 2.745928 0.238249
v 0.000001 2.745928 0.238249
v 0.000001 2.745928 0.238249
v 0.000001 2.745928 0.238249
v 0.000001 2.745928 0.238249
v 0.000006 2.745990 0.238249
v 0.000001 2.745928 0.238249
v 0.000001 2.745929 0.238249
v 0.000006 2.745988 0.238249
v 0.000028 2.746242 0.238249
v -0.029769 -3.200880 0.107706
v -0.029769 -3.200880 0.107706
v -0.029769 -3.200880 0.107706
v -0.029769 -3.200880 0.107706
v -0.037675 -3.200880 0.219470
v -0.037675 -3.200880 0.219470
v -0.037675 -3.200880 0.219470
v -0.037675 -3.200880 0.219470
v -0.029769 -3.432908 0.184225
v -0.029769 -3.432908 0.184225
v -0.029769 -3.432908 0.184225
v -0.029769 -3.432908 0.184225
v -0.037675 -3.432908 0.276950
v -0.037675 -3.432908 0.276950
v -0.037675 -3.432908 0.276950
v -0.037675 -3.432908 0.276950
v -0.034465 2.854379 0.725801
v -0.034465 2.854380 0.725801
v -0.034464 2.854381 0.725801
v -0.034464 2.854381 0.725801
v -0.035846 2.855864 0.694270
v -0.035847 2.855861 0.694270
v -0.035847 2.855863 0.694270
v -0.035850 2.855829 0.694270
v -0.035847 2.855854 0.694270
v -0.035846 2.867261 0.661123
v -0.035847 2.867254 0.661123
v -0.035846 2.867261 0.661123
v -0.035848 2.867243 0.661123
v -0.035846 2.867261 0.661123
v -0.035846 2.918793 0.623352
v -0.035846 2.918793 0.623352
v -0.035846 2.918793 0.623352
v -0.035858 2.918667 0.623352
v -0.035846 2.918793 0.623352
v -0.035846 2.948267 0.542411
v -0.035849 2.948242 0.542411
v -0.035847 2.948259 0.542411
v -0.035863 2.948075 0.542411
v -0.035846 2.948267 0.542411
v -0.035846 2.922025 0.445602
v -0.035847 2.922018 0.445602
v -0.035847 2.922025 0.445602
v -0.035868 2.921777 0.445602
v -0.035847 2.922025 0.445602
v -0.035846 2.880598 0.350475
v -0.035846 2.880598 0.350475
v -0.035846 2.880598 0.350475
v -0.035870 2.880333 0.350475
v -0.035846 2.880598 0.350475
v 0.025715 2.827824 0.279329
v 0.025689 2.827533 0.279329
v 0.025715 2.827824 0.279329
v 0.025687 2.827514 0.279329
v 0.025687 2.827514 0.279329
v 0.025687 2.827514 0.279329
v 0.025687 2.827514 0.279329
v 0.025687 2.827514 0.279329
v 0.025687 2.827514 0.279329
v 0.025687 2.827514 0.279329
v 0.025687 2.827514 0.279329
v 0.025687 2.827514 0.279329
v 0.025687 2.827514 0.279329
v 0.025687 2.827514 0.279329
v 0.025687 2.827514 0.279329
v 0.025687 2.827514 0.279329
v 0.025687 2.827514 0.279329
v 0.025687 2.827514 0.279329
v 0.025715 2.827826 0.279329
v 0.020070 2.745910 0.237924
v 0.020042 2.745596 0.237924
v 0.020042 2.745596 0.237924
v 0.020042 2.745596 0.237924
v 0.020042 2.745596 0.237924
v 0.020042 2.745596 0.237924
v 0.020042 2.745596 0.237924
v 0.020042 2.745596 0.237924
v 0.020042 2.745596 0.237924
v 0.020042 2.745596 0.237924
v 0.020042 2.745596 0.237924
v 0.020042 2.745596 0.237924
v 0.020042 2.745596 0.237924
v 0.020042 2.745596 0.237924
v 0.020042 2.745596 0.237924
v 0.020042 2.745596 0.237924
v 0.020070 2.745910 0.237924
v 0.029769 -3.200880 0.107706
v 0.029769 -3.200880 0.107706
v 0.029769 -3.200880 0.107706
v 0.029769 -3.200880 0.107706
v 0.037675 -3.200880 0.219470
v 0.037675 -3.200880 0.219470
v 0.037675 -3.200880 0.219470
v 0.037675 -3.200880 0.219470
v 0.029769 -3.432908 0.184225
v 0.029769 -3.432908 0.184225
v 0.029769 -3.432908 0.184225
v 0.029769 -3.432908 0.184225
v 0.037675 -3.432908 0.276950
v 0.037675 -3.432908 0.276950
v 0.037675 -3.432908 0.276950
v 0.037675 -3.432908 0.276950
v 0.034521 2.854378 0.725801
v 0.034521 2.854380 0.725801
v 0.034521 2.854381 0.725801
v 0.034521 2.854381 0.725801
v 0.035902 2.855849 0.694270
v 0.035903 2.855863 0.694270
v 0.035903 2.855863 0.694270
v 0.035903 2.855863 0.694270
v 0.035903 2.855857 0.694270
v 0.035903 2.867260 0.661123
v 0.035903 2.867256 0.661123
v 0.035903 2.867261 0.661123
v 0.035903 2.867251 0.661123
v 0.035903 2.867261 0.661123
v 0.035893 2.918672 0.623352
v 0.035903 2.918793 0.623352
v 0.035902 2.918782 0.623352
v 0.035903 2.918788 0.623352
v 0.035903 2.918793 0.623352
v 0.035882 2.948026 0.542411
v 0.035903 2.948267 0.542411
v 0.035903 2.948267 0.542411
v 0.035889 2.948104 0.542411
v 0.035903 2.948267 0.542411
v 0.035881 2.921769 0.445602
v 0.035903 2.922025 0.445602
v 0.035903 2.922021 0.445602
v 0.035882 2.921784 0.445602
v 0.035903 2.922025 0.445602
v 0.035878 2.880309 0.350475
v 0.035903 2.880597 0.350475
v 0.035903 2.880592 0.350475
v 0.035880 2.880338 0.350475
v 0.035903 2.880598 0.350475
vt 0.239525 0.030208
vt 0.685888 0.675022
vt 0.680262 0.662884
vt 0.688862 0.659021
vt 0.252261 0.031183
vt 0.690010 0.685212
vt 0.258685 0.029659
vt 0.690556 0.689238
vt 0.693181 0.656978
vt 0.234213 0.025152
vt 0.240298 0.027386
vt 0.235860 0.023265
vt 0.255292 0.025828
vt 0.251717 0.028971
vt 0.260044 0.023192
vt 0.255369 0.027747
vt 0.230882 0.015681
vt 0.703565 0.651738
vt 0.254288 0.014982
vt 0.233554 0.015286
vt 0.261231 0.015096
vt 0.707232 0.650681
vt 0.234772 0.006193
vt 0.236694 0.008119
vt 0.254250 0.008740
vt 0.261449 0.009333
vt 0.713253 0.647070
vt 0.716812 0.643611
vt 0.725898 0.653391
vt 0.242057 0.001002
vt 0.734984 0.669416
vt 0.255716 0.000038
vt 0.744656 0.679765
vt 0.261184 0.004309
vt 0.729642 0.642737
vt 0.723967 0.632072
vt 0.760133 0.651036
vt 0.752307 0.657162
vt 0.750532 0.655409
vt 0.757109 0.648152
vt 0.761628 0.654595
vt 0.754326 0.659683
vt 0.728215 0.623666
vt 0.709766 0.794583
vt 0.719132 0.784517
vt 0.735400 0.629646
vt 0.732727 0.770834
vt 0.737892 0.777991
vt 0.735927 0.763939
vt 0.771453 0.668558
vt 0.706144 0.790614
vt 0.700598 0.786237
vt 0.709339 0.776025
vt 0.715408 0.779821
vt 0.721632 0.761339
vt 0.725813 0.763220
vt 0.724909 0.755358
vt 0.729237 0.757876
vt 0.689890 0.778617
vt 0.697889 0.769706
vt 0.707819 0.757250
vt 0.711118 0.753601
vt 0.685299 0.775939
vt 0.691539 0.767233
vt 0.704268 0.756396
vt 0.705950 0.752532
vt 0.675272 0.770575
vt 0.679594 0.762535
vt 0.687788 0.753503
vt 0.663008 0.694730
vt 0.668134 0.665886
vt 0.671797 0.674704
vt 0.676291 0.688495
vt 0.673851 0.693342
vt 0.680676 0.720911
vt 0.685577 0.711574
vt 0.690333 0.713154
vt 0.687542 0.724358
vt 0.700940 0.708004
vt 0.709836 0.697550
vt 0.703441 0.707467
vt 0.713824 0.722561
vt 0.718035 0.714743
vt 0.722346 0.716087
vt 0.718428 0.723110
vt 0.740516 0.723991
vt 0.732575 0.700580
vt 0.741076 0.722082
vt 0.772121 0.706697
vt 0.763843 0.704496
vt 0.764716 0.701914
vt 0.773089 0.702941
vt 0.734582 0.684883
vt 0.737089 0.760165
vt 0.743058 0.767296
vt 0.728848 0.750477
vt 0.731833 0.752276
vt 0.710537 0.750281
vt 0.706820 0.750042
vt 0.663460 0.696676
vt 0.690234 0.690557
vt 0.674500 0.694840
vt 0.707872 0.690773
vt 0.261994 0.024179
vt 0.711340 0.692098
vt 0.263585 0.015390
vt 0.724216 0.692514
vt 0.263586 0.008922
vt 0.729235 0.690440
vt 0.688026 0.695109
vt 0.686644 0.697376
vt 0.674683 0.703710
vt 0.674918 0.700340
vt 0.704005 0.743905
vt 0.685484 0.747819
vt 0.682290 0.745470
vt 0.697265 0.717377
vt 0.700931 0.702642
vt 0.705993 0.698929
vt 0.699689 0.708371
vt 0.696659 0.710961
vt 0.713276 0.699827
vt 0.706010 0.709234
vt 0.734857 0.742180
vt 0.709248 0.745500
vt 0.699983 0.717580
vt 0.720014 0.739022
vt 0.735897 0.722457
vt 0.732679 0.706516
vt 0.737858 0.701504
vt 0.744543 0.718065
vt 0.738483 0.756622
vt 0.745449 0.754840
vt 0.774537 0.674402
vt 0.774438 0.668080
vt 0.763279 0.680739
vt 0.749663 0.684711
vt 0.761710 0.674449
vt 0.744727 0.693842
vt 0.738053 0.689147
vt 0.683659 0.703500
vt 0.675871 0.711021
vt 0.678325 0.739271
vt 0.694095 0.735149
vt 0.693662 0.715795
vt 0.697763 0.705461
vt 0.680650 0.729919
vt 0.692817 0.733208
vt 0.714020 0.703075
vt 0.713947 0.705137
vt 0.705919 0.714970
vt 0.706061 0.712088
vt 0.711305 0.737199
vt 0.703007 0.736838
vt 0.700141 0.735764
vt 0.728551 0.733185
vt 0.731005 0.711052
vt 0.731854 0.709399
vt 0.733128 0.722893
vt 0.731325 0.723406
vt 0.713090 0.709146
vt 0.706933 0.717385
vt 0.697666 0.734876
vt 0.701473 0.735114
vt 0.727253 0.724345
vt 0.728892 0.713969
vt 0.708979 0.726222
vt 0.714634 0.727006
vt 0.744574 0.705087
vt 0.749987 0.707257
vt 0.754914 0.717675
vt 0.749876 0.718046
vt 0.750215 0.756305
vt 0.754274 0.757908
vt 0.777893 0.681133
vt 0.776100 0.677808
vt 0.759208 0.689885
vt 0.754816 0.687721
vt 0.766560 0.683592
vt 0.769518 0.686287
vt 0.752544 0.698928
vt 0.748837 0.696648
vt 0.755664 0.709153
vt 0.764819 0.714392
vt 0.763932 0.759671
vt 0.781176 0.690602
vt 0.773103 0.693624
vt 0.762565 0.693780
vt 0.758182 0.702035
vt 0.761571 0.707610
vt 0.770022 0.710196
vt 0.779158 0.709749
vt 0.781231 0.703493
vt 0.732358 0.654544
vt 0.739653 0.664469
vt 0.741695 0.785136
vt 0.738788 0.635122
vt 0.736281 0.643978
vt 0.746364 0.676825
vt 0.757441 0.673661
vt 0.765608 0.671047
vt 0.734817 0.654206
vt 0.741618 0.663178
vt 0.742954 0.786490
vt 0.730447 0.795745
vt 0.738902 0.643952
vt 0.748006 0.674254
vt 0.758749 0.669873
vt 0.766457 0.669646
vt 0.740606 0.651655
vt 0.746684 0.653365
vt 0.750203 0.658049
vt 0.746028 0.660196
vt 0.746125 0.789423
vt 0.749988 0.792844
vt 0.756090 0.637399
vt 0.746991 0.635435
vt 0.752615 0.645048
vt 0.745485 0.643278
vt 0.754306 0.662760
vt 0.753290 0.668595
vt 0.761197 0.663722
vt 0.761931 0.657172
vt 0.757655 0.783984
vt 0.769571 0.655803
vt 0.766996 0.646905
vt 0.762897 0.641587
vt 0.768857 0.652337
vt 0.677563 0.654410
vt 0.666331 0.657325
vt 0.685644 0.651173
vt 0.669911 0.777419
vt 0.679851 0.782481
vt 0.689615 0.648895
vt 0.684992 0.785589
vt 0.698926 0.646680
vt 0.695555 0.793666
vt 0.702339 0.645307
vt 0.700596 0.797654
vt 0.705610 0.641860
vt 0.710606 0.637280
vt 0.715447 0.631052
vt 0.719041 0.625903
vt 0.706965 0.806051
vt 0.242657 0.003187
vt 0.254983 0.002131
vt 0.259375 0.005725
vt 0.775028 0.715044
vt 0.770098 0.751065
vt 0.759179 0.745951
vt 0.753395 0.744959
vt 0.738073 0.741866
vt 0.746479 0.743969
vt 0.707348 0.745566
vt 0.687698 0.749376
vt 0.675028 0.696543
vt 0.689885 0.692115
vt 0.700484 0.636350
vt 0.675574 0.648245
vt 0.683836 0.644918
vt 0.667766 0.650671
vt 0.664049 0.781810
vt 0.671653 0.784833
vt 0.679805 0.789306
vt 0.694467 0.800687
vt 0.700585 0.807263
vt 0.705324 0.813978
vt 0.712891 0.626068
vt 0.707238 0.631342
vt 0.675882 0.794377
vt 0.668549 0.789985
vt 0.661464 0.786661
vt 0.664881 0.644635
vt 0.672543 0.642343
vt 0.680785 0.639176
vt 0.689353 0.635217
vt 0.692289 0.640926
vt 0.697379 0.630554
vt 0.704190 0.625374
vt 0.710131 0.620369
vt 0.700345 0.817483
vt 0.695683 0.811368
vt 0.689853 0.805191
vt 0.706543 0.614447
vt 0.695544 0.821438
vt 0.700862 0.619863
vt 0.694265 0.625210
vt 0.686444 0.629903
vt 0.678071 0.633689
vt 0.670011 0.636528
vt 0.662452 0.638513
vt 0.658231 0.791443
vt 0.665017 0.795234
vt 0.671919 0.799708
vt 0.685161 0.809937
vt 0.690767 0.815688
vt 0.056444 0.491325
vt 0.057404 0.497261
vt 0.054491 0.497672
vt 0.053549 0.491863
vt 0.038358 0.498870
vt 0.036953 0.494128
vt 0.031444 0.498942
vt 0.123179 0.485616
vt 0.118709 0.490810
vt 0.118295 0.483912
vt 0.113339 0.489564
vt 0.113256 0.481914
vt 0.107904 0.488763
vt 0.107995 0.480778
vt 0.102479 0.488698
vt 0.102628 0.480497
vt 0.095502 0.489429
vt 0.096019 0.481187
vt 0.085466 0.491335
vt 0.085640 0.483686
vt 0.079779 0.492610
vt 0.080045 0.485269
vt 0.073880 0.493950
vt 0.073937 0.487027
vt 0.067782 0.495199
vt 0.067680 0.488783
vt 0.064409 0.495898
vt 0.064148 0.489626
vt 0.045194 0.604880
vt 0.047032 0.585397
vt 0.052155 0.585712
vt 0.050430 0.604897
vt 0.027445 0.604156
vt 0.028324 0.585148
vt 0.015192 0.603682
vt 0.135062 0.589122
vt 0.125635 0.606866
vt 0.126895 0.587587
vt 0.117996 0.605887
vt 0.118553 0.587312
vt 0.110523 0.607090
vt 0.110618 0.587846
vt 0.103046 0.608287
vt 0.103424 0.588911
vt 0.091746 0.609459
vt 0.093216 0.590184
vt 0.081519 0.608791
vt 0.083610 0.589759
vt 0.074625 0.607573
vt 0.077147 0.588546
vt 0.067845 0.606242
vt 0.070343 0.587441
vt 0.060698 0.605142
vt 0.063040 0.586472
vt 0.058918 0.586139
vt 0.056712 0.604994
vt 0.093721 0.585254
vt 0.094317 0.580337
vt 0.103703 0.578677
vt 0.103704 0.583887
vt 0.110426 0.577626
vt 0.110675 0.582823
vt 0.117782 0.577027
vt 0.118388 0.582286
vt 0.125417 0.576869
vt 0.126441 0.582345
vt 0.133024 0.577137
vt 0.016596 0.581178
vt 0.027972 0.575016
vt 0.028172 0.580161
vt 0.047542 0.575269
vt 0.047223 0.580389
vt 0.052852 0.575654
vt 0.052370 0.580739
vt 0.064195 0.576629
vt 0.063504 0.581590
vt 0.059351 0.581195
vt 0.060026 0.576186
vt 0.071497 0.577613
vt 0.070903 0.582556
vt 0.078255 0.578726
vt 0.077715 0.583659
vt 0.084708 0.579696
vt 0.084153 0.584759
vt 0.094745 0.569846
vt 0.095127 0.559696
vt 0.105321 0.558544
vt 0.104465 0.568217
vt 0.112498 0.557936
vt 0.111458 0.567410
vt 0.119768 0.557719
vt 0.118748 0.566915
vt 0.128034 0.557863
vt 0.126029 0.566790
vt 0.134825 0.558643
vt 0.017498 0.567314
vt 0.028515 0.555845
vt 0.028193 0.565015
vt 0.046206 0.557175
vt 0.047096 0.565718
vt 0.050518 0.557737
vt 0.051965 0.566239
vt 0.062433 0.558641
vt 0.063206 0.567203
vt 0.059055 0.566831
vt 0.057764 0.558339
vt 0.069763 0.559101
vt 0.070602 0.567953
vt 0.076935 0.559536
vt 0.077601 0.568827
vt 0.084055 0.559904
vt 0.084504 0.569438
vt 0.073890 0.501219
vt 0.067795 0.502123
vt 0.079780 0.500250
vt 0.085384 0.499272
vt 0.095079 0.497760
vt 0.102154 0.497000
vt 0.107806 0.496862
vt 0.113669 0.497367
vt 0.119487 0.498149
vt 0.031622 0.502953
vt 0.038527 0.504208
vt 0.054443 0.504092
vt 0.057497 0.503672
vt 0.064404 0.502704
vt 0.070419 0.548917
vt 0.063101 0.548741
vt 0.077558 0.549014
vt 0.084610 0.549001
vt 0.095570 0.548420
vt 0.105456 0.547541
vt 0.112598 0.547045
vt 0.120037 0.547315
vt 0.128688 0.548087
vt 0.019495 0.545794
vt 0.029357 0.546518
vt 0.046558 0.548334
vt 0.050891 0.548477
vt 0.058425 0.548628
vt 0.130480 0.695393
vt 0.133122 0.696032
vt 0.127878 0.709124
vt 0.133503 0.680621
vt 0.136749 0.680643
vt 0.130096 0.666198
vt 0.134130 0.665258
vt 0.129409 0.654774
vt 0.054893 0.839259
vt 0.065867 0.826741
vt 0.062885 0.824871
vt 0.083789 0.805987
vt 0.081967 0.804240
vt 0.087899 0.795855
vt 0.089472 0.797672
vt 0.097359 0.781442
vt 0.099172 0.782896
vt 0.094957 0.789353
vt 0.093271 0.787718
vt 0.104749 0.768947
vt 0.106713 0.770156
vt 0.111279 0.756650
vt 0.113332 0.757717
vt 0.116780 0.744649
vt 0.118811 0.745851
vt 0.122519 0.728395
vt 0.124459 0.729892
vt 0.802386 0.931417
vt 0.812559 0.931497
vt 0.823093 0.931582
vt 0.495824 0.016120
vt 0.781926 0.318718
vt 0.493294 0.086125
vt 0.473463 0.082831
vt 0.480920 0.073274
vt 0.634130 0.090056
vt 0.621174 0.075875
vt 0.627300 0.067894
vt 0.392638 0.124746
vt 0.629130 0.098098
vt 0.615074 0.082794
vt 0.464463 0.144596
vt 0.467821 0.135760
vt 0.481314 0.136096
vt 0.481882 0.143023
vt 0.444469 0.144891
vt 0.450822 0.134300
vt 0.444137 0.132753
vt 0.435265 0.143606
vt 0.425447 0.141975
vt 0.435528 0.130352
vt 0.402682 0.132126
vt 0.420229 0.124490
vt 0.427363 0.127474
vt 0.415378 0.137996
vt 0.496940 0.135564
vt 0.497180 0.141874
vt 0.625033 0.102210
vt 0.608577 0.089290
vt 0.496198 0.120827
vt 0.483470 0.121581
vt 0.469814 0.121550
vt 0.454465 0.119899
vt 0.448188 0.119038
vt 0.441402 0.117258
vt 0.433550 0.115083
vt 0.426829 0.112785
vt 0.621377 0.059454
vt 0.612604 0.065880
vt 0.605500 0.073486
vt 0.599303 0.078867
vt 0.495308 0.106547
vt 0.484342 0.106429
vt 0.470156 0.105308
vt 0.457138 0.106705
vt 0.450604 0.105994
vt 0.443815 0.104259
vt 0.436578 0.102305
vt 0.428376 0.098592
vt 0.617443 0.049669
vt 0.603701 0.055089
vt 0.597646 0.061640
vt 0.591276 0.067342
vt 0.051854 0.486493
vt 0.054822 0.485858
vt 0.034909 0.489468
vt 0.123380 0.480215
vt 0.119110 0.477470
vt 0.114775 0.474336
vt 0.109671 0.472457
vt 0.104205 0.471739
vt 0.096062 0.472548
vt 0.085304 0.476054
vt 0.079196 0.478270
vt 0.072849 0.480504
vt 0.066425 0.482768
vt 0.062791 0.483792
vt 0.049597 0.482623
vt 0.045046 0.472462
vt 0.051174 0.469000
vt 0.052763 0.481893
vt 0.028167 0.476946
vt 0.032964 0.485630
vt 0.131750 0.474317
vt 0.024115 0.487380
vt 0.121114 0.473247
vt 0.131818 0.467247
vt 0.117352 0.468910
vt 0.137560 0.460128
vt 0.111564 0.465512
vt 0.105482 0.464139
vt 0.104489 0.438976
vt 0.092730 0.446689
vt 0.096240 0.465262
vt 0.085023 0.470024
vt 0.080891 0.453085
vt 0.078619 0.472796
vt 0.068336 0.454074
vt 0.071837 0.475459
vt 0.063404 0.459642
vt 0.065140 0.478317
vt 0.059883 0.463323
vt 0.061274 0.479533
vt 0.056760 0.465394
vt 0.039000 0.457111
vt 0.044326 0.454326
vt 0.021990 0.459677
vt 0.147761 0.474917
vt 0.150950 0.469956
vt 0.014136 0.015130
vt 0.093835 0.414205
vt 0.074699 0.424709
vt 0.082067 0.418762
vt 0.092448 0.433870
vt 0.084435 0.435318
vt 0.074996 0.443060
vt 0.066278 0.431585
vt 0.070246 0.446313
vt 0.060847 0.435489
vt 0.051666 0.445333
vt 0.054715 0.440310
vt 0.049031 0.448759
vt 0.047074 0.451351
vt 0.987473 0.525121
vt 0.981497 0.518551
vt 0.991392 0.546363
vt 0.162462 0.476492
vt 0.986075 0.560635
vt 0.980390 0.563432
vt 0.975609 0.563754
vt 0.082662 0.409327
vt 0.075199 0.412547
vt 0.065337 0.415586
vt 0.056437 0.423474
vt 0.052424 0.428553
vt 0.963782 0.519345
vt 0.957602 0.521776
vt 0.968538 0.518065
vt 0.975021 0.518254
vt 0.959097 0.550383
vt 0.959097 0.535780
vt 0.975100 0.548391
vt 0.982836 0.547428
vt 0.979526 0.526842
vt 0.972990 0.534824
vt 0.968074 0.535162
vt 0.970073 0.549016
vt 0.067046 0.040206
vt 0.791127 0.541119
vt 0.871822 0.545112
vt 0.873471 0.542303
vt 0.083079 0.053426
vt 0.823110 0.537029
vt 0.806040 0.536174
vt 0.079693 0.041513
vt 0.796407 0.590573
vt 0.796850 0.627983
vt 0.863327 0.626885
vt 0.864463 0.589886
vt 0.808972 0.586031
vt 0.809251 0.624290
vt 0.823108 0.587094
vt 0.823106 0.625340
vt 0.797501 0.666425
vt 0.799807 0.713528
vt 0.859011 0.712813
vt 0.861891 0.665418
vt 0.809554 0.663160
vt 0.810446 0.710783
vt 0.823105 0.664085
vt 0.823103 0.711520
vt 0.802009 0.758359
vt 0.803177 0.810795
vt 0.854557 0.810346
vt 0.856252 0.757758
vt 0.811342 0.756226
vt 0.811891 0.809351
vt 0.823101 0.756827
vt 0.823098 0.809792
vt 0.803915 0.852773
vt 0.803466 0.879901
vt 0.853669 0.879527
vt 0.853442 0.852416
vt 0.812203 0.851889
vt 0.812385 0.879377
vt 0.823097 0.852193
vt 0.823095 0.879634
vt 0.802852 0.909216
vt 0.854103 0.908987
vt 0.812487 0.909047
vt 0.823094 0.909210
vt 0.795028 0.562541
vt 0.866143 0.563291
vt 0.807891 0.556929
vt 0.823109 0.557913
vt 0.792158 0.544830
vt 0.870135 0.548051
vt 0.806353 0.538700
vt 0.823110 0.539909
vt 0.846836 0.019173
vt 0.839153 0.019335
vt 0.854689 0.018178
vt 0.862845 0.016456
vt 0.871184 0.014139
vt 0.879354 0.011265
vt 0.887048 0.008026
vt 0.894059 0.004389
vt 0.794067 0.000039
vt 0.799963 0.005696
vt 0.807155 0.009537
vt 0.822823 0.016223
vt 0.831545 0.018238
vt 0.445590 0.369914
vt 0.428225 0.422489
vt 0.409371 0.401867
vt 0.423926 0.364685
vt 0.506638 0.781747
vt 0.523809 0.735613
vt 0.547351 0.736235
vt 0.534853 0.766690
vt 0.424446 0.176557
vt 0.448055 0.200280
vt 0.434482 0.204636
vt 0.403574 0.191335
vt 0.396568 0.287533
vt 0.400104 0.322752
vt 0.372230 0.349805
vt 0.366221 0.314123
vt 0.529773 0.645559
vt 0.374507 0.157193
vt 0.366214 0.177911
vt 0.547929 0.649941
vt 0.318797 0.342887
vt 0.564254 0.746678
vt 0.560375 0.734021
vt 0.319361 0.327121
vt 0.615544 0.989533
vt 0.328665 0.567012
vt 0.371056 0.561107
vt 0.584182 0.949849
vt 0.397163 0.166297
vt 0.386310 0.186145
vt 0.349606 0.346350
vt 0.344706 0.319547
vt 0.451247 0.459426
vt 0.407721 0.425846
vt 0.583700 0.918029
vt 0.569414 0.893712
vt 0.588825 0.883323
vt 0.596042 0.911543
vt 0.391009 0.375940
vt 0.370338 0.380183
vt 0.406490 0.351968
vt 0.452801 0.336436
vt 0.428554 0.332544
vt 0.447007 0.238727
vt 0.447357 0.261337
vt 0.429580 0.264122
vt 0.430546 0.242363
vt 0.411037 0.247803
vt 0.410221 0.270431
vt 0.365799 0.280471
vt 0.369663 0.254304
vt 0.345615 0.284122
vt 0.350111 0.258117
vt 0.557644 0.711635
vt 0.559661 0.694989
vt 0.326388 0.264303
vt 0.320744 0.290759
vt 0.522599 0.715356
vt 0.522575 0.699190
vt 0.545172 0.697888
vt 0.544477 0.714437
vt 0.504977 0.367815
vt 0.507652 0.448116
vt 0.464578 0.445180
vt 0.472610 0.369607
vt 0.503780 0.335577
vt 0.482479 0.323959
vt 0.501352 0.263242
vt 0.501609 0.270189
vt 0.492308 0.268951
vt 0.486510 0.259837
vt 0.465111 0.195430
vt 0.436694 0.165767
vt 0.456609 0.156330
vt 0.470385 0.182338
vt 0.467256 0.647001
vt 0.467259 0.635326
vt 0.494918 0.633202
vt 0.505405 0.645560
vt 0.467247 0.716193
vt 0.467247 0.700455
vt 0.501462 0.699231
vt 0.501478 0.715221
vt 0.467253 0.765920
vt 0.467248 0.738401
vt 0.501800 0.737325
vt 0.489990 0.775391
vt 0.514611 0.600763
vt 0.499240 0.594960
vt 0.509746 0.527688
vt 0.488101 0.524103
vt 0.508322 0.473716
vt 0.469123 0.474844
vt 0.406697 0.284292
vt 0.414234 0.282449
vt 0.407272 0.315216
vt 0.403658 0.318181
vt 0.428055 0.328774
vt 0.431268 0.326802
vt 0.453181 0.329347
vt 0.451545 0.331648
vt 0.476679 0.301794
vt 0.476323 0.291095
vt 0.477910 0.290392
vt 0.480592 0.303499
vt 0.451648 0.268036
vt 0.453524 0.270680
vt 0.441588 0.269937
vt 0.436963 0.268450
vt 0.420830 0.274112
vt 0.424307 0.275368
vt 0.466539 0.278275
vt 0.464605 0.274372
vt 0.458008 0.236621
vt 0.463140 0.265908
vt 0.405126 0.151756
vt 0.520882 0.613564
vt 0.504133 0.829219
vt 0.473572 0.525887
vt 0.474292 0.317641
vt 0.478801 0.320752
vt 0.502887 0.308127
vt 0.485269 0.304188
vt 0.483754 0.253976
vt 0.501188 0.259504
vt 0.460391 0.219331
vt 0.447913 0.224177
vt 0.432709 0.227600
vt 0.414024 0.232107
vt 0.376120 0.234029
vt 0.357435 0.235437
vt 0.559353 0.675933
vt 0.334224 0.238931
vt 0.523472 0.677489
vt 0.545785 0.678127
vt 0.502180 0.677358
vt 0.467250 0.679960
vt 0.474259 0.223017
vt 0.477435 0.214050
vt 0.499589 0.209096
vt 0.499768 0.214039
vt 0.419298 0.208840
vt 0.390561 0.205490
vt 0.375429 0.201153
vt 0.565429 0.651656
vt 0.578701 0.623542
vt 0.477925 0.286690
vt 0.481201 0.279595
vt 0.488789 0.288378
vt 0.502465 0.294794
vt 0.467326 0.235560
vt 0.470300 0.255893
vt 0.468206 0.218082
vt 0.480984 0.202548
vt 0.483989 0.267098
vt 0.490279 0.276419
vt 0.501963 0.279695
vt 0.471215 0.233963
vt 0.478088 0.254572
vt 0.471786 0.221003
vt 0.499276 0.200413
vt 0.499463 0.205623
vt 0.478374 0.209485
vt 0.473965 0.233177
vt 0.479373 0.235762
vt 0.487289 0.250696
vt 0.499839 0.215975
vt 0.477117 0.226990
vt 0.501108 0.257858
vt 0.483509 0.238228
vt 0.486274 0.238206
vt 0.493359 0.246697
vt 0.490435 0.248023
vt 0.480621 0.228951
vt 0.483694 0.230270
vt 0.499900 0.217631
vt 0.500055 0.222176
vt 0.497344 0.244947
vt 0.500572 0.250176
vt 0.500855 0.253353
vt 0.488268 0.237912
vt 0.485927 0.231870
vt 0.500204 0.226692
vt 0.500495 0.237471
vt 0.500394 0.233143
vt 0.490125 0.233756
vt 0.500442 0.234771
vt 0.500839 0.237417
vt 0.500870 0.237410
vt 0.641505 0.049827
vt 0.500877 0.237388
vt 0.500900 0.237396
vt 0.647530 0.052544
vt 0.640738 0.034536
vt 0.648068 0.034358
vt 0.660182 0.053798
vt 0.659335 0.034669
vt 0.672184 0.051621
vt 0.671595 0.035284
vt 0.681167 0.047660
vt 0.680604 0.035543
vt 0.688248 0.042377
vt 0.687707 0.035517
vt 0.321348 0.563735
vt 0.325699 0.561868
vt 0.329103 0.559745
vt 0.540550 0.773304
vt 0.516297 0.787169
vt 0.568675 0.928167
vt 0.550237 0.907488
vt 0.626715 0.749296
vt 0.566476 0.755483
vt 0.369890 0.387543
vt 0.347392 0.355227
vt 0.361715 0.536942
vt 0.444459 0.462865
vt 0.404206 0.428343
vt 0.320051 0.560578
vt 0.315121 0.555739
vt 0.312002 0.519956
vt 0.325833 0.522542
vt 0.345248 0.528256
vt 0.626020 0.972868
vt 0.626141 0.938951
vt 0.513757 0.833653
vt 0.467714 0.527839
vt 0.396126 0.553227
vt 0.422571 0.544594
vt 0.380814 0.520663
vt 0.402139 0.503067
vt 0.361234 0.507395
vt 0.379291 0.485850
vt 0.315393 0.487098
vt 0.315734 0.455396
vt 0.350665 0.469596
vt 0.338036 0.495631
vt 0.303272 0.487842
vt 0.630919 0.864589
vt 0.609810 0.904376
vt 0.609807 0.871350
vt 0.615047 0.972235
vt 0.620779 0.981963
vt 0.612868 0.979496
vt 0.609358 0.936442
vt 0.617365 0.968318
vt 0.595964 0.942707
vt 0.602137 0.939715
vt 0.418734 0.487803
vt 0.397669 0.463276
vt 0.450131 0.534901
vt 0.457306 0.575686
vt 0.547394 0.834585
vt 0.570929 0.827345
vt 0.634203 0.796828
vt 0.598053 0.819386
vt 0.320116 0.398046
vt 0.366223 0.438083
vt 0.457296 0.531896
vt 0.431545 0.474472
vt 0.469759 0.582213
vt 0.532388 0.799791
vt 0.550542 0.785326
vt 0.630867 0.766619
vt 0.569833 0.769070
vt 0.338415 0.371322
vt 0.366122 0.408222
vt 0.400227 0.442313
vt 0.370571 0.393422
vt 0.346504 0.361777
vt 0.440013 0.465443
vt 0.403173 0.431724
vt 0.464398 0.528372
vt 0.477267 0.584778
vt 0.523168 0.791311
vt 0.544057 0.778310
vt 0.628508 0.757373
vt 0.566929 0.762107
vt 0.421063 0.282780
vt 0.411390 0.312447
vt 0.432818 0.324081
vt 0.454133 0.325086
vt 0.472466 0.315331
vt 0.473313 0.303490
vt 0.464811 0.279325
vt 0.452496 0.273118
vt 0.428964 0.276582
vt 0.472946 0.292150
vt 0.442332 0.272307
vt 0.434139 0.320682
vt 0.453634 0.321141
vt 0.415178 0.310071
vt 0.422386 0.284102
vt 0.428670 0.279598
vt 0.440142 0.276529
vt 0.449592 0.277106
vt 0.461020 0.282749
vt 0.470397 0.293301
vt 0.471646 0.306641
vt 0.468726 0.312453
vt 0.426550 0.291920
vt 0.425473 0.302715
vt 0.430720 0.307449
vt 0.456779 0.301343
vt 0.460497 0.297712
vt 0.454488 0.289765
vt 0.445756 0.289057
vt 0.430277 0.290085
vt 0.462681 0.291851
vt 0.438260 0.288936
vt 0.443867 0.305984
vt 0.467264 0.617879
vt 0.630600 0.106008
vt 0.638743 0.092685
vt 0.643803 0.098158
vt 0.440559 0.152927
vt 0.452529 0.150139
vt 0.411935 0.142812
vt 0.390315 0.135481
vt 0.497345 0.146219
vt 0.373429 0.126300
vt 0.482648 0.622557
vt 0.381895 0.126663
vt 0.467262 0.624814
vt 0.498852 0.188785
vt 0.497536 0.151564
vt 0.498189 0.170921
vt 0.477121 0.171050
vt 0.469051 0.152991
vt 0.466548 0.146880
vt 0.498503 0.179688
vt 0.104294 0.722233
vt 0.108982 0.704663
vt 0.110977 0.691990
vt 0.111993 0.678852
vt 0.111135 0.665867
vt 0.109899 0.654897
vt 0.047490 0.812213
vt 0.065566 0.791943
vt 0.071192 0.784247
vt 0.076343 0.776649
vt 0.080095 0.770827
vt 0.087055 0.759358
vt 0.093261 0.748101
vt 0.098557 0.737125
vt 0.083183 0.731041
vt 0.088804 0.717545
vt 0.077980 0.740933
vt 0.071996 0.751124
vt 0.065422 0.761615
vt 0.062010 0.767010
vt 0.057269 0.774235
vt 0.052103 0.781590
vt 0.034622 0.801184
vt 0.091743 0.654305
vt 0.093374 0.665551
vt 0.094213 0.677828
vt 0.094020 0.689738
vt 0.092852 0.701585
vt 0.065795 0.723375
vt 0.071432 0.712317
vt 0.060784 0.731879
vt 0.055054 0.741102
vt 0.048611 0.750861
vt 0.045479 0.755985
vt 0.041150 0.763015
vt 0.037084 0.769656
vt 0.021772 0.787875
vt 0.071342 0.656619
vt 0.073963 0.667426
vt 0.074431 0.678599
vt 0.074463 0.689191
vt 0.074362 0.698969
vt 0.818391 0.221399
vt 0.824267 0.221921
vt 0.821841 0.235360
vt 0.816293 0.234052
vt 0.812254 0.053529
vt 0.807762 0.057278
vt 0.816837 0.069995
vt 0.812231 0.072699
vt 0.820860 0.085827
vt 0.816270 0.087524
vt 0.824116 0.099149
vt 0.819517 0.100143
vt 0.826814 0.109841
vt 0.821572 0.110654
vt 0.827227 0.120915
vt 0.822626 0.121422
vt 0.829310 0.136904
vt 0.823599 0.134989
vt 0.829000 0.153492
vt 0.823440 0.151446
vt 0.827912 0.171588
vt 0.822600 0.168736
vt 0.827472 0.189631
vt 0.821795 0.188311
vt 0.826652 0.202533
vt 0.820838 0.201549
vt 0.829431 0.238446
vt 0.825857 0.253529
vt 0.832155 0.223552
vt 0.834674 0.203319
vt 0.244618 0.318121
vt 0.833395 0.174311
vt 0.834183 0.158449
vt 0.834644 0.138714
vt 0.832995 0.120801
vt 0.832591 0.108883
vt 0.830152 0.097381
vt 0.826892 0.082966
vt 0.823621 0.067013
vt 0.076160 0.375816
vt 0.089849 0.372039
vt 0.108375 0.012329
vt 0.088354 0.008202
vt 0.086746 0.033136
vt 0.106468 0.035385
vt 0.104080 0.056013
vt 0.087294 0.053765
vt 0.063122 0.248935
vt 0.082256 0.249324
vt 0.082518 0.263017
vt 0.064824 0.262659
vt 0.083497 0.283667
vt 0.069491 0.283521
vt 0.071852 0.301692
vt 0.084734 0.302779
vt 0.085951 0.325065
vt 0.074345 0.322893
vt 0.076055 0.333444
vt 0.087214 0.335167
vt 0.087817 0.342699
vt 0.077340 0.343519
vt 0.077972 0.362843
vt 0.089123 0.359337
vt 0.116237 0.365416
vt 0.136177 0.019959
vt 0.133175 0.039910
vt 0.129579 0.060119
vt 0.106202 0.249637
vt 0.106611 0.263926
vt 0.107597 0.281086
vt 0.108946 0.299120
vt 0.110901 0.322915
vt 0.112139 0.332001
vt 0.113063 0.339517
vt 0.114884 0.354283
vt 0.155223 0.023901
vt 0.134688 0.364199
vt 0.152144 0.363438
vt 0.173334 0.027691
vt 0.147222 0.062895
vt 0.151618 0.043038
vt 0.169115 0.046073
vt 0.163841 0.065516
vt 0.122913 0.263994
vt 0.122356 0.249720
vt 0.137370 0.249686
vt 0.138120 0.263766
vt 0.139149 0.278905
vt 0.123922 0.280180
vt 0.127853 0.321935
vt 0.125400 0.298089
vt 0.140686 0.296578
vt 0.143615 0.320551
vt 0.146490 0.337756
vt 0.130343 0.338781
vt 0.129191 0.331134
vt 0.145083 0.329939
vt 0.132706 0.353189
vt 0.149464 0.352045
vt 0.241684 0.039029
vt 0.213272 0.362427
vt 0.224929 0.356641
vt 0.263518 0.048721
vt 0.231138 0.061019
vt 0.251474 0.070322
vt 0.242440 0.087357
vt 0.222897 0.079077
vt 0.190106 0.248006
vt 0.211059 0.246525
vt 0.211507 0.257880
vt 0.190677 0.259521
vt 0.212277 0.277713
vt 0.192090 0.278871
vt 0.193519 0.294724
vt 0.212980 0.293978
vt 0.212083 0.313526
vt 0.196570 0.313598
vt 0.198579 0.324031
vt 0.210752 0.321689
vt 0.204947 0.335399
vt 0.199367 0.333111
vt 0.206788 0.354102
vt 0.211788 0.353324
vt 0.163911 0.328942
vt 0.165700 0.336662
vt 0.158915 0.295378
vt 0.162284 0.318649
vt 0.157201 0.277886
vt 0.156304 0.262574
vt 0.155535 0.249386
vt 0.191110 0.050726
vt 0.184953 0.069171
vt 0.196713 0.031818
vt 0.173732 0.364398
vt 0.169873 0.352608
vt 0.246797 0.315517
vt 0.265116 0.304695
vt 0.268448 0.309698
vt 0.251408 0.318712
vt 0.246218 0.297641
vt 0.258110 0.284943
vt 0.262900 0.300406
vt 0.246430 0.313255
vt 0.249393 0.256174
vt 0.255280 0.272593
vt 0.248651 0.281266
vt 0.242913 0.256946
vt 0.240927 0.243468
vt 0.245058 0.242968
vt 0.284352 0.091583
vt 0.286229 0.097472
vt 0.277991 0.112265
vt 0.274691 0.109392
vt 0.254245 0.340536
vt 0.278424 0.330716
vt 0.290457 0.328604
vt 0.298057 0.068882
vt 0.257105 0.329582
vt 0.273198 0.319488
vt 0.088520 0.350149
vt 0.113795 0.345396
vt 0.077778 0.352688
vt 0.131287 0.344714
vt 0.147684 0.343790
vt 0.167479 0.344079
vt 0.200667 0.344612
vt 0.204490 0.345235
vt 0.054392 0.284382
vt 0.040058 0.286314
vt 0.032449 0.262804
vt 0.045152 0.262626
vt 0.070754 0.007518
vt 0.060783 0.034644
vt 0.049574 0.035454
vt 0.057606 0.008376
vt 0.062065 0.379759
vt 0.051331 0.379364
vt 0.053648 0.368318
vt 0.065422 0.367567
vt 0.052826 0.344841
vt 0.065769 0.344096
vt 0.065786 0.354609
vt 0.053656 0.355708
vt 0.051977 0.332511
vt 0.063880 0.332303
vt 0.049302 0.319670
vt 0.061966 0.321683
vt 0.045091 0.301983
vt 0.058264 0.301866
vt 0.031619 0.248180
vt 0.041721 0.248426
vt 0.053204 0.051944
vt 0.046801 0.052056
vt 0.225857 0.245143
vt 0.226135 0.257009
vt 0.227055 0.277120
vt 0.226750 0.293363
vt 0.227040 0.311011
vt 0.225928 0.316285
vt 0.247392 0.348541
vt 0.291582 0.064881
vt 0.278362 0.087181
vt 0.268820 0.104526
vt 0.237865 0.311811
vt 0.234655 0.315613
vt 0.238838 0.295170
vt 0.239932 0.278533
vt 0.238063 0.256733
vt 0.235083 0.244151
vt 0.237947 0.354417
vt 0.278570 0.057041
vt 0.265846 0.078491
vt 0.256363 0.095504
vt 0.724515 0.372889
vt 0.721641 0.382470
vt 0.892218 0.380879
vt 0.716437 0.370327
vt 0.880223 0.367906
vt 0.888642 0.371027
vt 0.772094 0.320059
vt 0.763434 0.326182
vt 0.758306 0.322058
vt 0.768859 0.312946
vt 0.751867 0.336176
vt 0.749730 0.327721
vt 0.736335 0.340885
vt 0.741685 0.346228
vt 0.737679 0.350300
vt 0.731542 0.346020
vt 0.733988 0.355236
vt 0.729245 0.362402
vt 0.722281 0.358199
vt 0.727393 0.350863
vt 0.779515 0.310192
vt 0.781461 0.317071
vt 0.876384 0.359307
vt 0.881989 0.356499
vt 0.085180 0.053586
vt 0.083272 0.037333
vt 0.063912 0.037417
vt 0.057590 0.052032
vt 0.028107 0.263359
vt 0.031767 0.284388
vt 0.025035 0.283045
vt 0.023696 0.263791
vt 0.033185 0.401978
vt 0.046448 0.036461
vt 0.044062 0.037250
vt 0.044349 0.008366
vt 0.040594 0.378733
vt 0.032403 0.377889
vt 0.031497 0.367416
vt 0.041113 0.367685
vt 0.040461 0.355629
vt 0.030295 0.355715
vt 0.029654 0.345295
vt 0.039729 0.345146
vt 0.029423 0.331841
vt 0.039214 0.332334
vt 0.029628 0.318910
vt 0.038164 0.319298
vt 0.027935 0.302594
vt 0.035404 0.302198
vt 0.809421 0.233154
vt 0.811512 0.220649
vt 0.801312 0.058978
vt 0.805539 0.074059
vt 0.809472 0.088578
vt 0.812654 0.101084
vt 0.814728 0.111669
vt 0.815855 0.122523
vt 0.816589 0.135796
vt 0.816497 0.151645
vt 0.815791 0.168451
vt 0.814903 0.187605
vt 0.813964 0.200676
vt 0.719895 0.192856
vt 0.706692 0.191289
vt 0.706756 0.180986
vt 0.719988 0.182389
vt 0.716727 0.213344
vt 0.703026 0.209718
vt 0.712339 0.223968
vt 0.699333 0.219420
vt 0.705238 0.239650
vt 0.690373 0.085647
vt 0.707769 0.088628
vt 0.696330 0.095257
vt 0.713717 0.100489
vt 0.701372 0.105378
vt 0.718385 0.111424
vt 0.705268 0.115058
vt 0.721394 0.121996
vt 0.707543 0.124499
vt 0.722019 0.132812
vt 0.708407 0.134140
vt 0.721310 0.144082
vt 0.707963 0.144481
vt 0.720175 0.155998
vt 0.707128 0.155735
vt 0.719356 0.168194
vt 0.706829 0.167427
vt 0.693381 0.220412
vt 0.791136 0.018681
vt 0.799449 0.023959
vt 0.695468 0.209475
vt 0.688625 0.229726
vt 0.909494 0.012877
vt 0.691947 0.096383
vt 0.902305 0.017094
vt 0.695773 0.104549
vt 0.894329 0.021256
vt 0.698353 0.114671
vt 0.885376 0.025088
vt 0.700008 0.125948
vt 0.875722 0.028549
vt 0.702024 0.137151
vt 0.865826 0.031281
vt 0.703043 0.147656
vt 0.856254 0.033326
vt 0.702761 0.157059
vt 0.847188 0.034511
vt 0.702519 0.165944
vt 0.838390 0.034814
vt 0.702048 0.177031
vt 0.827580 0.034133
vt 0.699976 0.188143
vt 0.817859 0.031952
vt 0.748932 0.183760
vt 0.743491 0.184546
vt 0.744454 0.168175
vt 0.749926 0.167501
vt 0.747258 0.196160
vt 0.741427 0.196397
vt 0.743701 0.216458
vt 0.737939 0.215311
vt 0.741913 0.228901
vt 0.736344 0.227603
vt 0.739474 0.244916
vt 0.728527 0.069671
vt 0.738941 0.083285
vt 0.733054 0.083884
vt 0.742803 0.096299
vt 0.737249 0.097411
vt 0.745807 0.107943
vt 0.740300 0.109077
vt 0.747879 0.118289
vt 0.742137 0.118969
vt 0.749267 0.128685
vt 0.743633 0.128798
vt 0.750108 0.140451
vt 0.744527 0.140480
vt 0.750334 0.153677
vt 0.744825 0.154000
vt 0.729776 0.182250
vt 0.729873 0.167762
vt 0.729875 0.193692
vt 0.726168 0.215835
vt 0.721748 0.227415
vt 0.716733 0.243949
vt 0.717683 0.085422
vt 0.723501 0.097663
vt 0.728168 0.109139
vt 0.731140 0.120438
vt 0.732065 0.131865
vt 0.731528 0.143514
vt 0.730483 0.155518
vt 0.756222 0.184532
vt 0.757298 0.167726
vt 0.754722 0.196746
vt 0.751590 0.216769
vt 0.749811 0.228784
vt 0.747449 0.245124
vt 0.746775 0.082446
vt 0.750409 0.095659
vt 0.753292 0.107329
vt 0.755322 0.117532
vt 0.756632 0.127815
vt 0.757477 0.139710
vt 0.757731 0.153345
vt 0.793437 0.185909
vt 0.794473 0.168160
vt 0.792323 0.198516
vt 0.789695 0.218797
vt 0.787891 0.230920
vt 0.785237 0.247473
vt 0.784521 0.077400
vt 0.788061 0.091123
vt 0.790930 0.103407
vt 0.792880 0.114273
vt 0.794178 0.125278
vt 0.794885 0.138065
vt 0.794964 0.152734
vt 0.022721 0.247976
vt 0.027054 0.248074
vt 0.044707 0.052112
vt 0.043106 0.052165
vt 0.894011 0.372911
vt 0.885909 0.354547
vt 0.896190 0.383000
vt 0.713190 0.368234
vt 0.718856 0.356232
vt 0.724491 0.348160
vt 0.729188 0.342777
vt 0.733639 0.337645
vt 0.746960 0.325039
vt 0.755488 0.319588
vt 0.764745 0.310485
vt 0.251069 0.242220
vt 0.018850 0.284747
vt 0.015857 0.263993
vt 0.033223 0.035952
vt 0.035639 0.009112
vt 0.024999 0.375164
vt 0.023988 0.363879
vt 0.023136 0.352294
vt 0.022861 0.342458
vt 0.022795 0.330857
vt 0.023324 0.318285
vt 0.022217 0.303730
vt 0.015217 0.247815
vt 0.031875 0.052637
vt 0.017836 0.284848
vt 0.820869 0.495963
vt 0.835201 0.501970
vt 0.014761 0.263945
vt 0.031968 0.035697
vt 0.944964 0.438846
vt 0.948458 0.421415
vt 0.014808 0.397734
vt 0.793095 0.441906
vt 0.020191 0.377931
vt 0.794024 0.449219
vt 0.018956 0.364536
vt 0.796454 0.457559
vt 0.018136 0.351959
vt 0.798761 0.464929
vt 0.017926 0.341401
vt 0.801925 0.473757
vt 0.018299 0.327963
vt 0.805694 0.482345
vt 0.019629 0.314953
vt 0.813523 0.490582
vt 0.019077 0.298692
vt 0.846359 0.506411
vt 0.842810 0.515361
vt 0.030600 0.052696
vt 0.942220 0.452686
vt 0.797357 0.009328
vt 0.804432 0.014198
vt 0.790428 0.002360
vt 0.896698 0.007516
vt 0.889374 0.011152
vt 0.881168 0.014475
vt 0.872238 0.017472
vt 0.863211 0.020126
vt 0.854626 0.022076
vt 0.846708 0.023241
vt 0.839036 0.023461
vt 0.829675 0.023042
vt 0.821450 0.021262
vt 0.462020 0.093785
vt 0.454038 0.098579
vt 0.445071 0.096520
vt 0.439409 0.094902
vt 0.431697 0.091241
vt 0.419446 0.088062
vt 0.406961 0.081170
vt 0.595179 0.052990
vt 0.586378 0.061125
vt 0.131727 0.712845
vt 0.129305 0.647181
vt 0.139835 0.712078
vt 0.939509 0.452183
vt 0.135803 0.696821
vt 0.139836 0.696714
vt 0.139838 0.679778
vt 0.135597 0.662993
vt 0.139839 0.663115
vt 0.070519 0.709902
vt 0.073928 0.697601
vt 0.073712 0.688676
vt 0.073713 0.679616
vt 0.073324 0.668288
vt 0.071333 0.658399
vt 0.019139 0.787560
vt 0.033541 0.769589
vt 0.037357 0.761328
vt 0.042040 0.753852
vt 0.045437 0.748354
vt 0.052071 0.738559
vt 0.058263 0.729108
vt 0.064188 0.720506
vt 0.501010 0.255994
vt 0.628322 0.104472
vt 0.425934 0.008646
vt 0.932101 0.287173
vt 0.938582 0.282102
vt 0.946480 0.291582
vt 0.426936 0.021379
vt 0.953556 0.299078
vt 0.425426 0.027806
vt 0.956904 0.301054
vt 0.420867 0.003345
vt 0.928727 0.289517
vt 0.423114 0.009425
vt 0.424723 0.020840
vt 0.421588 0.024422
vt 0.418984 0.004995
vt 0.423507 0.024494
vt 0.418962 0.029179
vt 0.411389 0.000034
vt 0.919363 0.294082
vt 0.410740 0.023440
vt 0.410999 0.002706
vt 0.410869 0.030384
vt 0.401910 0.003943
vt 0.916537 0.296031
vt 0.404497 0.023416
vt 0.403840 0.005862
vt 0.405106 0.030614
vt 0.910411 0.298324
vt 0.396734 0.011239
vt 0.909104 0.311118
vt 0.905854 0.299289
vt 0.395798 0.024900
vt 0.917545 0.326201
vt 0.400082 0.030359
vt 0.920099 0.338656
vt 0.898279 0.308390
vt 0.892518 0.298665
vt 0.890015 0.335822
vt 0.889260 0.332145
vt 0.898389 0.330846
vt 0.898832 0.333146
vt 0.891668 0.338786
vt 0.899513 0.336070
vt 0.883673 0.297199
vt 0.884493 0.306451
vt 0.787497 0.365274
vt 0.775293 0.367401
vt 0.804425 0.356433
vt 0.804053 0.364434
vt 0.895605 0.356262
vt 0.809822 0.366836
vt 0.775661 0.372261
vt 0.787917 0.371095
vt 0.787380 0.378092
vt 0.775768 0.378740
vt 0.803668 0.373737
vt 0.802797 0.377800
vt 0.808203 0.374576
vt 0.807656 0.379146
vt 0.787255 0.390256
vt 0.776357 0.390661
vt 0.801831 0.390201
vt 0.806100 0.389719
vt 0.786603 0.396367
vt 0.776512 0.395500
vt 0.801611 0.393219
vt 0.806209 0.393688
vt 0.785639 0.407780
vt 0.776508 0.405824
vt 0.799258 0.407018
vt 0.968598 0.275951
vt 0.945601 0.273131
vt 0.951230 0.279291
vt 0.960564 0.287493
vt 0.964980 0.286202
vt 0.984297 0.296663
vt 0.986677 0.303516
vt 0.978735 0.308047
vt 0.976246 0.302513
vt 0.981858 0.322791
vt 0.981767 0.325012
vt 0.962243 0.323980
vt 0.981988 0.356039
vt 0.977960 0.359644
vt 0.970379 0.351565
vt 0.973087 0.348377
vt 0.949144 0.359333
vt 0.948229 0.358230
vt 0.945938 0.340154
vt 0.924112 0.371627
vt 0.921001 0.370922
vt 0.924155 0.363508
vt 0.926441 0.363906
vt 0.930862 0.333463
vt 0.814071 0.360902
vt 0.812467 0.368267
vt 0.811820 0.376175
vt 0.811569 0.379357
vt 0.809476 0.391232
vt 0.809216 0.393723
vt 0.970147 0.276873
vt 0.965922 0.287135
vt 0.958164 0.301204
vt 0.954015 0.317276
vt 0.419953 0.031127
vt 0.953882 0.320937
vt 0.945243 0.330564
vt 0.411168 0.032737
vt 0.404699 0.032752
vt 0.939356 0.332817
vt 0.962399 0.300989
vt 0.969751 0.288972
vt 0.972368 0.289492
vt 0.964427 0.299999
vt 0.816870 0.396172
vt 0.821717 0.398604
vt 0.975938 0.280708
vt 0.808060 0.410451
vt 0.969915 0.318357
vt 0.981790 0.317961
vt 0.980993 0.321288
vt 0.964985 0.321372
vt 0.981278 0.331024
vt 0.966666 0.328661
vt 0.817831 0.380206
vt 0.954981 0.369728
vt 0.821040 0.397315
vt 0.815095 0.393333
vt 0.954219 0.358651
vt 0.951432 0.344404
vt 0.944542 0.357804
vt 0.941544 0.344077
vt 0.814916 0.369633
vt 0.815190 0.361616
vt 0.899534 0.360767
vt 0.821636 0.368606
vt 0.909312 0.353702
vt 0.905049 0.349717
vt 0.920289 0.344505
vt 0.931893 0.338032
vt 0.930465 0.344880
vt 0.977611 0.291548
vt 0.969807 0.299101
vt 0.827945 0.401999
vt 0.815141 0.417926
vt 0.983861 0.313979
vt 0.972968 0.316304
vt 0.995395 0.302484
vt 0.825467 0.416612
vt 0.969464 0.332691
vt 0.982862 0.335186
vt 0.984476 0.339301
vt 0.971269 0.335082
vt 0.829247 0.378495
vt 0.832297 0.378369
vt 0.994281 0.339069
vt 0.825824 0.399214
vt 0.957012 0.348858
vt 0.960964 0.361360
vt 0.958190 0.360206
vt 0.954860 0.347110
vt 0.985613 0.344684
vt 0.974743 0.339409
vt 0.838764 0.378802
vt 0.835059 0.402745
vt 0.966945 0.362664
vt 0.961300 0.351779
vt 0.982525 0.367443
vt 0.845505 0.394779
vt 0.938265 0.350338
vt 0.941482 0.361287
vt 0.938750 0.364619
vt 0.935986 0.355235
vt 0.825921 0.367360
vt 0.901496 0.363486
vt 0.830114 0.354681
vt 0.829735 0.366294
vt 0.918566 0.354104
vt 0.910628 0.361151
vt 0.910004 0.357558
vt 0.919359 0.349725
vt 0.929700 0.349060
vt 0.928935 0.352782
vt 0.932356 0.369871
vt 0.933843 0.360301
vt 0.908819 0.373004
vt 0.838782 0.365712
vt 0.914370 0.367347
vt 0.919355 0.358443
vt 0.927709 0.358440
vt 0.929711 0.363708
vt 0.927384 0.371522
vt 0.923217 0.379088
vt 0.918335 0.378367
vt 0.911039 0.327233
vt 0.906795 0.316466
vt 0.887499 0.311985
vt 0.804166 0.349248
vt 0.895995 0.314157
vt 0.916727 0.338769
vt 0.907111 0.346099
vt 0.900209 0.351666
vt 0.909018 0.328142
vt 0.905304 0.318141
vt 0.789864 0.348980
vt 0.804800 0.347541
vt 0.894747 0.316130
vt 0.913772 0.338875
vt 0.903830 0.345022
vt 0.898802 0.351212
vt 0.900401 0.321148
vt 0.904452 0.329859
vt 0.900591 0.332031
vt 0.898768 0.326708
vt 0.806170 0.343713
vt 0.791373 0.342345
vt 0.881184 0.326711
vt 0.808428 0.339548
vt 0.889254 0.327271
vt 0.891170 0.320980
vt 0.906411 0.339894
vt 0.901724 0.337720
vt 0.898073 0.343588
vt 0.893273 0.340425
vt 0.893196 0.349095
vt 0.887411 0.345244
vt 0.881122 0.333533
vt 0.882829 0.338858
vt 0.885585 0.342858
vt 0.933303 0.275588
vt 0.940294 0.267768
vt 0.927278 0.280195
vt 0.768622 0.405760
vt 0.768701 0.396046
vt 0.923742 0.281998
vt 0.768455 0.390726
vt 0.917727 0.287753
vt 0.767825 0.378497
vt 0.914839 0.289438
vt 0.767681 0.372637
vt 0.904080 0.291393
vt 0.910357 0.289840
vt 0.896637 0.291976
vt 0.766340 0.363543
vt 0.890849 0.291177
vt 0.397890 0.024163
vt 0.398920 0.011834
vt 0.401494 0.028547
vt 0.846611 0.371891
vt 0.841158 0.375683
vt 0.941453 0.373026
vt 0.827699 0.377532
vt 0.817831 0.378160
vt 0.822888 0.377748
vt 0.814454 0.394317
vt 0.971334 0.277820
vt 0.966990 0.288135
vt 0.959600 0.301423
vt 0.908777 0.283040
vt 0.923309 0.275182
vt 0.929605 0.270518
vt 0.934848 0.265732
vt 0.939454 0.260802
vt 0.763112 0.400970
vt 0.762974 0.392662
vt 0.762150 0.375514
vt 0.761476 0.367254
vt 0.760529 0.360010
vt 0.759524 0.353318
vt 0.901604 0.285739
vt 0.757483 0.400820
vt 0.757219 0.392842
vt 0.757582 0.407893
vt 0.931556 0.260481
vt 0.926195 0.265069
vt 0.919975 0.269604
vt 0.916191 0.279352
vt 0.912958 0.273808
vt 0.905636 0.277497
vt 0.898511 0.280388
vt 0.891833 0.282979
vt 0.755059 0.360919
vt 0.755783 0.368022
vt 0.756379 0.376016
vt 0.749406 0.361694
vt 0.888749 0.278192
vt 0.895518 0.275251
vt 0.902629 0.272166
vt 0.909831 0.268487
vt 0.916710 0.264314
vt 0.922910 0.259860
vt 0.928455 0.255346
vt 0.752139 0.407924
vt 0.751680 0.400818
vt 0.751285 0.393000
vt 0.750448 0.376582
vt 0.749946 0.368783
vt 0.250990 0.521151
vt 0.253877 0.521626
vt 0.253064 0.527472
vt 0.250157 0.527126
vt 0.269150 0.528280
vt 0.270420 0.523515
vt 0.276048 0.528129
vt 0.277283 0.524365
vt 0.189156 0.514828
vt 0.188882 0.521721
vt 0.194175 0.512798
vt 0.194232 0.520421
vt 0.199425 0.511612
vt 0.199654 0.519559
vt 0.204786 0.511258
vt 0.205074 0.519421
vt 0.212056 0.520040
vt 0.211400 0.511837
vt 0.221802 0.514121
vt 0.222103 0.521763
vt 0.227405 0.515586
vt 0.227794 0.522930
vt 0.233516 0.517216
vt 0.233693 0.524154
vt 0.239772 0.518842
vt 0.239788 0.525280
vt 0.243300 0.519613
vt 0.243159 0.525910
vt 0.264244 0.634351
vt 0.259188 0.634283
vt 0.257167 0.615350
vt 0.262370 0.614914
vt 0.282017 0.633727
vt 0.281128 0.614668
vt 0.175052 0.639645
vt 0.293000 0.614883
vt 0.183538 0.637735
vt 0.182313 0.618260
vt 0.191350 0.636449
vt 0.190554 0.617799
vt 0.198833 0.636864
vt 0.198449 0.617974
vt 0.205936 0.637749
vt 0.205766 0.618782
vt 0.216632 0.639653
vt 0.216162 0.620241
vt 0.227095 0.639561
vt 0.225759 0.620489
vt 0.234512 0.638664
vt 0.232231 0.619411
vt 0.241781 0.637111
vt 0.238955 0.618088
vt 0.249087 0.635353
vt 0.246223 0.616697
vt 0.250341 0.616123
vt 0.253063 0.634747
vt 0.215659 0.615387
vt 0.205460 0.613918
vt 0.205419 0.608844
vt 0.214974 0.610556
vt 0.198600 0.607931
vt 0.198370 0.613045
vt 0.191225 0.607530
vt 0.190662 0.612777
vt 0.183623 0.607509
vt 0.182685 0.612990
vt 0.292934 0.605734
vt 0.292753 0.610304
vt 0.281180 0.609627
vt 0.281258 0.604424
vt 0.262080 0.609966
vt 0.261651 0.604899
vt 0.256296 0.605426
vt 0.256864 0.610451
vt 0.244913 0.606815
vt 0.249080 0.606215
vt 0.249820 0.611202
vt 0.245669 0.611796
vt 0.237674 0.608076
vt 0.238330 0.613108
vt 0.231027 0.609326
vt 0.231636 0.614385
vt 0.224673 0.610233
vt 0.225284 0.615380
vt 0.214373 0.600196
vt 0.204523 0.598590
vt 0.203520 0.589041
vt 0.213788 0.590121
vt 0.196309 0.588516
vt 0.197469 0.597884
vt 0.189027 0.588387
vt 0.190159 0.597506
vt 0.180762 0.588624
vt 0.182882 0.597476
vt 0.290196 0.586420
vt 0.291532 0.596321
vt 0.280808 0.594340
vt 0.280263 0.585118
vt 0.261919 0.595392
vt 0.262624 0.586842
vt 0.258318 0.587505
vt 0.257034 0.596028
vt 0.246402 0.588684
vt 0.251070 0.588275
vt 0.249921 0.596808
vt 0.245769 0.597292
vt 0.239085 0.589302
vt 0.238400 0.598241
vt 0.231942 0.589861
vt 0.231465 0.599246
vt 0.224851 0.590297
vt 0.224623 0.599885
vt 0.239913 0.532218
vt 0.233822 0.531434
vt 0.227934 0.530575
vt 0.222328 0.529695
vt 0.212627 0.528342
vt 0.205550 0.527688
vt 0.199903 0.527626
vt 0.194055 0.528203
vt 0.188256 0.529054
vt 0.275986 0.532136
vt 0.269130 0.533609
vt 0.253262 0.533900
vt 0.250209 0.533550
vt 0.243305 0.532730
vt 0.238243 0.579091
vt 0.245548 0.578777
vt 0.231117 0.579300
vt 0.224077 0.579374
vt 0.213110 0.578901
vt 0.203206 0.578120
vt 0.196055 0.577702
vt 0.188620 0.578046
vt 0.179987 0.578904
vt 0.289027 0.574743
vt 0.279199 0.575768
vt 0.262065 0.578002
vt 0.257740 0.578248
vt 0.250216 0.578568
vt 0.149193 0.695395
vt 0.151792 0.709127
vt 0.146551 0.696033
vt 0.146173 0.680622
vt 0.142926 0.680644
vt 0.149582 0.666200
vt 0.145549 0.665259
vt 0.227465 0.837739
vt 0.224762 0.839271
vt 0.213789 0.826753
vt 0.216771 0.824883
vt 0.927512 0.493810
vt 0.197692 0.804249
vt 0.191761 0.795864
vt 0.920908 0.499073
vt 0.182303 0.781450
vt 0.186389 0.787726
vt 0.914585 0.503953
vt 0.909332 0.506896
vt 0.174914 0.768954
vt 0.898831 0.511573
vt 0.168385 0.756656
vt 0.888339 0.514504
vt 0.162885 0.744654
vt 0.878822 0.515704
vt 0.157149 0.728399
vt 0.866774 0.512501
vt 0.843800 0.931419
vt 0.833627 0.931498
vt 0.790806 0.316346
vt 0.511996 0.078466
vt 0.614021 0.113076
vt 0.603074 0.118982
vt 0.584646 0.109660
vt 0.594406 0.102605
vt 0.621502 0.106837
vt 0.601940 0.095939
vt 0.530036 0.141337
vt 0.512528 0.141475
vt 0.512522 0.134399
vt 0.525982 0.132622
vt 0.542958 0.129470
vt 0.550137 0.139824
vt 0.549648 0.127262
vt 0.558350 0.123993
vt 0.569238 0.135465
vt 0.559382 0.137797
vt 0.592401 0.124943
vt 0.579412 0.130578
vt 0.566753 0.120152
vt 0.574279 0.116131
vt 0.508952 0.119923
vt 0.522491 0.118214
vt 0.537558 0.115008
vt 0.543771 0.113614
vt 0.550451 0.111254
vt 0.558275 0.108303
vt 0.564945 0.105077
vt 0.574902 0.099020
vt 0.584615 0.091839
vt 0.593420 0.085018
vt 0.506130 0.104605
vt 0.519916 0.101421
vt 0.533054 0.101516
vt 0.539363 0.100389
vt 0.545769 0.098453
vt 0.552406 0.096348
vt 0.559154 0.091895
vt 0.569325 0.087734
vt 0.578841 0.077819
vt 0.585613 0.073565
vt 0.252510 0.515623
vt 0.255468 0.516197
vt 0.272351 0.518822
vt 0.183968 0.511146
vt 0.188225 0.508388
vt 0.192554 0.505264
vt 0.197629 0.503357
vt 0.203070 0.502576
vt 0.211214 0.503238
vt 0.222023 0.506483
vt 0.228146 0.508554
vt 0.234499 0.510647
vt 0.240925 0.512776
vt 0.244556 0.513724
vt 0.257666 0.512262
vt 0.254509 0.511594
vt 0.255953 0.498636
vt 0.262098 0.501983
vt 0.278943 0.506188
vt 0.274240 0.514954
vt 0.290753 0.505739
vt 0.183026 0.508272
vt 0.186177 0.504143
vt 0.175536 0.497859
vt 0.189966 0.499869
vt 0.195676 0.496464
vt 0.197206 0.462352
vt 0.201662 0.495053
vt 0.201976 0.470139
vt 0.214024 0.477554
vt 0.210902 0.496001
vt 0.222228 0.500448
vt 0.226132 0.483381
vt 0.228654 0.503045
vt 0.238710 0.483908
vt 0.235438 0.505553
vt 0.243653 0.489424
vt 0.242142 0.508273
vt 0.247191 0.493090
vt 0.246008 0.509408
vt 0.250328 0.495125
vt 0.262585 0.483845
vt 0.267972 0.486500
vt 0.284957 0.488837
vt 0.295417 0.486999
vt 0.156317 0.500528
vt 0.216747 0.021190
vt 0.211596 0.445092
vt 0.230994 0.455091
vt 0.221908 0.466071
vt 0.213746 0.464845
vt 0.223270 0.449474
vt 0.231920 0.473159
vt 0.240159 0.461265
vt 0.236749 0.476156
vt 0.245900 0.464824
vt 0.252112 0.469605
vt 0.255140 0.474761
vt 0.257782 0.478292
vt 0.259778 0.480903
vt 0.266657 0.470027
vt 0.952698 0.003889
vt 0.931444 0.000042
vt 0.920671 0.002573
vt 0.917189 0.005406
vt 0.914411 0.011101
vt 0.914105 0.015882
vt 0.914216 0.024430
vt 0.914533 0.038038
vt 0.925132 0.045989
vt 0.942947 0.045932
vt 0.253949 0.457455
vt 0.257374 0.461553
vt 0.958553 0.027561
vt 0.959817 0.022801
vt 0.959607 0.016319
vt 0.927531 0.032350
vt 0.942134 0.032301
vt 0.929470 0.016340
vt 0.930407 0.008601
vt 0.951003 0.011842
vt 0.943044 0.018404
vt 0.942722 0.023322
vt 0.928861 0.021369
vt 0.065130 0.064356
vt 0.855093 0.541121
vt 0.077607 0.064557
vt 0.840181 0.536175
vt 0.849808 0.590576
vt 0.849362 0.627985
vt 0.837244 0.586032
vt 0.836962 0.624292
vt 0.848709 0.666427
vt 0.846398 0.713530
vt 0.836656 0.663161
vt 0.835759 0.710784
vt 0.844192 0.758361
vt 0.843020 0.810797
vt 0.834859 0.756227
vt 0.834306 0.809352
vt 0.842278 0.852775
vt 0.842724 0.879902
vt 0.833990 0.851891
vt 0.833806 0.879377
vt 0.843336 0.909218
vt 0.833701 0.909047
vt 0.851190 0.562544
vt 0.838328 0.556931
vt 0.854062 0.544832
vt 0.839867 0.538701
vt 0.320845 0.017016
vt 0.328528 0.017177
vt 0.336382 0.018171
vt 0.344538 0.019893
vt 0.352877 0.022209
vt 0.361047 0.025082
vt 0.368742 0.028320
vt 0.375753 0.031957
vt 0.381773 0.036303
vt 0.281657 0.030659
vt 0.288848 0.026817
vt 0.304515 0.020129
vt 0.313237 0.018113
vt 0.564512 0.365666
vt 0.585753 0.358895
vt 0.603170 0.394878
vt 0.585672 0.416635
vt 0.427878 0.781771
vt 0.399658 0.766723
vt 0.387150 0.736263
vt 0.410689 0.735636
vt 0.571996 0.170698
vt 0.593651 0.184344
vt 0.564022 0.199627
vt 0.550260 0.196200
vt 0.607511 0.280190
vt 0.639697 0.304616
vt 0.636483 0.340557
vt 0.606232 0.315567
vt 0.404743 0.645565
vt 0.386588 0.649945
vt 0.629755 0.169510
vt 0.620458 0.150318
vt 0.308991 0.739475
vt 0.687584 0.313951
vt 0.374128 0.734051
vt 0.370252 0.746713
vt 0.690419 0.569262
vt 0.638837 0.579863
vt 0.647407 0.550922
vt 0.688398 0.558891
vt 0.598338 0.158957
vt 0.610372 0.178289
vt 0.661670 0.308398
vt 0.658941 0.335556
vt 0.564814 0.454708
vt 0.606659 0.418586
vt 0.350908 0.918089
vt 0.338562 0.911611
vt 0.345761 0.883387
vt 0.365180 0.893766
vt 0.619710 0.367874
vt 0.640891 0.370783
vt 0.602228 0.345069
vt 0.554788 0.332917
vt 0.578658 0.327103
vt 0.553952 0.234676
vt 0.570557 0.237203
vt 0.573074 0.258861
vt 0.555075 0.257260
vt 0.590326 0.241372
vt 0.631879 0.245130
vt 0.637638 0.271003
vt 0.592783 0.263965
vt 0.658041 0.273137
vt 0.651616 0.247550
vt 0.376857 0.711657
vt 0.683349 0.277760
vt 0.675702 0.251860
vt 0.374842 0.695006
vt 0.411898 0.715373
vt 0.390022 0.714459
vt 0.389329 0.697905
vt 0.411923 0.699204
vt 0.537410 0.367255
vt 0.550601 0.441685
vt 0.524181 0.322429
vt 0.515639 0.258197
vt 0.510738 0.267998
vt 0.532987 0.192581
vt 0.526748 0.179925
vt 0.538676 0.152605
vt 0.559126 0.160560
vt 0.429109 0.645566
vt 0.439602 0.633206
vt 0.433018 0.715233
vt 0.433035 0.699241
vt 0.444522 0.775405
vt 0.432697 0.737340
vt 0.528747 0.592070
vt 0.531001 0.521468
vt 0.547613 0.471295
vt 0.597271 0.277656
vt 0.602278 0.311291
vt 0.598389 0.308599
vt 0.589743 0.276306
vt 0.578874 0.323268
vt 0.555716 0.328090
vt 0.553919 0.325957
vt 0.575558 0.321471
vt 0.528536 0.299569
vt 0.524772 0.301642
vt 0.526676 0.288314
vt 0.528331 0.288872
vt 0.551229 0.264221
vt 0.566006 0.263608
vt 0.561459 0.265343
vt 0.549553 0.267003
vt 0.582613 0.268323
vt 0.579305 0.269793
vt 0.538808 0.271423
vt 0.537190 0.275442
vt 0.542889 0.233331
vt 0.539590 0.262869
vt 0.589919 0.144529
vt 0.620174 0.135090
vt 0.537791 0.586597
vt 0.545661 0.521638
vt 0.527585 0.318967
vt 0.531787 0.315558
vt 0.520175 0.302728
vt 0.517758 0.251995
vt 0.539383 0.216161
vt 0.552070 0.220167
vt 0.567374 0.222562
vt 0.586223 0.225858
vt 0.623970 0.225329
vt 0.642652 0.225497
vt 0.666021 0.227230
vt 0.375155 0.675944
vt 0.388720 0.678139
vt 0.411031 0.677500
vt 0.432321 0.677366
vt 0.525944 0.220783
vt 0.522071 0.212139
vt 0.579354 0.202876
vt 0.607557 0.197753
vt 0.622258 0.192615
vt 0.640384 0.185669
vt 0.369089 0.651659
vt 0.526408 0.284627
vt 0.515663 0.287207
vt 0.522556 0.277799
vt 0.531659 0.253341
vt 0.533627 0.232906
vt 0.531561 0.215438
vt 0.517681 0.200984
vt 0.513300 0.275342
vt 0.518786 0.265409
vt 0.523639 0.252410
vt 0.529717 0.231592
vt 0.528234 0.218607
vt 0.520793 0.207677
vt 0.526978 0.230999
vt 0.513909 0.248890
vt 0.521745 0.233888
vt 0.523421 0.224958
vt 0.517775 0.236581
vt 0.510434 0.246213
vt 0.507308 0.244745
vt 0.515097 0.236732
vt 0.520081 0.227164
vt 0.517121 0.228693
vt 0.503360 0.241966
vt 0.513170 0.236526
vt 0.515029 0.230444
vt 0.501013 0.237401
vt 0.501191 0.237374
vt 0.511027 0.232668
vt 0.500980 0.237393
vt 0.640388 0.022690
vt 0.641971 0.018609
vt 0.649043 0.016174
vt 0.662245 0.015909
vt 0.673938 0.019189
vt 0.682032 0.023526
vt 0.144860 0.001842
vt 0.695905 0.556376
vt 0.688868 0.551685
vt 0.691908 0.554277
vt 0.418225 0.787199
vt 0.393965 0.773341
vt 0.592412 0.573702
vt 0.365939 0.928219
vt 0.368033 0.755521
vt 0.307795 0.749336
vt 0.661901 0.344286
vt 0.641931 0.378117
vt 0.657241 0.527078
vt 0.610394 0.420851
vt 0.571819 0.457570
vt 0.697486 0.553300
vt 0.693232 0.514027
vt 0.706985 0.511685
vt 0.702525 0.548630
vt 0.673930 0.519210
vt 0.718738 0.512830
vt 0.308618 0.972953
vt 0.420812 0.833676
vt 0.551635 0.523020
vt 0.596898 0.536039
vt 0.622984 0.543481
vt 0.616190 0.494411
vt 0.638018 0.511065
vt 0.638909 0.476800
vt 0.657712 0.498008
vt 0.703370 0.477310
vt 0.680841 0.486245
vt 0.667200 0.459946
vt 0.701544 0.444288
vt 0.715513 0.478099
vt 0.713891 0.444634
vt 0.324788 0.904451
vt 0.324770 0.871423
vt 0.319592 0.972313
vt 0.321774 0.979573
vt 0.313865 0.982045
vt 0.325259 0.936517
vt 0.317271 0.968398
vt 0.332482 0.939786
vt 0.338657 0.942774
vt 0.598961 0.480179
vt 0.619240 0.455133
vt 0.569378 0.528429
vt 0.403942 0.871799
vt 0.387167 0.834629
vt 0.363622 0.827400
vt 0.707224 0.384366
vt 0.336491 0.819448
vt 0.692967 0.385674
vt 0.649572 0.428705
vt 0.562147 0.526113
vt 0.585457 0.467976
vt 0.408809 0.850166
vt 0.402146 0.799829
vt 0.383981 0.785369
vt 0.694433 0.357546
vt 0.364681 0.769112
vt 0.672276 0.359813
vt 0.647420 0.398632
vt 0.615401 0.434497
vt 0.641714 0.384050
vt 0.663337 0.350792
vt 0.576443 0.459761
vt 0.611685 0.424144
vt 0.554936 0.523259
vt 0.414124 0.839561
vt 0.411358 0.791345
vt 0.390461 0.778349
vt 0.691539 0.348981
vt 0.367582 0.762147
vt 0.593972 0.306148
vt 0.583167 0.277139
vt 0.552594 0.321905
vt 0.573887 0.318752
vt 0.531896 0.300990
vt 0.533378 0.313143
vt 0.550760 0.269367
vt 0.539038 0.276395
vt 0.574830 0.271238
vt 0.531843 0.289577
vt 0.560919 0.267699
vt 0.552634 0.318080
vt 0.572479 0.315233
vt 0.589893 0.304026
vt 0.582019 0.278598
vt 0.575469 0.274227
vt 0.563558 0.271654
vt 0.554035 0.273080
vt 0.543302 0.279683
vt 0.534575 0.290305
vt 0.533550 0.304156
vt 0.536752 0.310058
vt 0.578700 0.298177
vt 0.579245 0.287880
vt 0.572590 0.300569
vt 0.543647 0.294479
vt 0.547155 0.298475
vt 0.560038 0.284310
vt 0.551678 0.285892
vt 0.575594 0.285339
vt 0.543689 0.288148
vt 0.567174 0.283968
vt 0.560329 0.302703
vt 0.627586 0.118890
vt 0.619149 0.116252
vt 0.542376 0.145924
vt 0.554523 0.147748
vt 0.582880 0.135598
vt 0.604725 0.129519
vt 0.451879 0.622560
vt 0.621907 0.124219
vt 0.613711 0.122812
vt 0.526051 0.150300
vt 0.519226 0.169203
vt 0.528127 0.143868
vt 0.170688 0.704669
vt 0.175374 0.722240
vt 0.168696 0.691996
vt 0.167683 0.678857
vt 0.168543 0.665873
vt 0.169781 0.654903
vt 0.232168 0.812226
vt 0.214094 0.791955
vt 0.208469 0.784258
vt 0.203319 0.776660
vt 0.192609 0.759367
vt 0.199568 0.770837
vt 0.186405 0.748109
vt 0.181110 0.737132
vt 0.190865 0.717554
vt 0.196484 0.731050
vt 0.201686 0.740943
vt 0.207669 0.751134
vt 0.214241 0.761627
vt 0.217653 0.767022
vt 0.222393 0.774247
vt 0.227558 0.781602
vt 0.245037 0.801199
vt 0.187937 0.654314
vt 0.186304 0.665560
vt 0.185462 0.677836
vt 0.185654 0.689746
vt 0.186819 0.701594
vt 0.208238 0.712329
vt 0.213873 0.723387
vt 0.218883 0.731891
vt 0.224612 0.741115
vt 0.231054 0.750874
vt 0.234185 0.755998
vt 0.238513 0.763029
vt 0.242578 0.769670
vt 0.257889 0.787891
vt 0.271024 0.795717
vt 0.205715 0.667439
vt 0.205244 0.678612
vt 0.205211 0.689203
vt 0.205310 0.698981
vt 0.870168 0.214003
vt 0.872374 0.226637
vt 0.866838 0.227993
vt 0.864296 0.214575
vt 0.876073 0.244687
vt 0.874845 0.046088
vt 0.875036 0.065257
vt 0.870406 0.062593
vt 0.871127 0.080116
vt 0.866522 0.078459
vt 0.867989 0.092763
vt 0.863382 0.091809
vt 0.866027 0.103291
vt 0.860778 0.102524
vt 0.865066 0.114067
vt 0.860461 0.113601
vt 0.864211 0.127643
vt 0.858517 0.129607
vt 0.864513 0.144096
vt 0.858971 0.146191
vt 0.865502 0.161379
vt 0.860215 0.164277
vt 0.866477 0.180946
vt 0.860812 0.182315
vt 0.867549 0.194175
vt 0.861743 0.195209
vt 0.224743 0.148041
vt 0.231755 0.153175
vt 0.235577 0.159782
vt 0.232405 0.169176
vt 0.852851 0.187044
vt 0.220040 0.174245
vt 0.211334 0.174542
vt 0.200140 0.171084
vt 0.193904 0.161206
vt 0.193028 0.153661
vt 0.197535 0.147532
vt 0.206061 0.144308
vt 0.215570 0.144624
vt 0.079443 0.122714
vt 0.079310 0.097809
vt 0.096641 0.100706
vt 0.091640 0.125668
vt 0.082869 0.073705
vt 0.101043 0.076894
vt 0.064515 0.235258
vt 0.082120 0.235625
vt 0.082631 0.214868
vt 0.068798 0.214472
vt 0.071068 0.196254
vt 0.073888 0.175003
vt 0.085214 0.173144
vt 0.083698 0.195630
vt 0.075963 0.164480
vt 0.077761 0.154439
vt 0.087744 0.155373
vt 0.086796 0.162969
vt 0.079866 0.135321
vt 0.090047 0.138582
vt 0.121098 0.102658
vt 0.115342 0.131102
vt 0.125597 0.080886
vt 0.105989 0.235318
vt 0.106301 0.218061
vt 0.108812 0.175545
vt 0.107117 0.199819
vt 0.111162 0.158416
vt 0.110106 0.166201
vt 0.113456 0.142952
vt 0.137588 0.104222
vt 0.153014 0.105471
vt 0.146622 0.132960
vt 0.131574 0.131972
vt 0.158333 0.085576
vt 0.142458 0.083373
vt 0.122080 0.235412
vt 0.137064 0.235527
vt 0.122191 0.219123
vt 0.136995 0.220306
vt 0.124472 0.176613
vt 0.138841 0.178083
vt 0.137320 0.202491
vt 0.122807 0.200997
vt 0.141055 0.160208
vt 0.139903 0.168364
vt 0.125658 0.167076
vt 0.126766 0.159084
vt 0.143808 0.145138
vt 0.129271 0.143832
vt 0.205544 0.115273
vt 0.223155 0.121454
vt 0.206784 0.141084
vt 0.197382 0.136326
vt 0.214724 0.095674
vt 0.233906 0.103514
vt 0.189258 0.236626
vt 0.210048 0.235281
vt 0.188142 0.217591
vt 0.208040 0.216007
vt 0.187327 0.202166
vt 0.187486 0.183785
vt 0.201963 0.182341
vt 0.206157 0.200503
vt 0.187834 0.173615
vt 0.187322 0.164810
vt 0.191770 0.162432
vt 0.199315 0.174791
vt 0.192059 0.144236
vt 0.196192 0.144884
vt 0.156587 0.169445
vt 0.157836 0.161501
vt 0.154560 0.203397
vt 0.155811 0.179919
vt 0.155052 0.236172
vt 0.154487 0.220951
vt 0.178583 0.088058
vt 0.172209 0.106827
vt 0.164631 0.132888
vt 0.161125 0.145053
vt 0.232949 0.174372
vt 0.236127 0.170294
vt 0.254469 0.172059
vt 0.253049 0.177853
vt 0.237260 0.190268
vt 0.233310 0.176372
vt 0.252270 0.182515
vt 0.251667 0.198393
vt 0.247966 0.228807
vt 0.241399 0.229716
vt 0.243233 0.204737
vt 0.251336 0.211113
vt 0.265143 0.127172
vt 0.270261 0.127974
vt 0.234118 0.150566
vt 0.249721 0.143279
vt 0.261237 0.140746
vt 0.255116 0.149487
vt 0.239049 0.159319
vt 0.255299 0.161320
vt 0.088851 0.147866
vt 0.112051 0.152288
vt 0.078819 0.145337
vt 0.127732 0.152837
vt 0.142110 0.153871
vt 0.159135 0.153869
vt 0.187442 0.153510
vt 0.190583 0.152855
vt 0.053808 0.212881
vt 0.044898 0.234354
vt 0.032232 0.233543
vt 0.039549 0.210148
vt 0.064407 0.095084
vt 0.053027 0.093712
vt 0.047290 0.068345
vt 0.058228 0.069060
vt 0.066733 0.118811
vt 0.056703 0.118351
vt 0.057239 0.129057
vt 0.068411 0.130555
vt 0.053898 0.151920
vt 0.055703 0.141287
vt 0.067416 0.143131
vt 0.066564 0.153478
vt 0.052276 0.164144
vt 0.064008 0.165118
vt 0.049100 0.176880
vt 0.061693 0.175652
vt 0.044574 0.194527
vt 0.057646 0.195421
vt 0.224659 0.233424
vt 0.222661 0.213884
vt 0.219560 0.198747
vt 0.216449 0.182443
vt 0.214411 0.177797
vt 0.226661 0.145080
vt 0.245410 0.137357
vt 0.259583 0.121386
vt 0.226186 0.179589
vt 0.222554 0.176841
vt 0.230819 0.194436
vt 0.235113 0.209620
vt 0.236580 0.231096
vt 0.235354 0.128435
vt 0.217722 0.141719
vt 0.247497 0.111779
vt 0.859319 0.334793
vt 0.864688 0.328315
vt 0.869671 0.333623
vt 0.867216 0.341697
vt 0.874449 0.342524
vt 0.871878 0.351054
vt 0.791005 0.314711
vt 0.790036 0.306957
vt 0.803798 0.309193
vt 0.801589 0.315393
vt 0.814069 0.309527
vt 0.816677 0.317848
vt 0.832374 0.313725
vt 0.839146 0.315590
vt 0.836163 0.322451
vt 0.830616 0.321079
vt 0.841895 0.324722
vt 0.845213 0.317541
vt 0.853402 0.321104
vt 0.849703 0.328343
vt 0.080312 0.069139
vt 0.061666 0.066717
vt 0.027901 0.232773
vt 0.023506 0.232131
vt 0.024646 0.212661
vt 0.031325 0.211648
vt 0.046280 0.094277
vt 0.041061 0.094867
vt 0.041959 0.066994
vt 0.044275 0.067558
vt 0.046620 0.117462
vt 0.038706 0.116729
vt 0.035657 0.126750
vt 0.045033 0.128209
vt 0.042747 0.139920
vt 0.032751 0.138310
vt 0.031022 0.148888
vt 0.040989 0.150304
vt 0.029859 0.162731
vt 0.039617 0.163216
vt 0.029522 0.176099
vt 0.038031 0.176407
vt 0.027539 0.192775
vt 0.034955 0.193676
vt 0.877040 0.213193
vt 0.879239 0.225680
vt 0.885835 0.051441
vt 0.881739 0.066558
vt 0.877934 0.081111
vt 0.874861 0.093644
vt 0.872879 0.104246
vt 0.871847 0.115110
vt 0.871228 0.128389
vt 0.871457 0.144236
vt 0.872309 0.161035
vt 0.873362 0.180180
vt 0.874414 0.193243
vt 0.968412 0.184608
vt 0.968228 0.174142
vt 0.981447 0.172625
vt 0.981601 0.182926
vt 0.971757 0.205068
vt 0.985426 0.201323
vt 0.976237 0.215653
vt 0.989203 0.210993
vt 0.986905 0.067397
vt 0.997004 0.077146
vt 0.979635 0.080277
vt 0.991131 0.086807
vt 0.973790 0.092190
vt 0.986177 0.096972
vt 0.969217 0.103164
vt 0.982365 0.106686
vt 0.966300 0.113762
vt 0.980171 0.116146
vt 0.965768 0.124584
vt 0.979392 0.125794
vt 0.966575 0.135847
vt 0.979925 0.136131
vt 0.967813 0.147754
vt 0.980857 0.147378
vt 0.968738 0.159942
vt 0.981258 0.159067
vt 0.995164 0.211934
vt 0.992981 0.201015
vt 0.281141 0.012396
vt 0.272828 0.017674
vt 0.999924 0.080778
vt 0.391186 0.023467
vt 0.995523 0.087895
vt 0.383998 0.019251
vt 0.991768 0.096095
vt 0.376021 0.015089
vt 0.989276 0.106239
vt 0.367067 0.011258
vt 0.987719 0.117530
vt 0.357414 0.007799
vt 0.985800 0.128750
vt 0.347517 0.005068
vt 0.984872 0.139263
vt 0.337944 0.003024
vt 0.985235 0.148664
vt 0.328879 0.001839
vt 0.985554 0.157547
vt 0.320081 0.001538
vt 0.986121 0.168630
vt 0.309271 0.002219
vt 0.988289 0.179723
vt 0.299550 0.004401
vt 0.939298 0.175763
vt 0.938163 0.159513
vt 0.943641 0.160140
vt 0.944745 0.176502
vt 0.941078 0.188148
vt 0.946912 0.188335
vt 0.944811 0.208415
vt 0.950563 0.207218
vt 0.946706 0.220842
vt 0.952264 0.219496
vt 0.952318 0.061635
vt 0.958713 0.061501
vt 0.948417 0.075205
vt 0.954309 0.075752
vt 0.944668 0.088252
vt 0.950232 0.089316
vt 0.941766 0.099921
vt 0.947282 0.101008
vt 0.939783 0.110285
vt 0.945531 0.110915
vt 0.938486 0.120692
vt 0.944120 0.120757
vt 0.937746 0.132466
vt 0.943328 0.132447
vt 0.937635 0.145694
vt 0.943147 0.145969
vt 0.958440 0.174088
vt 0.958217 0.159601
vt 0.958439 0.185530
vt 0.962338 0.207640
vt 0.966858 0.219181
vt 0.975768 0.063358
vt 0.969693 0.077158
vt 0.963982 0.089449
vt 0.959414 0.100964
vt 0.956541 0.112289
vt 0.955714 0.123724
vt 0.956352 0.135368
vt 0.957501 0.147363
vt 0.932015 0.176599
vt 0.930793 0.159802
vt 0.933620 0.188799
vt 0.936925 0.208794
vt 0.938808 0.220793
vt 0.944137 0.060658
vt 0.940576 0.074434
vt 0.937057 0.087678
vt 0.934276 0.099373
vt 0.932334 0.109593
vt 0.931114 0.119887
vt 0.930371 0.131789
vt 0.930235 0.145425
vt 0.894813 0.178298
vt 0.893623 0.160558
vt 0.896036 0.190894
vt 0.898840 0.211152
vt 0.900748 0.223260
vt 0.906284 0.055608
vt 0.902787 0.069715
vt 0.899367 0.083469
vt 0.896604 0.095778
vt 0.894749 0.106660
vt 0.893547 0.117676
vt 0.892950 0.130468
vt 0.892999 0.145138
vt 0.274375 0.129906
vt 0.271671 0.139460
vt 0.271545 0.146856
vt 0.271244 0.161963
vt 0.270638 0.173303
vt 0.269211 0.181138
vt 0.268032 0.188417
vt 0.261180 0.207078
vt 0.257417 0.216950
vt 0.251317 0.228356
vt 0.015700 0.231585
vt 0.018495 0.210615
vt 0.033054 0.096631
vt 0.030917 0.069564
vt 0.030952 0.117407
vt 0.027750 0.128741
vt 0.025290 0.140668
vt 0.024051 0.150933
vt 0.023205 0.163060
vt 0.023227 0.176223
vt 0.021887 0.191240
vt 0.017489 0.210466
vt 0.014610 0.231588
vt 0.857528 0.510823
vt 0.872081 0.516270
vt 0.029668 0.070021
vt 0.031279 0.091411
vt 0.936873 0.483773
vt 0.939763 0.466545
vt 0.027271 0.112982
vt 0.929289 0.495935
vt 0.022941 0.126933
vt 0.923643 0.500622
vt 0.020332 0.140189
vt 0.916175 0.505033
vt 0.019065 0.151394
vt 0.909449 0.508820
vt 0.018562 0.165624
vt 0.901096 0.513080
vt 0.019456 0.179410
vt 0.892465 0.516751
vt 0.018749 0.196268
vt 0.881119 0.517385
vt 0.279050 0.027027
vt 0.286125 0.022157
vt 0.385198 0.033465
vt 0.378392 0.028829
vt 0.371067 0.025194
vt 0.362861 0.021872
vt 0.353930 0.018876
vt 0.344903 0.016223
vt 0.336318 0.014274
vt 0.328400 0.013109
vt 0.320728 0.012890
vt 0.311367 0.013310
vt 0.303142 0.015090
vt 0.526077 0.088566
vt 0.544227 0.090616
vt 0.535257 0.093002
vt 0.549317 0.088972
vt 0.564072 0.080686
vt 0.555393 0.084864
vt 0.569875 0.072643
vt 0.579217 0.068929
vt 0.147942 0.712847
vt 0.218093 0.838281
vt 0.143869 0.696822
vt 0.144082 0.662994
vt 0.205744 0.697613
vt 0.209151 0.709913
vt 0.205961 0.688689
vt 0.205963 0.679628
vt 0.206354 0.668301
vt 0.272545 0.795297
vt 0.260522 0.787576
vt 0.246122 0.769604
vt 0.242307 0.761342
vt 0.237625 0.753866
vt 0.227595 0.738573
vt 0.234229 0.748368
vt 0.221404 0.729120
vt 0.215480 0.720518
vt 0.435379 0.612822
vt 0.413654 0.613568
vt 0.448425 0.614331
vt 0.369361 0.616033
vt 0.355834 0.623533
vt 0.703219 0.560680
vt 0.319104 0.989612
vt 0.543382 0.582645
vt 0.548508 0.580171
vt 0.690562 0.340346
vt 0.306004 0.757418
vt 0.306086 0.902535
vt 0.308478 0.939036
vt 0.614349 0.575877
vt 0.384367 0.907530
vt 0.303648 0.766670
vt 0.555378 0.576994
vt 0.300327 0.796893
vt 0.566393 0.569402
vt 0.303653 0.864671
vt 0.350444 0.949910
vt 0.711059 0.546663
vt 0.689435 0.329695
vt 0.430436 0.829236
vt 0.332105 0.654541
vt 0.322510 0.673678
vt 0.315390 0.695032
vt 0.391267 0.611921
vt 0.309782 0.725365
vt 0.444945 0.824686
vt 0.638621 0.110634
vt 0.467280 0.817914
vt 0.499155 0.612818
vt 0.374620 0.140532
vt 0.486108 0.614326
vt 0.565178 0.616038
vt 0.356831 0.195267
vt 0.313453 0.567581
vt 0.325594 0.577025
vt 0.482911 0.586886
vt 0.520448 0.839532
vt 0.318563 0.353509
vt 0.318329 0.362095
vt 0.628511 0.902450
vt 0.300165 0.520671
vt 0.405964 0.585554
vt 0.429534 0.582319
vt 0.316204 0.370703
vt 0.525768 0.850133
vt 0.305814 0.397738
vt 0.530645 0.871766
vt 0.303466 0.456311
vt 0.379617 0.590107
vt 0.306534 0.553542
vt 0.625518 0.739442
vt 0.489316 0.590683
vt 0.602416 0.654545
vt 0.612005 0.673677
vt 0.619120 0.695021
vt 0.543272 0.611921
vt 0.624728 0.725339
vt 0.489622 0.824677
vt 0.883585 0.377500
vt 0.415639 0.096073
vt 0.796078 0.427632
vt 0.884788 0.376907
vt 0.139147 0.389387
vt 0.156333 0.388686
vt 0.050052 0.008342
vt 0.040853 0.404235
vt 0.019512 0.394708
vt 0.958835 0.423389
vt 0.027466 0.399827
vt 0.711494 0.374586
vt 0.715046 0.377608
vt 0.295402 0.084125
vt 0.272808 0.350460
vt 0.276011 0.340825
vt 0.261627 0.365553
vt 0.073554 0.402013
vt 0.093855 0.395876
vt 0.054787 0.404316
vt 0.178505 0.389584
vt 0.245962 0.377358
vt 0.222012 0.385777
vt 0.120972 0.391044
vt 0.638034 0.080055
vt 0.416826 0.109762
vt 0.410617 0.119629
vt 0.856890 0.502185
vt 0.155208 0.729896
vt 0.841584 0.496117
vt 0.827317 0.496855
vt 0.937421 0.462701
vt 0.139841 0.648923
vt 0.849237 0.499151
vt 0.160854 0.745857
vt 0.166332 0.757723
vt 0.172950 0.770163
vt 0.180490 0.782904
vt 0.184703 0.789362
vt 0.190188 0.797681
vt 0.195870 0.805996
vt 0.935038 0.473001
vt 0.941380 0.441614
vt 0.816348 0.490932
vt 0.810239 0.483536
vt 0.804607 0.474211
vt 0.800163 0.463608
vt 0.798352 0.457863
vt 0.797077 0.449967
vt 0.795800 0.441567
vt 0.942941 0.431112
vt 0.805219 0.421416
vt 0.950145 0.468541
vt 0.952629 0.454635
vt 0.854158 0.519796
vt 0.013987 0.247791
vt 0.881096 0.527103
vt 0.869548 0.525462
vt 0.894874 0.525534
vt 0.904448 0.521742
vt 0.913863 0.517217
vt 0.920917 0.513293
vt 0.929309 0.508278
vt 0.937286 0.501493
vt 0.946812 0.486563
vt 0.955241 0.440798
vt 0.831505 0.510814
vt 0.806880 0.497675
vt 0.816414 0.504394
vt 0.797921 0.487090
vt 0.793547 0.477768
vt 0.789793 0.468022
vt 0.787347 0.460333
vt 0.784688 0.450949
vt 0.783571 0.440629
vt 0.786234 0.423795
vt 0.033931 0.014604
vt 0.148210 0.653529
vt 0.150377 0.647183
vt 0.208338 0.656632
vt 0.208347 0.658412
vt 0.257943 0.812375
vt 0.243928 0.824575
vt 0.150272 0.654777
vt 0.131471 0.653527
vt 0.061563 0.838269
vt 0.008635 0.795700
vt 0.007115 0.795280
vt 0.021715 0.812359
vt 0.035729 0.824560
vt 0.052190 0.837726
vt 0.280092 0.520296
vt 0.283039 0.516600
vt 0.174862 0.613828
vt 0.174263 0.619628
vt 0.159576 0.505471
vt 0.175568 0.504937
vt 0.184296 0.516574
vt 0.172976 0.580083
vt 0.173978 0.589459
vt 0.182766 0.529963
vt 0.183721 0.522926
vt 0.175964 0.597463
vt 0.176049 0.607816
vt 0.294394 0.633067
vt 0.027178 0.491090
vt 0.124240 0.477395
vt 0.134336 0.583206
vt 0.016433 0.585690
vt 0.011424 0.457754
vt 0.016317 0.476490
vt 0.030089 0.495172
vt 0.135721 0.549193
vt 0.018605 0.557451
vt 0.124998 0.498995
vt 0.123894 0.491957
vt 0.132939 0.566703
vt 0.016319 0.576673
vt 0.133658 0.609459
vt 0.249353 0.452395
vt 0.952031 0.041439
vt 0.956143 0.033749
vt 0.239599 0.445290
vt 0.229882 0.442920
vt 0.222554 0.440076
vt 0.263893 0.468443
vt 0.959288 0.009844
vt 0.261468 0.466516
vt 0.259977 0.464491
vt 0.219648 0.437416
vt 0.217189 0.002956
vt 0.142817 0.504987
vt 0.294961 0.470989
vt 0.144756 0.507135
vt 0.287250 0.471349
vt 0.272652 0.470389
vt 0.945463 0.535012
vt 0.949925 0.525913
vt 0.049239 0.432413
vt 0.945466 0.552828
vt 0.953452 0.563399
vt 0.967061 0.563671
vt 0.042816 0.438977
vt 0.040051 0.440601
vt 0.045256 0.437093
vt 0.046757 0.435201
vt 0.017455 0.000020
vt 0.167928 0.471877
vt 0.164467 0.474375
vt 0.012151 0.441438
vt 0.988896 0.557144
vt 0.019707 0.442230
vt 0.034098 0.441129
vt 0.876453 0.337284
vt 0.281318 0.115147
vt 0.870975 0.329247
vt 0.866321 0.324817
vt 0.855282 0.317630
vt 0.846269 0.313718
vt 0.839452 0.311594
vt 0.832974 0.309553
vt 0.815024 0.305791
vt 0.804905 0.305614
vt 0.792251 0.302706
vt 0.778386 0.306199
vt 0.288951 0.101806
vt 0.299060 0.318413
vt 0.294537 0.096763
vt 0.294814 0.316266
vt 0.287207 0.308088
vt 0.282553 0.299858
vt 0.278912 0.293912
vt 0.275786 0.288063
vt 0.265215 0.273411
vt 0.260030 0.265202
vt 0.252661 0.255759
vt 0.841347 0.325939
vt 0.849017 0.329503
vt 0.866198 0.342568
vt 0.870714 0.351699
vt 0.875184 0.359910
vt 0.858543 0.335860
vt 0.835665 0.323692
vt 0.816096 0.319032
vt 0.825871 0.320911
vt 0.501560 0.070677
vt 0.801030 0.316585
vt 0.491246 0.072616
vt 0.735092 0.355985
vt 0.730437 0.363031
vt 0.722875 0.382989
vt 0.605183 0.043252
vt 0.879019 0.368480
vt 0.725740 0.373416
vt 0.738753 0.351098
vt 0.752981 0.336880
vt 0.745638 0.343600
vt 0.773120 0.321348
vt 0.764534 0.326905
vt 0.840479 0.533883
vt 0.856127 0.537759
vt 0.823110 0.534350
vt 0.062011 0.052161
vt 0.805741 0.533881
vt 0.790094 0.537756
vt 0.774397 0.545108
vt 0.776085 0.548047
vt 0.780075 0.563287
vt 0.781753 0.589882
vt 0.782885 0.626881
vt 0.784318 0.665414
vt 0.791640 0.810343
vt 0.792751 0.852414
vt 0.787194 0.712809
vt 0.789949 0.757755
vt 0.792522 0.879525
vt 0.792084 0.908984
vt 0.772749 0.542299
vt 0.505055 0.003223
vt 0.506095 0.013347
vt 0.495002 0.000041
vt 0.791743 0.931323
vt 0.854443 0.931326
vt 0.485326 0.004231
vt 0.485324 0.014408
vt 0.369664 0.116216
vt 0.378045 0.117385
vt 0.737204 0.377744
vt 0.737917 0.393442
vt 0.736544 0.370237
vt 0.735818 0.363449
vt 0.735054 0.356547
vt 0.887930 0.262059
vt 0.894873 0.258593
vt 0.901851 0.254915
vt 0.908530 0.250883
vt 0.914828 0.246742
vt 0.920788 0.242584
vt 0.926778 0.238337
vt 0.738191 0.400516
vt 0.675090 0.820850
vt 0.662980 0.811835
vt 0.679953 0.826076
vt 0.684241 0.831387
vt 0.696390 0.601547
vt 0.690848 0.606984
vt 0.685209 0.611948
vt 0.679175 0.616315
vt 0.672046 0.618836
vt 0.664830 0.621251
vt 0.657698 0.623239
vt 0.650252 0.803615
vt 0.657217 0.807910
vt 0.299038 0.002994
vt 0.280493 0.011050
vt 0.308974 0.000747
vt 0.319953 0.000040
vt 0.328919 0.000337
vt 0.338136 0.001532
vt 0.347844 0.003597
vt 0.357867 0.006358
vt 0.367640 0.009866
vt 0.376701 0.013750
vt 0.384757 0.017958
vt 0.391975 0.022182
vt 0.272022 0.016407
vt 0.817347 0.033359
vt 0.798801 0.025305
vt 0.827283 0.035605
vt 0.838262 0.036311
vt 0.847229 0.036014
vt 0.856445 0.034818
vt 0.866153 0.032751
vt 0.876176 0.029989
vt 0.885948 0.026481
vt 0.895009 0.022595
vt 0.903065 0.018387
vt 0.782173 0.013085
vt 0.790330 0.019949
vt 0.934005 0.250934
vt 0.738634 0.408309
vt 0.748857 0.354923
vt 0.881133 0.265432
vt 0.936818 0.256047
vt 0.754281 0.354272
vt 0.894854 0.287250
vt 0.762837 0.408173
vt 0.765182 0.357401
vt 0.945153 0.261202
vt 0.815686 0.352061
vt 0.818514 0.345420
vt 0.886623 0.313695
vt 0.883883 0.318827
vt 0.973058 0.279340
vt 0.809858 0.413395
vt 0.993821 0.323797
vt 0.993224 0.319668
vt 0.993298 0.335489
vt 0.829411 0.400572
vt 0.958421 0.370698
vt 0.961096 0.371439
vt 0.944136 0.371233
vt 0.832054 0.377349
vt 0.826213 0.356639
vt 0.903210 0.366349
vt 0.894730 0.357568
vt 0.893900 0.358831
vt 0.804882 0.407434
vt 0.806260 0.408469
vt 0.846612 0.367704
vt 0.928008 0.378194
vt 0.774723 0.361874
vt 0.950738 0.265400
vt 0.809037 0.335502
vt 0.813365 0.337490
vt 0.815162 0.339775
vt 0.803724 0.335584
vt 0.797944 0.337817
vt 0.815052 0.354549
vt 0.788535 0.351228
vt 0.813086 0.359947
vt 0.784288 0.357461
vt 0.846613 0.363257
vt 0.839865 0.355095
vt 0.934471 0.376985
vt 0.821990 0.359010
vt 0.946820 0.370002
vt 0.846595 0.388339
vt 0.989227 0.360840
vt 0.967586 0.371642
vt 0.994804 0.345578
vt 0.824658 0.378660
vt 0.992153 0.331360
vt 0.830127 0.411024
vt 0.991661 0.293510
vt 0.994456 0.313210
vt 0.983166 0.283757
vt 0.949699 0.371581
vt 0.950998 0.372792
vt 0.995133 0.326858
vt 0.995171 0.325912
vt 0.802952 0.406902
vt 0.965495 0.278046
vt 0.956885 0.270979
vt 0.655053 0.640011
vt 0.650240 0.624740
vt 0.699949 0.827402
vt 0.688864 0.837127
vt 0.657662 0.646564
vt 0.704159 0.823768
vt 0.708781 0.821112
vt 0.660247 0.652705
vt 0.710879 0.813028
vt 0.657667 0.659368
vt 0.752250 0.777276
vt 0.768743 0.663470
vt 0.740726 0.635314
vt 0.735399 0.800325
vt 0.664821 0.700828
vt 0.665356 0.704929
vt 0.699489 0.713779
vt 0.697959 0.740803
vt 0.700073 0.720789
vt 0.700245 0.723300
vt 0.730252 0.734313
vt 0.706752 0.736225
vt 0.751868 0.730803
vt 0.757300 0.728035
vt 0.751075 0.768737
vt 0.754646 0.770823
vt 0.772972 0.668304
vt 0.742725 0.765511
vt 0.688606 0.750316
vt 0.663985 0.698284
vt 0.772589 0.761612
vt 0.774335 0.757874
vt 0.713625 0.799517
vt 0.658524 0.667958
vt 0.753000 0.796604
vt 0.755888 0.793294
vt 0.756607 0.790614
vt 0.748774 0.799132
vt 0.742974 0.800176
vt 0.750074 0.774674
vt 0.728314 0.794785
vt 0.743745 0.769294
vt 0.721872 0.793175
vt 0.771159 0.765700
vt 0.763853 0.771376
vt 0.768253 0.722040
vt 0.747502 0.766240
vt 0.745705 0.734589
vt 0.697001 0.734588
vt 0.697394 0.734739
vt 0.725078 0.730803
vt 0.701181 0.727050
vt 0.732842 0.736509
vt 0.706468 0.741629
vt 0.694439 0.722283
vt 0.667580 0.715133
vt 0.701213 0.711907
vt 0.700617 0.711753
vt 0.688865 0.751441
vt 0.665379 0.691623
vt 0.661322 0.678074
vt 0.853729 0.196065
vt 0.230235 0.172481
vt 0.856423 0.216274
vt 0.859275 0.231144
vt 0.867373 0.044114
vt 0.863596 0.059671
vt 0.860465 0.075651
vt 0.857331 0.090094
vt 0.854993 0.101616
vt 0.854693 0.113537
vt 0.853199 0.131463
vt 0.853831 0.151192
vt 0.854757 0.167047
vt 0.248475 0.320920
vt 0.835473 0.194291
vt 0.253379 0.330084
vt 0.250590 0.338602
vt 0.244204 0.345840
vt 0.234915 0.351634
vt 0.223662 0.353090
vt 0.213201 0.350463
vt 0.207318 0.344323
vt 0.207660 0.336560
vt 0.212362 0.325386
vt 0.223366 0.320154
vt 0.232453 0.318994
vt 0.264720 0.024527
vt 0.882722 0.243339
vt 0.903545 0.239789
vt 0.941311 0.237112
vt 0.955204 0.235819
vt 0.972016 0.235672
vt 0.995563 0.222445
vt 0.263866 0.023271
vt 1.000000 0.221206
vt 0.949284 0.236835
vt 0.983474 0.231273
vt 0.879370 0.049798
vt 0.870277 0.243580
vt 0.862980 0.246196
vt 0.783027 0.011829
vt 0.903504 0.002880
vt 0.900079 0.000042
vt 0.806090 0.250843
vt 0.780901 0.063324
vt 0.743094 0.068701
vt 0.733545 0.243950
vt 0.711488 0.071675
vt 0.693072 0.230926
vt 0.910282 0.014162
vt 0.687485 0.089304
vt 0.734922 0.069750
vt 0.700388 0.075810
vt 0.812751 0.252133
vt 0.818538 0.250977
vt 0.819709 0.051490
vt 0.272121 0.033996
vt 0.275761 0.036316
vt 0.637959 0.034768
vt 0.500962 0.237394
vt 0.640572 0.046378
vt 0.963570 0.006996
vt 0.136645 0.000034
vt 0.688285 0.028523
vt 0.136646 0.008103
vt 0.263866 0.001850
vt 0.269865 0.008110
vt 0.950303 0.319780
vt 0.942467 0.326652
vt 0.923721 0.324351
vt 0.929840 0.328511
vt 0.918342 0.311369
vt 0.935509 0.329319
vt 0.949636 0.312993
vt 0.919850 0.304046
vt 0.925776 0.297762
vt 0.933770 0.294547
vt 0.939541 0.296964
vt 0.948761 0.306453
vt 0.712322 0.689669
vt 0.721869 0.687208
vt 0.730210 0.673926
vt 0.730822 0.680747
vt 0.720739 0.661355
vt 0.728274 0.685037
vt 0.705615 0.686290
vt 0.712513 0.658203
vt 0.702535 0.659084
vt 0.694897 0.663765
vt 0.694169 0.670233
vt 0.699368 0.683213
vt 0.679678 0.009789
vt 0.686639 0.014025
vt 0.537155 0.000038
vt 0.669572 0.002950
vt 0.367527 0.000043
vt 0.650064 0.000902
vt 0.432746 0.000037
vt 0.637733 0.007729
vt 0.484593 0.000035
vt 0.636156 0.028631
vt 0.500930 0.237400
vt 0.588985 0.000037
vt 0.343967 0.001580
vt 0.210668 0.438722
vt 0.150780 0.000039
vt 0.691814 0.021772
vt 0.711494 0.010535
vt 0.523228 0.000042
vt 0.685992 0.055537
vt 0.274017 0.000047
vt 0.118473 0.000242
vt 0.150048 0.000695
vt 0.723265 0.004253
vt 0.183544 0.003210
vt 0.678511 0.002139
vt 0.157583 0.466393
vt 0.447629 0.026449
vt 0.287425 0.001622
vt 0.679752 0.007420
vt 0.872940 0.010061
vt 0.500287 0.246227
vt 0.498872 0.246703
vt 0.579562 0.000037
vt 0.179052 0.000016
vt 0.131933 0.000016
vt 0.345848 0.000043
vt 0.289296 0.000074
vt 0.681290 0.005540
vt 0.874477 0.008180
vt 0.801025 0.000041
vt 0.723265 0.000041
vt 0.212035 0.000042
vt 0.594790 0.000718
vt 0.585367 0.000714
vt 0.179061 0.005860
vt 0.131943 0.005860
vt 0.956937 0.006894
vt 0.807658 0.000148
vt 0.716632 0.000142
vt 0.212135 0.006675
vt 0.508883 0.000042
vt 0.146068 0.000036
vt 0.476660 0.000044
vt 0.433493 0.000043
vt 0.117797 0.004219
vt 0.226170 0.000035
vt 0.484594 0.009566
vt 0.518415 0.000042
vt 0.146083 0.009567
vt 0.467129 0.000042
vt 0.353391 0.000043
vt 0.273289 0.004015
vt 0.381663 0.004012
vt 0.432747 0.011120
vt 0.444576 0.000042
vt 0.128878 0.004019
vt 0.226174 0.011118
vt 0.551290 0.000038
vt 0.523019 0.004069
vt 0.565426 0.004071
vt 0.379010 0.000042
vt 0.364874 0.000042
vt 0.284772 0.004012
vt 0.393145 0.004012
vt 0.685886 0.056636
vt 0.533080 0.000097
vt 0.575465 0.000043
vt 0.862613 0.000039
vt 0.975699 0.002779
vt 0.952139 0.000039
vt 0.687935 0.010198
vt 0.758953 0.000039
vt 0.744816 0.000039
vt 0.966275 0.000039
vt 0.626681 0.010198
vt 0.621969 0.010198
vt 0.692647 0.010198
vt 0.815495 0.000039
vt 0.843767 0.000039
vt 0.617257 0.010198
vt 0.754240 0.002779
vt 0.631392 0.010198
vt 0.683223 0.010198
vt 0.834003 0.010534
vt 0.697359 0.010534
vt 0.772749 0.010535
vt 0.876410 0.000041
vt 0.904682 0.000041
vt 0.838715 0.010534
vt 0.706783 0.010535
vt 0.980072 0.000041
vt 0.810444 0.010534
vt 0.702071 0.010534
vt 0.777461 0.010534
vt 0.829292 0.010534
vt 0.664376 0.000041
vt 0.989496 0.002593
vt 0.857563 0.010534
vt 0.862275 0.002953
vt 0.975360 0.005693
vt 0.951801 0.002953
vt 0.690849 0.010534
vt 0.758613 0.002953
vt 0.744478 0.002953
vt 0.965936 0.002953
vt 0.629595 0.010534
vt 0.624883 0.010534
vt 0.695561 0.010534
vt 0.815156 0.002953
vt 0.843427 0.002953
vt 0.620171 0.010534
vt 0.753901 0.005693
vt 0.634307 0.010534
vt 0.686138 0.010534
vt 0.546894 0.001135
vt 0.561029 0.001143
vt 0.532763 0.003014
vt 0.575164 0.002961
vt 0.872766 0.000437
vt 0.985852 0.003177
vt 0.962292 0.000437
vt 0.688322 0.000044
vt 0.769106 0.000441
vt 0.754969 0.000437
vt 0.976428 0.000437
vt 0.627068 0.000044
vt 0.622356 0.000044
vt 0.693034 0.000044
vt 0.825648 0.000437
vt 0.853920 0.000441
vt 0.617644 0.000044
vt 0.764393 0.003177
vt 0.631780 0.000044
vt 0.683611 0.000044
vt 0.691815 0.048854
vt 0.272081 0.008110
vt 0.711792 0.000042
vt 0.834305 0.000042
vt 0.697660 0.000042
vt 0.773046 0.000042
vt 0.886903 0.000339
vt 0.915174 0.000339
vt 0.839017 0.000042
vt 0.707080 0.000042
vt 0.990564 0.000339
vt 0.810745 0.000042
vt 0.702372 0.000042
vt 0.777762 0.000042
vt 0.829593 0.000042
vt 0.674868 0.000339
vt 0.999988 0.002891
vt 0.857864 0.000042
vt 0.872767 0.002652
vt 0.985852 0.005392
vt 0.962293 0.002652
vt 0.690538 0.000042
vt 0.769106 0.002656
vt 0.754970 0.002652
vt 0.976428 0.002652
vt 0.629283 0.000042
vt 0.624571 0.000042
vt 0.695249 0.000042
vt 0.825648 0.002652
vt 0.853920 0.002656
vt 0.619859 0.000042
vt 0.764394 0.005392
vt 0.633995 0.000042
vt 0.685826 0.000042
vt 0.459637 0.029460
vt 0.012008 0.029460
vt 0.130677 0.459200
vt 0.123152 0.460004
vt 0.108849 0.430880
vt 0.000000 0.026449
vt 0.120856 0.451977
vt 0.110663 0.443970
vt 0.022572 0.021010
vt 0.154807 0.464032
vt 0.457694 0.002534
vt 0.010065 0.002534
vt 0.094532 0.407781
vt 0.447719 0.000037
vt 0.000090 0.000037
vt 0.098479 0.413295
vt 0.501156 0.237868
vt 0.871698 0.004780
vt 0.499762 0.246000
vt 0.499752 0.242136
vt 0.500936 0.237403
vt 0.136425 0.003210
vt 0.681291 0.000027
vt 0.874478 0.002667
vt 0.500790 0.237450
vt 0.635550 0.040200
vt 0.216246 0.000042
vt 0.183099 0.007058
vt 0.135980 0.007058
vt 0.500913 0.237405
vt 0.637307 0.060973
vt 0.475994 0.004022
vt 0.716206 0.004153
vt 0.216146 0.007101
vt 0.631392 0.044441
vt 0.648970 0.068509
vt 0.230135 0.000781
vt 0.150066 0.010213
vt 0.466477 0.004023
vt 0.643831 0.066268
vt 0.668235 0.067360
vt 0.382391 0.000044
vt 0.129554 0.000042
vt 0.230139 0.011864
vt 0.658610 0.068943
vt 0.678852 0.061321
vt 0.565613 0.000042
vt 0.285481 0.000042
vt 0.393856 0.000042
vt 0.676852 0.062618
vt 0.685843 0.015675
vt 0.714408 0.010195
vt 0.836918 0.010195
vt 0.700273 0.010195
vt 0.775663 0.010195
vt 0.876750 0.002955
vt 0.905021 0.002955
vt 0.841630 0.010195
vt 0.709697 0.010195
vt 0.980412 0.002955
vt 0.813358 0.010196
vt 0.704985 0.010195
vt 0.780375 0.010196
vt 0.832206 0.010195
vt 0.664715 0.002955
vt 0.989835 0.005508
vt 0.860477 0.010195
vt 0.547199 0.004053
vt 0.561331 0.004062
vt 0.138861 0.008103
vt 0.714007 0.000042
vt 0.836520 0.000042
vt 0.699875 0.000042
vt 0.775261 0.000042
vt 0.886903 0.002554
vt 0.915174 0.002554
vt 0.841232 0.000042
vt 0.709295 0.000042
vt 0.990564 0.002554
vt 0.812960 0.000042
vt 0.704587 0.000042
vt 0.779977 0.000042
vt 0.831808 0.000042
vt 0.674868 0.002554
vt 0.999988 0.005107
vt 0.860079 0.000042
vt 0.183763 0.000039
vt 0.169788 0.490841
vt 0.184116 0.490924
vt 0.177082 0.489838
vt 0.153751 0.012058
vt 0.186734 0.012058
vt 0.195986 0.475123
vt 0.186452 0.482917
vt 0.149616 0.497067
vt 0.177699 0.002074
vt 0.210683 0.002074
vt 0.152712 0.494434
vt 0.224923 0.014954
vt 0.206964 0.444219
vt 0.180163 0.012057
vt 0.213146 0.012057
vt 0.349248 0.002822
vt 0.292713 0.002833
vt 0.501263 0.238595
vt 0.500354 0.242813
vt 0.591643 0.004867
vt 0.582223 0.004865
vt 0.501038 0.237394
vt 0.351361 0.000042
vt 0.294809 0.000041
vt 0.963571 0.002785
vt 0.801020 0.004253
vt 0.500930 0.237398
vt 0.595516 0.004867
vt 0.586096 0.004862
vt 0.480615 0.000700
vt 0.509549 0.004021
vt 0.631860 0.024717
vt 0.956512 0.002883
vt 0.808079 0.004160
vt 0.428781 0.000785
vt 0.434241 0.004007
vt 0.644034 0.002134
vt 0.480612 0.010218
vt 0.519067 0.004023
vt 0.368256 0.004011
vt 0.354120 0.004011
vt 0.659607 0.000037
vt 0.428783 0.011868
vt 0.445324 0.004006
vt 0.537347 0.004066
vt 0.551479 0.004066
vt 0.678269 0.007323
vt 0.379720 0.004012
vt 0.365585 0.004012
vt 0.220960 0.000000
vt 0.139442 0.502405
vt 0.085705 0.406705
vt 0.021348 0.002812
vt 0.272080 0.000040
usemtl aiStandardSurface1SG
f 3012/3567 3064/3618 3097/3652 3045/3598
f 3013/3568 3065/3619 3098/3653 3046/3599
f 3014/3569 3066/3620 3099/3654 3047/3600
f 3015/3570 3067/3621 3100/3655 3048/3601
f 3016/3571 3068/3622 3101/3656 3049/3602
f 3017/3572 3069/3623 3102/3657 3050/3603
f 3018/3573 3070/3624 3103/3658 3051/3604
f 3019/3574 3071/3625 3104/3659 3052/3605
f 152/3488 148/2 147/3 151/4
f 153/3489 149/6 148/2 152/3488
f 198/3484 197/8 149/6 153/3489
f 151/4 155/9 156/3487 152/3488
f 344/11 347/12 346/13 345/14
f 345/14 346/13 349/15 348/16
f 158/3486 156/3487 155/9 157/18
f 350/19 346/13 347/12 351/20
f 352/21 349/15 346/13 350/19
f 157/18 160/22 161/3485 158/3486
f 351/20 354/24 353/25 350/19
f 350/19 353/25 355/26 352/21
f 280/27 162/28 163/29 281/3482
f 281/3482 163/29 164/31 282/3480
f 282/3480 164/31 165/33 283/3481
f 343/35 163/29 162/28 298/36
f 338/37 264/38 263/39 339/40
f 337/41 267/42 264/38 338/37
f 166/3370 297/44 296/45 167/3380
f 167/3380 296/45 295/47 168/48
f 168/48 295/47 294/49 191/3379
f 170/51 174/52 175/53 171/54
f 171/54 175/53 176/55 172/56
f 172/56 176/55 193/57 192/58
f 174/52 178/59 179/60 175/53
f 175/53 179/60 180/61 176/55
f 176/55 180/61 194/62 193/57
f 178/59 182/63 183/64 179/60
f 179/60 183/64 184/65 180/61
f 180/61 184/65 195/66 194/62
f 182/63 186/67 187/68 183/64
f 183/64 187/68 188/69 184/65
f 184/65 188/69 196/3396 195/66
f 301/71 147/3 148/2 302/72
f 302/72 148/2 149/6 303/73
f 303/73 149/6 197/8 304/74
f 308/75 218/76 220/77 309/78
f 312/79 154/80 313/81
f 317/82 230/83 232/84 318/85
f 322/86 159/87 323/88
f 328/89 288/90 244/91 329/92
f 283/3481 165/33 367/93
f 294/49 369/94 368/95 191/3379
f 193/57 371/96 370/97 192/58
f 194/62 372/98 371/96 193/57
f 195/66 359/99 372/98 194/62
f 196/3396 360/3366 359/99 195/66
f 304/74 197/8 362/101 361/102
f 362/101 197/8 198/3484 363/103
f 199/3478 364/105 363/103 198/3484
f 364/105 199/3478 200/3479 365/107
f 190/3483 366/109 365/107 200/3479
f 390/110 202/111 306/112 391/113
f 387/114 392/115 201/116 203/3355
f 204/118 389/119 388/120 311/121
f 202/111 390/110 389/119 204/118
f 313/81 154/80 206/122 314/123
f 177/124 181/125 205/3391 207/127
f 321/128 208/129 159/87 322/86
f 208/129 206/122 154/80 159/87
f 323/88 159/87 210/130 324/131
f 293/132 292/133 211/3384 169/3365
f 332/136 212/137 165/33 333/138
f 165/33 212/137 285/139 284/140
f 306/112 202/111 214/141 307/142
f 203/3355 201/116 213/143 215/144
f 310/145 216/146 204/118 311/121
f 216/146 214/141 202/111 204/118
f 307/142 214/141 218/76 308/75
f 215/144 213/143 217/147 219/148
f 309/78 220/77 216/146 310/145
f 220/77 218/76 214/141 216/146
f 384/149 222/150 315/151 385/152
f 381/153 386/154 221/155 223/3359
f 224/157 383/158 382/159 320/160
f 222/150 384/149 383/158 224/157
f 315/151 222/150 226/161 316/162
f 223/3359 221/155 225/163 227/164
f 319/165 228/166 224/157 320/160
f 228/166 226/161 222/150 224/157
f 230/83 317/82 316/162 226/161
f 227/164 225/163 229/3387 231/3386
f 232/84 230/83 226/161 228/166
f 228/166 319/165 318/85 232/84
f 378/169 234/170 325/171 379/172
f 373/173 291/174 235/3363 374/3362
f 236/177 376/178 375/179 331/180
f 376/178 236/177 286/181 377/182
f 325/171 234/170 238/183 326/184
f 291/174 290/185 239/3382 235/3363
f 330/187 240/188 236/177 331/180
f 236/177 240/188 287/189 286/181
f 242/190 327/191 326/184 238/183
f 289/3368 243/3381 239/3382 290/185
f 329/92 244/91 240/188 330/187
f 244/91 288/90 287/189 240/188
f 163/29 245/194 246/195 164/31
f 168/48 247/196 248/3378 167/3380
f 342/198 245/194 163/29 343/35
f 164/31 246/195 249/199 165/33
f 333/138 165/33 249/199 334/200
f 191/3379 250/3377 247/196 168/48
f 245/194 394/202 393/203 246/195
f 247/196 397/204 396/205 248/3378
f 394/202 245/194 342/198 395/206
f 246/195 393/203 400/207 249/199
f 249/199 400/207 399/208 334/200
f 250/3377 398/3348 397/204 247/196
f 251/210 257/211 258/212 252/213
f 253/214 259/215 260/3376 254/3351
f 340/218 257/211 251/210 341/219
f 252/213 258/212 261/220 255/221
f 335/222 255/221 261/220 336/223
f 256/224 262/3374 259/215 253/214
f 257/211 263/39 264/38 258/212
f 259/215 265/3372 266/3375 260/3376
f 339/40 263/39 257/211 340/218
f 258/212 264/38 267/42 261/220
f 336/223 261/220 267/42 337/41
f 262/3374 268/3373 265/3372 259/215
f 407/229 147/3 301/71 408/230
f 151/4 147/3 407/229 406/231
f 409/232 186/67 182/63 410/233
f 151/4 406/231 405/234 155/9
f 178/59 411/235 410/233 182/63
f 405/234 404/236 157/18 155/9
f 411/235 178/59 174/52 412/237
f 157/18 404/236 403/238 160/22
f 170/51 413/239 412/237 174/52
f 280/27 402/240 401/241 162/28
f 298/36 162/28 401/241 416/242
f 166/3370 415/3346 414/244 297/44
f 160/22 403/238 402/240 280/27
f 160/22 280/27 281/3482 161/3485
f 354/24 357/245 356/246 353/25
f 353/25 356/246 358/247 355/26
f 190/3483 283/3481 367/93 366/109
f 285/139 210/130 159/87 284/140
f 286/181 234/170 378/169 377/182
f 287/189 238/183 234/170 286/181
f 287/189 288/90 242/190 238/183
f 327/191 242/190 288/90 328/89
f 241/3369 289/3368 290/185 237/249
f 233/250 237/249 290/185 291/174
f 380/251 233/250 291/174 373/173
f 173/252 209/253 292/133 293/132
f 192/58 370/97 369/94 294/49
f 295/47 172/56 192/58 294/49
f 296/45 171/54 172/56 295/47
f 297/44 170/51 171/54 296/45
f 414/244 413/239 170/51 297/44
f 298/36 416/242 415/243 166/43
f 186/3371 409/3347 408/230 301/71
f 186/3371 301/71 302/72 187/3398
f 187/3398 302/72 303/73 188/3397
f 188/3397 303/73 304/74 196/70
f 361/102 360/100 196/70 304/74
f 306/112 201/3353 392/3352 391/113
f 307/142 213/3393 201/3353 306/112
f 308/75 217/147 213/3393 307/142
f 217/147 308/75 309/78 219/148
f 215/3392 219/148 309/78 310/145
f 203/117 215/3392 310/145 311/121
f 387/3354 203/117 311/121 388/120
f 313/81 181/3394 185/3395 312/79
f 314/123 205/126 181/3394 313/81
f 315/151 221/3357 386/3356 385/152
f 316/162 225/3389 221/3357 315/151
f 316/162 317/82 229/167 225/3389
f 229/167 317/82 318/85 231/168
f 318/85 319/165 227/3388 231/168
f 223/156 227/3388 319/165 320/160
f 381/3358 223/156 320/160 382/159
f 177/124 207/3390 321/128 322/86
f 323/88 173/252 177/124 322/86
f 324/131 209/3385 173/252 323/88
f 325/171 233/3361 380/3360 379/172
f 326/184 237/3383 233/3361 325/171
f 326/184 327/191 241/248 237/3383
f 328/89 289/192 241/248 327/191
f 329/92 243/193 289/192 328/89
f 243/193 329/92 330/187 239/186
f 235/175 239/186 330/187 331/180
f 374/176 235/175 331/180 375/179
f 169/135 211/134 332/136 333/138
f 191/50 368/3364 333/138
f 334/200 250/201 191/50 333/138
f 399/208 398/209 250/201 334/200
f 336/223 262/225 256/3349 335/222
f 337/41 268/228 262/225 336/223
f 338/37 265/226 268/228 337/41
f 339/40 266/227 265/226 338/37
f 260/216 266/227 339/40 340/218
f 254/217 260/216 340/218 341/219
f 248/197 396/3350 395/206 342/198
f 167/46 248/197 342/198 343/35
f 298/36 166/43 167/46 343/35
f 152/1 344/11 345/14 153/5
f 156/10 347/12 344/11 152/1
f 153/5 345/14 348/16 198/7
f 198/7 348/16 349/15 199/104
f 351/20 347/12 156/10 158/17
f 161/23 354/24 351/20 158/17
f 200/106 352/21 355/26 190/108
f 282/32 356/246 357/245 281/30
f 281/30 357/245 354/24 161/23
f 190/108 355/26 358/247 283/34
f 283/34 358/247 356/246 282/32
f 352/21 200/106 199/104 349/15
f 359/99 360/3366 189/255 185/254
f 305/256 189/3367 360/100 361/102
f 361/102 362/101 150/257 305/256
f 150/257 362/101 363/103 154/80
f 364/105 154/80 363/103
f 154/80 364/105 365/107 159/87
f 366/109 159/87 365/107
f 367/93 284/140 159/87 366/109
f 165/33 284/140 367/93
f 368/3364 169/135 333/138
f 369/94 293/132 169/3365 368/95
f 370/97 173/252 293/132 369/94
f 371/96 177/124 173/252 370/97
f 371/96 372/98 181/125 177/124
f 359/99 185/254 181/125 372/98
f 292/133 373/173 374/3362 211/3384
f 211/134 374/176 375/179 332/136
f 375/179 376/178 212/137 332/136
f 212/137 376/178 377/182 285/139
f 378/169 210/130 285/139 377/182
f 210/130 378/169 379/172 324/131
f 380/3360 209/3385 324/131 379/172
f 209/253 380/251 373/173 292/133
f 205/3391 386/154 381/153 207/127
f 207/3390 381/3358 382/159 321/128
f 382/159 383/158 208/129 321/128
f 383/158 384/149 206/122 208/129
f 206/122 384/149 385/152 314/123
f 386/3356 205/126 314/123 385/152
f 189/255 392/115 387/114 185/254
f 185/3395 387/3354 388/120 312/79
f 388/120 389/119 154/80 312/79
f 389/119 390/110 150/257 154/80
f 150/257 390/110 391/113 305/256
f 392/3352 189/3367 305/256 391/113
f 394/202 251/210 252/213 393/203
f 251/210 394/202 395/206 341/219
f 396/3350 254/217 341/219 395/206
f 397/204 253/214 254/3351 396/205
f 398/3348 256/224 253/214 397/204
f 335/222 256/3349 398/209 399/208
f 399/208 400/207 255/221 335/222
f 393/203 252/213 255/221 400/207
f 402/240 403/238 277/258 401/241
f 407/229 270/259 271/260 406/231
f 270/259 407/229 408/230 300/261
f 409/3347 269/3345 300/261 408/230
f 269/262 409/232 410/233 272/263
f 411/235 273/264 272/263 410/233
f 275/265 273/264 411/235 412/237
f 413/239 276/266 275/265 412/237
f 279/267 276/266 413/239 414/244
f 415/3346 278/3344 279/267 414/244
f 416/242 299/269 278/268 415/243
f 401/241 277/258 299/269 416/242
f 273/264 440/270 439/271 272/263
f 272/263 439/271 438/272 269/262
f 269/3345 438/3342 437/273 300/261
f 300/261 437/273 436/274 270/259
f 270/259 436/274 435/275 271/260
f 271/260 435/275 434/276 274/277
f 274/277 434/276 433/278 277/258
f 277/258 433/278 432/279 299/269
f 299/269 432/279 431/280 278/268
f 278/3344 431/3343 430/281 279/267
f 279/267 430/281 442/282 276/266
f 276/266 442/282 441/283 275/265
f 440/270 273/264 275/265 441/283
f 431/3343 714/3340 713/285 430/281
f 432/279 715/286 714/284 431/280
f 433/278 716/287 715/286 432/279
f 434/276 717/288 716/287 433/278
f 435/275 718/289 717/288 434/276
f 436/274 719/290 718/289 435/275
f 437/273 720/291 719/290 436/274
f 438/3342 721/3338 720/291 437/273
f 439/271 722/293 721/292 438/272
f 440/270 723/294 722/293 439/271
f 723/294 440/270 441/283 724/295
f 442/282 725/296 724/295 441/283
f 430/281 713/285 725/296 442/282
f 444/297 521/298 520/299 445/300
f 519/301 446/302 445/300 520/299
f 518/303 447/3105 446/302 519/301
f 447/304 518/3109 517/305 448/306
f 448/306 517/305 516/307 449/308
f 449/308 516/307 515/309 450/310
f 450/310 515/309 514/311 451/312
f 513/313 452/314 451/312 514/311
f 452/314 513/313 512/315 453/316
f 453/316 512/315 511/317 454/318
f 454/318 511/317 510/319 455/320
f 455/320 510/319 509/321 456/322
f 456/322 509/321 567/323 566/324
f 1058/325 477/326 478/327 1059/328
f 1057/329 476/330 477/326 1058/325
f 1056/331 475/3102 476/330 1057/329
f 1055/333 474/334 475/332 1056/3112
f 1054/335 473/336 474/334 1055/333
f 1053/337 472/338 473/336 1054/335
f 1052/339 471/340 472/338 1053/337
f 1051/341 470/342 471/340 1052/339
f 1064/343 482/344 470/342 1051/341
f 1063/345 481/346 482/344 1064/343
f 1062/347 480/348 481/346 1063/345
f 1061/349 479/350 480/348 1062/347
f 573/351 479/350 1061/349 1060/352
f 730/353 457/354 458/355 731/356
f 459/357 732/358 731/356 458/355
f 460/359 733/360 732/358 459/357
f 461/361 734/362 733/360 460/359
f 462/363 735/3101 734/362 461/361
f 735/364 462/3111 463/365 736/366
f 736/366 463/365 464/367 737/368
f 465/369 738/370 737/368 464/367
f 466/371 726/372 739/373 572/374
f 467/375 727/376 726/372 466/371
f 468/377 728/378 727/376 467/375
f 469/379 729/380 728/378 468/377
f 457/354 730/353 729/380 469/379
f 500/381 483/382 484/383 501/384
f 485/385 502/386 501/384 484/383
f 486/387 503/388 502/386 485/385
f 487/389 504/390 503/388 486/387
f 488/391 505/3110 504/390 487/389
f 505/392 488/3107 489/393 506/394
f 506/394 489/393 490/395 507/396
f 491/397 508/398 507/396 490/395
f 492/399 496/400 571/401 570/402
f 493/403 497/404 496/400 492/399
f 494/405 498/406 497/404 493/403
f 495/407 499/408 498/406 494/405
f 483/382 500/381 499/408 495/407
f 497/404 467/375 466/371 496/400
f 498/406 468/377 467/375 497/404
f 499/408 469/379 468/377 498/406
f 500/381 457/354 469/379 499/408
f 457/354 500/381 501/384 458/355
f 502/386 459/357 458/355 501/384
f 503/388 460/359 459/357 502/386
f 504/390 461/361 460/359 503/388
f 505/3110 462/363 461/361 504/390
f 462/3111 505/392 506/394 463/365
f 463/365 506/394 507/396 464/367
f 508/398 465/369 464/367 507/396
f 496/400 466/371 572/374 571/401
f 510/319 523/409 522/410 509/321
f 511/317 524/411 523/409 510/319
f 512/315 525/412 524/411 511/317
f 513/313 526/413 525/412 512/315
f 526/413 513/313 514/311 527/414
f 515/309 528/415 527/414 514/311
f 516/307 529/416 528/415 515/309
f 517/305 530/417 529/416 516/307
f 518/3109 531/3108 530/417 517/305
f 531/418 518/303 519/301 532/419
f 532/419 519/301 520/299 533/420
f 521/298 534/421 533/420 520/299
f 509/321 522/410 568/422 567/323
f 536/423 535/424 522/410 523/409
f 537/425 536/423 523/409 524/411
f 538/426 537/425 524/411 525/412
f 539/427 538/426 525/412 526/413
f 539/427 526/413 527/414 540/428
f 541/429 540/428 527/414 528/415
f 542/430 541/429 528/415 529/416
f 543/431 542/430 529/416 530/417
f 544/3106 543/431 530/417 531/3108
f 544/432 531/418 532/419 545/433
f 545/433 532/419 533/420 546/434
f 547/435 546/434 533/420 534/421
f 535/424 569/436 568/422 522/410
f 536/423 493/403 492/399 535/424
f 537/425 494/405 493/403 536/423
f 538/426 495/407 494/405 537/425
f 539/427 483/382 495/407 538/426
f 483/382 539/427 540/428 484/383
f 541/429 485/385 484/383 540/428
f 542/430 486/387 485/385 541/429
f 543/431 487/389 486/387 542/430
f 544/3106 488/391 487/389 543/431
f 488/3107 544/432 545/433 489/393
f 489/393 545/433 546/434 490/395
f 547/435 491/397 490/395 546/434
f 535/424 492/399 570/402 569/436
f 550/437 1546/438 549/439
f 551/440 1547/441 1546/438 550/437
f 552/442 1548/443 1547/441 551/440
f 553/444 1549/3078 1548/443 552/442
f 565/446 1549/445 553/3084 554/447
f 1503/448 565/446 554/447 555/449
f 556/450 1504/451 1503/448 555/449
f 557/452 1506/453 1505/454 574/455
f 558/456 1507/457 1506/453 557/452
f 559/458 1508/459 1507/457 558/456
f 560/460 1509/461 1508/459 559/458
f 548/462 1502/463 1509/461 560/460
f 688/3218 689/3217 13/3214 12/467
f 566/324 567/323 521/298 444/297
f 568/422 534/421 521/298 567/323
f 568/422 569/436 547/435 534/421
f 570/402 491/397 547/435 569/436
f 571/401 508/398 491/397 570/402
f 572/374 465/369 508/398 571/401
f 739/373 738/370 465/369 572/374
f 478/327 573/351 1060/352 1059/328
f 1505/454 1504/451 556/450 574/455
f 1/3181 138/469 1493/470 443/471
f 586/472 603/473 602/474 585/3018
f 594/476 604/477 603/473 586/472
f 588/478 596/479 595/480 587/481
f 596/479 588/478 589/482 597/483
f 598/484 590/485 591/486 599/487
f 593/488 601/489 600/490 592/491
f 6/492 4/493 587/481 595/480
f 599/487 591/486 592/491 600/490
f 601/489 593/488 585/475 602/3020
f 604/477 594/476 5/494 7/495
f 8/496 6/492 595/480 605/497
f 596/479 606/498 605/497 595/480
f 606/498 596/479 597/483 607/499
f 607/499 597/483 598/484 608/500
f 608/500 598/484 599/487 609/501
f 609/501 599/487 600/490 610/502
f 601/489 611/503 610/502 600/490
f 611/503 601/489 602/3020 612/3019
f 603/473 613/505 612/504 602/474
f 604/477 614/506 613/505 603/473
f 614/506 604/477 7/495 9/507
f 2/508 8/496 605/497 577/509
f 605/497 606/498 578/510 577/509
f 578/510 606/498 607/499 579/511
f 579/511 607/499 608/500 580/512
f 580/512 608/500 609/501 581/513
f 581/513 609/501 610/502 582/514
f 610/502 611/503 583/515 582/514
f 583/515 611/503 612/3019 575/2995
f 612/504 613/505 576/517 575/516
f 613/505 614/506 584/518 576/517
f 584/518 614/506 9/507 3/519
f 445/300 743/520 742/521 444/297
f 744/522 743/520 445/300 446/302
f 745/3099 744/522 446/302 447/3105
f 448/306 746/524 745/523 447/304
f 449/308 747/525 746/524 448/306
f 450/310 748/526 747/525 449/308
f 451/312 749/527 748/526 450/310
f 750/528 749/527 451/312 452/314
f 453/316 751/529 750/528 452/314
f 454/318 752/530 751/529 453/316
f 455/320 753/531 752/530 454/318
f 456/322 740/532 753/531 455/320
f 566/324 741/533 740/532 456/322
f 444/297 742/521 741/533 566/324
f 616/534 630/535 629/536 615/537
f 631/538 630/535 616/534 617/539
f 632/3104 631/538 617/539 618/541
f 619/542 633/543 632/540 618/3100
f 620/544 3116/3670 633/543 619/542
f 621/546 3120/3674 3115/3671 620/544
f 622/547 636/548 3119/3675 621/546
f 637/549 636/548 622/547 623/550
f 624/551 638/552 637/549 623/550
f 625/553 639/554 638/552 624/551
f 626/555 640/556 639/554 625/553
f 627/557 641/558 640/556 626/555
f 628/559 642/560 641/558 627/557
f 615/537 629/536 642/560 628/559
f 630/535 644/561 643/562 629/536
f 645/563 644/561 630/535 631/538
f 646/3103 645/563 631/538 632/3104
f 633/543 647/565 646/564 632/540
f 634/545 3124/3677 647/565 633/543
f 635/3516 3127/3681 3122/3678 3113/3668
f 636/548 650/567 3126/3683 3118/3672
f 672/568 670/569 669/570 671/571
f 673/572 674/573 672/568 671/571
f 675/574 676/575 674/573 673/572
f 640/556 652/576 651/577 639/554
f 641/558 653/578 652/576 640/556
f 642/560 654/579 653/578 641/558
f 629/536 643/562 654/579 642/560
f 644/561 656/3146 655/3137 643/562
f 657/3145 656/3146 644/561 645/563
f 658/3143 657/3145 645/563 646/3103
f 647/565 659/3142 658/583 646/564
f 648/3515 660/3141 659/3142 647/565
f 649/566 661/3140 660/3807 3121/3676
f 650/567 662/587 661/3806 3125/3680
f 677/588 670/569 672/568 678/589
f 674/573 679/590 678/589 672/568
f 676/575 680/591 679/590 674/573
f 652/576 666/3139 665/3132 651/577
f 653/578 667/3138 666/3139 652/576
f 654/579 668/3136 667/3138 653/578
f 643/562 655/3137 668/3136 654/579
f 636/548 669/570 670/569 650/567
f 669/570 636/548 637/549 671/571
f 638/552 673/572 671/571 637/549
f 639/554 675/574 673/572 638/552
f 651/577 676/575 675/574 639/554
f 650/567 670/569 677/588 662/587
f 677/3134 678/3133 663/596 662/3135
f 663/596 678/3133 679/3130 664/597
f 664/597 679/3130 680/3131 665/593
f 665/3132 680/591 676/575 651/577
f 684/598 712/599 659/584 660/585
f 656/580 685/600 668/595 655/581
f 683/601 685/600 712/599 684/598
f 681/602 664/597 665/593 666/592
f 682/603 663/596 664/597 681/602
f 663/596 682/603 661/586 662/3135
f 683/601 681/602 666/592 667/594
f 684/598 682/603 681/602 683/601
f 682/603 684/598 660/585 661/586
f 683/601 667/594 668/595 685/600
f 686/3198 1537/605 142/3199 10/3211
f 11/3195 141/609 1536/610 687/3197
f 687/3197 1536/610 1537/605 686/3198
f 690/612 706/613 30/3203 14/3202
f 691/616 707/617 706/613 690/612
f 15/618 31/619 707/617 691/616
f 692/620 702/621 26/3207 16/3204
f 693/624 703/625 702/621 692/620
f 17/626 27/627 703/625 693/624
f 694/628 704/629 28/3205 18/3208
f 695/632 705/633 704/629 694/628
f 19/634 29/635 705/633 695/632
f 696/636 700/637 24/3209 20/3206
f 697/640 701/641 700/637 696/636
f 21/642 25/643 701/641 697/640
f 698/644 688/464 12/3215 22/3210
f 699/646 689/465 688/464 698/644
f 23/647 13/466 689/465 699/646
f 700/637 698/644 22/3210 24/3209
f 701/641 699/646 698/644 700/637
f 25/643 23/647 699/646 701/641
f 702/621 694/628 18/3208 26/3207
f 703/625 695/632 694/628 702/621
f 27/627 19/634 695/632 703/625
f 704/629 696/636 20/3206 28/3205
f 705/633 697/640 696/636 704/629
f 29/635 21/642 697/640 705/633
f 706/613 692/620 16/3204 30/3203
f 707/617 693/624 692/620 706/613
f 31/619 17/626 693/624 707/617
f 708/648 690/612 14/3202 32/3201
f 709/650 691/616 690/612 708/648
f 33/651 15/618 691/616 709/650
f 710/652 708/648 32/3201 34/3200
f 711/654 709/650 708/648 710/652
f 35/655 33/651 709/650 711/654
f 659/584 712/599 657/582 658/3144
f 712/599 685/600 656/580 657/582
f 274/277 277/258 403/238 404/236
f 405/234 274/277 404/236
f 405/234 406/231 271/260 274/277
f 714/3340 426/3341 427/3237 713/285
f 715/286 425/3239 426/3238 714/284
f 716/287 424/3240 425/3239 715/286
f 717/288 423/3241 424/3240 716/287
f 718/289 422/3242 423/3241 717/288
f 719/290 421/3243 422/3242 718/289
f 720/291 420/3244 421/3243 719/290
f 721/3338 419/3339 420/3244 720/291
f 722/293 418/3246 419/3245 721/292
f 723/294 417/3235 418/3246 722/293
f 417/3235 723/294 724/295 429/3234
f 725/296 428/3236 429/3234 724/295
f 713/285 427/3237 428/3236 725/296
f 727/376 480/348 479/350 726/372
f 728/378 481/346 480/348 727/376
f 729/380 482/344 481/346 728/378
f 730/353 470/342 482/344 729/380
f 470/342 730/353 731/356 471/340
f 732/358 472/338 471/340 731/356
f 733/360 473/336 472/338 732/358
f 734/362 474/334 473/336 733/360
f 735/3101 475/332 474/334 734/362
f 475/3102 735/364 736/366 476/330
f 476/330 736/366 737/368 477/326
f 738/370 478/327 477/326 737/368
f 573/351 478/327 738/370 739/373
f 726/372 479/350 573/351 739/373
f 741/533 628/559 627/557 740/532
f 742/521 615/537 628/559 741/533
f 743/520 616/534 615/537 742/521
f 617/539 616/534 743/520 744/522
f 618/541 617/539 744/522 745/3099
f 746/524 619/542 618/3100 745/523
f 747/525 620/544 619/542 746/524
f 748/526 621/546 620/544 747/525
f 749/527 622/547 621/546 748/526
f 623/550 622/547 749/527 750/528
f 751/529 624/551 623/550 750/528
f 752/530 625/553 624/551 751/529
f 753/531 626/555 625/553 752/530
f 740/532 627/557 626/555 753/531
f 804/669 803/670 961/671 960/672
f 800/673 799/674 982/675 981/676
f 795/677 794/678 990/679 989/680
f 781/681 763/682 762/683 782/684
f 797/685 796/2991 987/2967 986/688
f 761/2986 760/690 784/691 783/2992
f 875/2970 897/694 890/695 889/2984
f 864/697 795/677 989/680 988/698
f 762/683 870/699 869/700 782/684
f 872/701 962/702 961/671 803/670
f 926/703 879/704 976/705 975/706
f 759/707 871/708 870/699 762/683
f 763/682 755/709 759/707 762/683
f 805/710 804/669 960/672 959/711
f 810/712 793/713 993/714 992/715
f 811/716 764/717 765/718 812/719
f 868/720 867/721 812/719 765/718
f 767/722 814/723 813/2989 766/2990
f 798/726 815/727 984/728 983/729
f 37/730 43/731 768/732 769/733
f 45/734 37/730 769/733 770/735
f 53/736 54/737 832/738 831/739
f 772/740 773/741 1032/742 1031/743
f 39/744 88/745 1034/746 775/747
f 46/748 49/749 816/750 776/751
f 44/752 47/753 785/754 777/755
f 38/2963 44/752 777/755 778/2993
f 41/758 38/756 778/757 779/759
f 43/731 82/760 873/761 768/732
f 764/717 781/681 782/684 765/718
f 869/700 868/720 765/718 782/684
f 784/691 767/722 766/2990 783/2992
f 799/674 798/726 983/729 982/675
f 47/753 46/748 776/751 785/754
f 952/762 787/763 788/764 953/765
f 958/766 957/767 806/768 954/769
f 807/770 786/771 948/772 947/773
f 950/774 792/775 995/776 994/777
f 951/778 791/779 787/763 952/762
f 948/772 786/771 790/780 949/781
f 949/781 790/780 792/775 950/774
f 809/782 771/783 793/713 810/712
f 773/741 772/740 794/678 795/677
f 863/784 773/741 795/677 864/697
f 775/747 774/785 796/2991 797/685
f 776/751 816/750 815/727 798/726
f 785/754 776/751 798/726 799/674
f 777/755 785/754 799/674 800/673
f 778/2993 777/755 800/673 801/786
f 779/759 778/757 801/2987 802/787
f 873/761 872/701 803/670 768/732
f 769/733 768/732 803/670 804/669
f 770/735 769/733 804/669 805/710
f 806/768 789/788 955/789 954/769
f 955/789 789/788 807/770 947/773
f 48/790 45/734 770/735 808/791
f 53/736 831/739 833/792 55/793
f 817/794 809/782 810/712 818/795
f 818/795 810/712 992/715 991/796
f 819/797 811/716 812/719 820/798
f 867/721 866/799 820/798 812/719
f 814/723 822/800 821/2988 813/2989
f 815/727 823/802 985/803 984/728
f 816/750 824/804 823/802 815/727
f 49/749 50/805 824/804 816/750
f 835/806 836/807 57/808 56/809
f 772/740 817/794 818/795 794/678
f 794/678 818/795 991/796 990/679
f 754/810 819/797 820/798 758/811
f 866/799 865/812 758/811 820/798
f 822/800 756/813 757/814 821/2988
f 823/802 797/685 986/688 985/803
f 824/804 775/747 797/685 823/802
f 50/805 39/744 775/747 824/804
f 780/815 825/816 826/817 808/791
f 808/791 826/817 51/818 48/790
f 809/782 828/819 827/820 771/783
f 771/783 827/820 825/816 780/815
f 817/794 829/821 828/819 809/782
f 772/740 830/822 829/821 817/794
f 825/816 1542/823 1541/824 826/817
f 826/817 1541/824 146/825 51/818
f 828/819 1544/826 1543/827 827/820
f 827/820 1543/827 1542/823 825/816
f 829/821 1545/828 1544/826 828/819
f 52/829 145/830 1540/831 830/822
f 830/822 1540/831 1545/828 829/821
f 834/832 998/833 997/834 833/792
f 56/809 83/835 999/836 835/806
f 835/806 999/836 998/833 834/832
f 997/834 1552/837 55/793 833/792
f 841/838 844/839 843/840 840/841
f 842/842 845/843 844/839 841/838
f 60/844 62/845 845/843 842/842
f 843/840 837/846 58/847 61/848
f 844/839 838/849 837/846 843/840
f 845/843 839/850 838/849 844/839
f 62/845 59/851 839/850 845/843
f 837/846 3132/3686 2964/3521 58/847
f 838/849 847/852 3131/3687 837/846
f 59/851 64/853 848/854 839/850
f 839/850 848/854 847/852 838/849
f 64/853 65/855 847/852 848/854
f 846/3514 3136/3690 2970/3527 2965/3518
f 847/852 850/856 3135/3692 3130/3684
f 849/3513 3141/3695 2979/3534 2972/3523
f 850/856 852/857 3140/3697 3134/3688
f 851/3512 3146/3700 2984/3538 2977/3530
f 852/3459 854/858 3145/3702 3139/3693
f 850/856 1550/859 1551/860 852/857
f 853/3511 3151/3705 2991/3548 2986/3541
f 854/858 856/861 3150/3707 3144/3698
f 69/862 71/863 856/861 854/858
f 855/3510 3156/3710 2998/3555 2993/3544
f 856/861 858/864 3155/3712 3149/3703
f 71/863 73/865 858/864 856/861
f 857/3509 3161/3715 3005/3562 3000/3551
f 858/864 860/866 3160/3717 3154/3708
f 73/865 75/867 860/866 858/864
f 859/3507 3010/3565 3061/3616 3007/3558
f 860/866 861/868 3009/3564 3159/3713
f 75/867 78/869 861/868 860/866
f 3020/3575 3072/3626 3105/3660 3053/3606
f 861/868 862/870 3063/3634 76/3508
f 78/869 81/871 862/870 861/868
f 79/3465 862/3464 81/3808 3096/3635
f 774/2965 863/784 864/697 796/686
f 796/686 864/697 988/698 987/687
f 821/801 757/2968 865/812 866/799
f 813/724 821/801 866/799 867/721
f 766/725 813/724 867/721 868/720
f 783/692 766/725 868/720 869/700
f 870/699 761/689 783/692 869/700
f 971/872 970/873 883/874 897/694
f 779/759 802/787 872/701 873/761
f 82/760 41/758 779/759 873/761
f 981/676 980/875 936/876 800/673
f 926/703 925/877 887/878 879/704
f 761/2986 930/879 937/880 760/690
f 871/708 932/881 931/882 870/699
f 870/699 931/882 930/2973 761/689
f 890/695 897/694 883/874 891/883
f 872/701 933/884 963/885 962/702
f 882/886 886/887 893/888 892/889
f 891/883 883/874 970/873 969/890
f 886/887 874/2985 894/2976 893/888
f 800/673 936/876 935/893 801/786
f 801/2987 935/2971 934/894 802/787
f 802/787 934/894 933/884 872/701
f 887/2978 925/2977 924/895 888/896
f 888/896 924/895 923/897 885/898
f 885/898 923/897 968/899 967/900
f 929/901 881/902 884/903 922/904
f 928/905 880/2983 881/902 929/901
f 927/907 878/908 880/906 928/2975
f 973/909 972/910 875/693 896/911
f 876/912 894/892 874/891 895/913
f 896/911 877/914 974/915 973/909
f 875/2970 972/2969 971/872 897/694
f 875/693 889/696 877/914 896/911
f 899/916 885/898 967/900 966/917
f 900/918 888/896 885/898 899/916
f 901/919 887/2978 888/896 900/918
f 902/920 879/704 887/878 901/2982
f 977/921 976/705 879/704 902/920
f 904/922 880/906 878/908 903/923
f 905/924 881/902 880/2983 904/2981
f 898/925 884/903 881/902 905/924
f 907/926 900/918 899/916 906/927
f 908/928 901/919 900/918 907/926
f 909/929 902/920 901/2982 908/2980
f 978/930 977/921 902/920 909/929
f 911/931 904/922 903/923 910/932
f 912/933 905/924 904/2981 911/2979
f 913/934 898/925 905/924 912/933
f 906/927 899/916 966/917 965/935
f 915/936 913/934 912/933 914/937
f 916/938 906/927 965/935 964/939
f 917/940 907/926 906/927 916/938
f 918/941 908/928 907/926 917/940
f 919/942 909/929 908/2980 918/2972
f 979/943 978/930 909/929 919/942
f 921/944 911/931 910/932 920/945
f 914/937 912/933 911/2979 921/2974
f 923/897 891/883 969/890 968/899
f 924/895 890/695 891/883 923/897
f 925/2977 889/2984 890/695 924/895
f 877/914 889/696 925/877 926/703
f 877/914 926/703 975/706 974/915
f 876/912 927/907 928/2975 894/892
f 894/2976 928/905 929/901 893/888
f 893/888 929/901 922/904 892/889
f 931/882 914/937 921/2974 930/2973
f 932/881 915/936 914/937 931/882
f 933/884 916/938 964/939 963/885
f 934/894 917/940 916/938 933/884
f 935/2971 918/941 917/940 934/894
f 936/876 919/942 918/2972 935/893
f 980/875 979/943 919/942 936/876
f 930/879 921/944 920/945 937/880
f 787/763 1003/946 1002/947 788/764
f 957/767 1001/948 1000/949 806/768
f 789/788 1010/950 1009/951 807/770
f 790/780 1007/952 1006/953 792/775
f 791/779 1004/954 1003/946 787/763
f 786/771 1008/955 1007/952 790/780
f 792/775 1006/953 1005/956 995/776
f 806/768 1000/949 1010/950 789/788
f 807/770 1009/951 1008/955 786/771
f 947/773 948/772 780/815 808/791
f 780/815 948/772 949/781 771/783
f 771/783 949/781 950/774 793/713
f 793/713 950/774 994/777 993/714
f 764/717 951/778 952/762 781/681
f 781/681 952/762 953/765 763/682
f 959/711 958/766 954/769 805/710
f 955/789 770/735 805/710 954/769
f 770/735 955/789 947/773 808/791
f 788/764 1002/947 1001/948 957/767
f 953/765 788/764 957/767 958/766
f 763/682 953/765 958/766 959/711
f 960/672 755/709 763/682 959/711
f 961/671 759/707 755/709 960/672
f 962/702 871/708 759/707 961/671
f 963/885 932/881 871/708 962/702
f 964/939 915/936 932/881 963/885
f 965/935 913/934 915/936 964/939
f 966/917 898/925 913/934 965/935
f 967/900 884/903 898/925 966/917
f 968/899 922/904 884/903 967/900
f 969/890 892/889 922/904 968/899
f 970/873 882/886 892/889 969/890
f 886/887 882/886 970/873 971/872
f 972/2969 874/2985 886/887 971/872
f 895/913 874/891 972/910 973/909
f 974/915 876/912 895/913 973/909
f 975/706 927/907 876/912 974/915
f 976/705 878/908 927/907 975/706
f 903/923 878/908 976/705 977/921
f 910/932 903/923 977/921 978/930
f 920/945 910/932 978/930 979/943
f 937/880 920/945 979/943 980/875
f 760/690 937/880 980/875 981/676
f 982/675 784/691 760/690 981/676
f 983/729 767/722 784/691 982/675
f 984/728 814/723 767/722 983/729
f 985/803 822/800 814/723 984/728
f 986/688 756/813 822/800 985/803
f 987/2967 757/814 756/813 986/688
f 988/698 865/812 757/2968 987/687
f 989/680 758/811 865/812 988/698
f 990/679 754/810 758/811 989/680
f 991/796 819/797 754/810 990/679
f 992/715 811/716 819/797 991/796
f 993/714 764/717 811/716 992/715
f 994/777 951/778 764/717 993/714
f 995/776 791/779 951/778 994/777
f 1005/956 1004/954 791/779 995/776
f 998/833 841/838 840/841 997/834
f 999/836 842/842 841/838 998/833
f 83/835 60/844 842/842 999/836
f 1001/948 956/957 940/958 1000/949
f 1002/947 939/959 956/957 1001/948
f 1003/946 938/960 939/959 1002/947
f 1004/954 945/961 938/960 1003/946
f 996/962 945/961 1004/954 1005/956
f 1006/953 944/963 996/962 1005/956
f 1007/952 943/964 944/963 1006/953
f 1008/955 946/965 943/964 1007/952
f 1009/951 942/966 946/965 1008/955
f 1010/950 941/967 942/966 1009/951
f 1000/949 940/958 941/967 1010/950
f 938/960 1011/968 1012/969 939/959
f 939/959 1012/969 1013/970 956/957
f 941/967 1014/971 1015/972 942/966
f 943/964 1016/973 1017/974 944/963
f 945/961 1018/975 1011/968 938/960
f 946/965 1019/976 1016/973 943/964
f 944/963 1017/974 1020/977 996/962
f 940/958 1021/978 1014/971 941/967
f 942/966 1015/972 1019/976 946/965
f 956/957 1013/970 1021/978 940/958
f 996/962 1020/977 1018/975 945/961
f 40/2962 84/980 1026/981 1025/982
f 773/741 1023/983 1033/984 1032/742
f 863/784 1024/985 1023/983 773/741
f 774/2965 1022/986 1024/985 863/784
f 1023/983 590/485 589/482 1033/984
f 1024/985 591/486 590/485 1023/983
f 1022/986 592/491 591/486 1024/985
f 586/472 585/3018 1026/981
f 1025/2966 1035/2964 1034/746 1027/989
f 1026/3220 1036/990 1035/988 1025/3219
f 585/475 593/488 1036/990 1026/3220
f 86/991 40/979 1025/2966 1027/989
f 36/992 52/829 830/822 772/740
f 42/993 87/994 1030/995 1028/996
f 1029/997 85/987 42/993 1028/996
f 588/478 587/481 85/987 1029/997
f 87/994 89/998 1031/743 1030/995
f 1032/742 1028/996 1030/995 1031/743
f 1033/984 1029/997 1028/996 1032/742
f 589/482 588/478 1029/997 1033/984
f 1035/2964 774/785 775/747 1034/746
f 1036/990 1022/986 774/2965 1035/988
f 593/488 592/491 1022/986 1036/990
f 88/745 86/991 1027/989 1034/746
f 89/998 36/992 772/740 1031/743
f 586/472 1026/981 84/980 594/476
f 3021/3576 3073/3627 3106/3661 3054/3607
f 548/462 1065/999 1078/1000 549/439
f 549/439 1078/1000 1077/1001 550/437
f 550/437 1077/1001 1076/1002 551/440
f 551/440 1076/1002 1075/1003 552/442
f 552/442 1075/1003 1074/1004 553/444
f 553/3084 1074/3083 1073/1005 554/447
f 554/447 1073/1005 1072/1006 555/449
f 555/449 1072/1006 1071/1007 556/450
f 556/450 1071/1007 1070/1008 574/455
f 557/452 1069/1009 1068/1010 558/456
f 558/456 1068/1010 1067/1011 559/458
f 559/458 1067/1011 1066/1012 560/460
f 560/460 1066/1012 1065/999 548/462
f 574/455 1070/1008 1069/1009 557/452
f 1066/1012 1080/1013 1079/1014 1065/999
f 1067/1011 1081/1015 1080/1013 1066/1012
f 1068/1010 1082/1016 1081/1015 1067/1011
f 1069/1009 1083/1017 1082/1016 1068/1010
f 1070/1008 1084/1018 1083/1017 1069/1009
f 1071/1007 1085/1019 1084/1018 1070/1008
f 1072/1006 1086/1020 1085/1019 1071/1007
f 1073/1005 1087/1021 1086/1020 1072/1006
f 1074/3083 1088/3082 1087/1021 1073/1005
f 1075/1003 1089/1023 1088/1022 1074/1004
f 1076/1002 1090/1024 1089/1023 1075/1003
f 1077/1001 1091/1025 1090/1024 1076/1002
f 1078/1000 1092/1026 1091/1025 1077/1001
f 1065/999 1079/1014 1092/1026 1078/1000
f 1080/1013 1050/1027 1037/1028 1079/1014
f 1081/1015 1049/1029 1050/1027 1080/1013
f 1082/1016 1048/1030 1049/1029 1081/1015
f 1083/1017 1047/1031 1048/1030 1082/1016
f 1084/1018 1046/1032 1047/1031 1083/1017
f 1085/1019 1045/1033 1046/1032 1084/1018
f 1086/1020 1044/1034 1045/1033 1085/1019
f 1087/1021 1043/1035 1044/1034 1086/1020
f 1088/3082 1042/3080 1043/1035 1087/1021
f 1089/1023 1041/1037 1042/1036 1088/1022
f 1090/1024 1040/1038 1041/1037 1089/1023
f 1091/1025 1039/1039 1040/1038 1090/1024
f 1092/1026 1038/1040 1039/1039 1091/1025
f 1079/1014 1037/1028 1038/1040 1092/1026
f 3022/3577 3074/3628 3107/3662 3055/3608
f 3117/3673 3128/3682 3123/3679 3114/3669
f 3129/3685 3137/3691 2971/3528 2966/3519
f 3133/3689 3142/3696 2980/3535 2973/3524
f 3138/3694 3147/3701 2985/3539 2978/3531
f 3143/3699 3152/3706 2992/3549 2987/3542
f 3148/3704 3157/3711 2999/3556 2994/3545
f 3153/3709 3162/3716 3006/3563 3001/3552
f 3158/3714 3011/3566 3062/3617 3008/3559
f 3023/3578 3075/3629 3108/3663 3056/3609
f 1093/1041 1121/1042 1120/1043 1094/1044
f 1094/1044 1120/1043 1119/3453 1095/3452
f 1095/1046 1119/1045 1131/1047 1096/1048
f 1096/1048 1131/1047 1130/1049 1097/1050
f 1097/1050 1130/1049 1129/1051 1098/1052
f 1098/1052 1129/1051 1128/1053 1099/1054
f 1099/1054 1128/1053 1127/1055 1100/1056
f 1100/1056 1127/1055 1126/1057 1101/1058
f 1101/1058 1126/1057 1125/1059 1102/1060
f 1102/1060 1125/1059 1124/1061 1103/1062
f 1103/1062 1124/1061 1123/1063 1104/1064
f 1104/1064 1123/1063 1122/1065 1105/1066
f 1121/1042 1093/1041 1105/1066 1122/1065
f 1120/1043 1455/1067 1454/1068 1119/3453
f 1121/1042 1456/1069 1455/1067 1120/1043
f 1457/1070 1456/1069 1121/1042 1122/1065
f 1123/1063 1445/3413 1457/1070 1122/1065
f 1124/1061 1446/1072 1445/3413 1123/1063
f 1125/1059 1447/1073 1446/1072 1124/1061
f 1126/1057 1448/1074 1447/1073 1125/1059
f 1127/1055 1449/1075 1448/1074 1126/1057
f 1128/1053 1450/1076 1449/1075 1127/1055
f 1129/1051 1451/1077 1450/1076 1128/1053
f 1130/1049 1452/1078 1451/1077 1129/1051
f 1131/1047 1453/1079 1452/1078 1130/1049
f 1119/1045 1454/3454 1453/1079 1131/1047
f 1225/1080 1138/1081 1139/3012 1226/3011
f 1227/1084 1206/1085 92/1086 110/1087
f 109/1088 103/1089 1140/1090 1218/1091
f 1141/1092 1219/1093 1218/1091 1140/1090
f 1220/1094 1184/1095 1142/1096 1221/1097
f 1222/1098 1191/1099 1143/1100 1223/1101
f 1224/1102 1198/1103 1138/1081 1225/1080
f 1139/3012 1138/1081 1171/1104 1170/3017
f 1206/1085 1205/1106 97/1107 92/1086
f 103/1089 102/1108 1169/1109 1140/1090
f 1169/1109 1168/1110 1141/1092 1140/1090
f 1184/1095 1183/1111 1167/1112 1142/1096
f 1191/1099 1190/1113 1166/1114 1143/1100
f 1198/1103 1197/1115 1171/1104 1138/1081
f 1491/2998 1490/1117 1173/1118 1172/2999
f 134/1120 1492/1121 1204/1122 105/1123
f 1482/1124 133/1125 106/1126 1177/1127
f 1177/1127 1176/1128 1483/1129 1482/1124
f 1485/1130 1484/1131 1182/1132 1175/1133
f 1174/1134 1487/1135 1486/1136 1189/1137
f 1490/1117 1489/1138 1196/1139 1173/1118
f 1145/3016 1144/1141 1110/1142 1165/3015
f 1202/1144 1201/1145 96/1146 93/1147
f 100/1148 99/1149 1164/1150 1146/1151
f 1164/1150 1163/1152 1147/1153 1146/1151
f 1180/1154 1179/1155 1162/1156 1148/1157
f 1187/1158 1114/1159 1113/1160 1149/1161
f 1194/1162 1111/1163 1110/1142 1144/1141
f 1188/1164 1187/1158 1149/1161 1156/1165
f 1181/1166 1180/1154 1148/1157 1157/1167
f 1146/1151 1147/1153 1158/1168 1159/1169
f 101/1170 100/1148 1146/1151 1159/1169
f 1203/1171 1202/1144 93/1147 95/1172
f 1160/3014 1161/1174 1144/1141 1145/3016
f 1195/1175 1194/1162 1144/1141 1161/1174
f 1117/1176 1397/1177 1396/1178 1118/1179
f 1230/1180 1399/1181 1398/1182 1231/1183
f 1401/1184 1400/1185 1229/1186 1228/1187
f 111/1188 122/1189 1401/1184 1228/1187
f 1233/1190 1392/1191 121/1192 112/1193
f 1107/1194 1394/1195 1393/1196 1232/3009
f 1106/1198 1395/1199 1394/1195 1107/1194
f 1204/1122 1203/1171 95/1172 105/1123
f 1172/2999 1173/1118 1161/1174 1160/3014
f 1196/1139 1195/1175 1161/1174 1173/1118
f 1189/1137 1188/1164 1156/1165 1174/1134
f 1182/1132 1181/1166 1157/1167 1175/1133
f 1159/1169 1158/1168 1176/1128 1177/1127
f 106/1126 101/1170 1159/1169 1177/1127
f 1229/1186 1400/1185 1399/1181 1230/1180
f 1147/1153 1163/1152 1179/1155 1180/1154
f 1158/1168 1147/1153 1180/1154 1181/1166
f 1176/1128 1158/1168 1181/1166 1182/1132
f 1182/1132 1484/1131 1483/1129 1176/1128
f 1141/1092 1168/1110 1183/1111 1184/1095
f 1219/1093 1141/1092 1184/1095 1220/1094
f 1231/1183 1398/1182 1397/1177 1117/1176
f 1148/1157 1162/1156 1114/1159 1187/1158
f 1157/1167 1148/1157 1187/1158 1188/1164
f 1175/1133 1157/1167 1188/1164 1189/1137
f 1189/1137 1486/1136 1485/1130 1175/1133
f 1142/1096 1167/1112 1190/1113 1191/1099
f 1221/1097 1142/1096 1191/1099 1222/1098
f 1118/1179 1396/1178 1395/1199 1106/1198
f 1226/1083 1139/1082 1206/1085 1227/1084
f 1249/1200 1143/1100 1166/1114 1250/1201
f 1249/1200 1248/1202 1223/1101 1143/1100
f 1488/1203 1487/1135 1174/1134 1251/1204
f 1174/1134 1156/1165 1252/1205 1251/1204
f 1156/1165 1149/1161 1253/1206 1252/1205
f 1149/1161 1113/1160 1112/1207 1253/1206
f 1232/1197 1393/3007 1392/1191 1233/1190
f 1145/1140 1165/1143 1201/1145 1202/1144
f 1160/1173 1145/1140 1202/1144 1203/1171
f 1172/1119 1160/1173 1203/1171 1204/1122
f 1491/1116 1172/1119 1204/1122 1492/1121
f 1139/1082 1170/1105 1205/1106 1206/1085
f 1135/1208 1208/1209 1209/1210 1134/1211
f 1133/1212 1207/1213 1210/1214 1211/1215
f 1132/1216 1133/3013 1211/3001 1212/1217
f 1213/1218 1199/1219 1132/1216 1212/1217
f 1214/1220 1137/1221 1247/1222 1246/1223
f 1215/1224 1192/1225 1137/1221 1214/1220
f 1216/1226 1136/1227 1192/1225 1215/1224
f 1217/1228 1185/1229 1136/1227 1216/1226
f 1208/1209 1135/1208 1185/1229 1217/1228
f 1209/1210 107/1230 104/1231 1134/1211
f 1207/1213 91/1232 108/1233 1210/1214
f 104/1231 109/1088 1218/1091 1134/1211
f 1218/1091 1219/1093 1135/1208 1134/1211
f 1135/1208 1219/1093 1220/1094 1185/1229
f 1185/1229 1220/1094 1221/1097 1136/1227
f 1136/1227 1221/1097 1222/1098 1192/1225
f 1192/1225 1222/1098 1223/1101 1137/1221
f 1248/1202 1247/1222 1137/1221 1223/1101
f 1199/1219 1224/1102 1225/1080 1132/1216
f 1132/1216 1225/1080 1226/3011 1133/3013
f 1133/1212 1226/1083 1227/1084 1207/1213
f 99/1149 114/1234 1241/1235 1164/1150
f 1240/1236 1163/1152 1164/1150 1241/1235
f 1163/1152 1240/1236 1239/1237 1179/1155
f 1179/1155 1239/1237 1238/1238 1162/1156
f 1162/1156 1238/1238 1115/1239 1114/1159
f 1108/1240 1107/1194 1232/3009 1244/3008
f 1244/1241 1232/1197 1233/1190 1245/1242
f 1245/1242 1233/1190 112/1193 116/1243
f 1234/1244 1231/1183 1117/1176 1116/1245
f 1235/1246 1230/1180 1231/1183 1234/1244
f 1236/1247 1229/1186 1230/1180 1235/1246
f 1229/1186 1236/1247 1237/1248 1228/1187
f 113/1249 111/1188 1228/1187 1237/1248
f 1238/1238 1234/1244 1116/1245 1115/1239
f 1239/1237 1235/1246 1234/1244 1238/1238
f 1240/1236 1236/1247 1235/1246 1239/1237
f 1236/1247 1240/1236 1241/1235 1237/1248
f 114/1234 113/1249 1237/1248 1241/1235
f 1110/1142 1109/1250 1242/3010 1165/3015
f 1165/1143 1242/1251 1243/1252 1201/1145
f 1201/1145 1243/1252 115/1253 96/1146
f 1109/1250 1108/1240 1244/3008 1242/3010
f 1242/1251 1244/1241 1245/1242 1243/1252
f 1243/1252 1245/1242 116/1243 115/1253
f 1247/1222 1199/1219 1213/1218 1246/1223
f 1224/1102 1199/1219 1247/1222 1248/1202
f 1198/1103 1224/1102 1248/1202 1249/1200
f 1198/1103 1249/1200 1250/1201 1197/1115
f 1489/1138 1488/1203 1251/1204 1196/1139
f 1252/1205 1195/1175 1196/1139 1251/1204
f 1253/1206 1194/1162 1195/1175 1252/1205
f 1112/1207 1111/1163 1194/1162 1253/1206
f 1254/1254 1255/1255 1151/3006 1150/1257
f 1255/2997 1263/1258 1200/1259 1151/1256
f 1256/1260 1257/1261 1153/1262 1152/1263
f 1153/1262 1257/1261 1258/1264 1178/1265
f 1154/1266 1259/1267 1260/1268 1186/1269
f 1261/1270 1262/1271 1193/1272 1155/1273
f 98/1274 117/1275 1256/1260 1152/1263
f 1178/1265 1258/1264 1259/1267 1154/1266
f 1186/1269 1260/1268 1261/1270 1155/1273
f 1193/1272 1262/1271 1254/1254 1150/1257
f 1200/1259 1263/1258 118/1276 94/1277
f 110/1087 143/1278 1538/1279 1227/1084
f 1227/1084 1538/1279 1539/1280 1207/1213
f 1207/1213 1539/1280 144/1281 91/1232
f 1468/1282 1467/1283 1264/1284 1265/1285
f 1459/3000 1458/1287 1266/1288 1267/1289
f 1460/1290 1459/1286 1267/3004 1268/1291
f 1269/1292 1461/1293 1460/1290 1268/1291
f 1462/1294 1461/1293 1269/1292 1270/1295
f 1271/1296 1463/1297 1462/1294 1270/1295
f 1272/1298 1464/1299 1463/1297 1271/1296
f 1273/1300 1465/1301 1464/1299 1272/1298
f 1274/1302 1466/1303 1465/1301 1273/1300
f 1264/1284 1467/1283 1466/1303 1274/1302
f 1094/1044 1472/1304 1471/1305 1093/1041
f 1095/3452 1473/3442 1472/1304 1094/1044
f 1096/1048 1474/1307 1473/1306 1095/1046
f 1097/1050 1475/1308 1474/1307 1096/1048
f 1098/1052 1476/1309 1475/1308 1097/1050
f 1099/1054 1477/1310 1476/1309 1098/1052
f 1100/1056 1478/1311 1477/1310 1099/1054
f 1101/1058 1479/1312 1478/1311 1100/1056
f 1102/1060 1480/1313 1479/1312 1101/1058
f 1103/1062 1481/1314 1480/1313 1102/1060
f 1104/1064 1469/1315 1481/1314 1103/1062
f 1105/1066 1470/1316 1469/1315 1104/1064
f 1093/1041 1471/1305 1470/1316 1105/1066
f 1289/1317 1356/1318 1355/1319 1288/1320
f 1290/1321 1357/1322 1356/1318 1289/1317
f 1291/1323 1358/1324 1357/1322 1290/1321
f 1292/1325 1359/3447 1358/1324 1291/1323
f 1293/1327 1360/1328 1359/1326 1292/3451
f 1294/1329 1361/1330 1360/1328 1293/1327
f 1295/1331 1362/1332 1361/1330 1294/1329
f 1296/1333 1363/1334 1362/1332 1295/1331
f 1297/1335 1364/1336 1363/1334 1296/1333
f 1298/1337 1365/1338 1364/1336 1297/1335
f 1299/1339 1353/1340 1365/1338 1298/1337
f 1300/1341 1354/1342 1353/1340 1299/1339
f 1288/1320 1355/1319 1354/1342 1300/1341
f 1276/3272 1513/1344 1512/1345 1275/3261
f 1277/3271 1514/3439 1513/1344 1276/3272
f 1278/3270 1515/1350 1514/1348 1277/3448
f 1279/3269 1516/1352 1515/1350 1278/3270
f 1280/3268 1517/1354 1516/1352 1279/3269
f 1281/3267 1518/1356 1517/1354 1280/3268
f 1282/3266 1519/1358 1518/1356 1281/3267
f 1283/3265 1520/1360 1519/1358 1282/3266
f 1284/3264 1521/1362 1520/1360 1283/3265
f 1285/3263 1522/1364 1521/1362 1284/3264
f 1286/3262 1510/1366 1522/1364 1285/3263
f 1287/3260 1511/1368 1510/1366 1286/3262
f 1275/3261 1512/1345 1511/1368 1287/3260
f 1315/1369 1368/1370 1367/1371 1314/1372
f 1316/1373 1369/1374 1368/1370 1315/1369
f 1317/1375 1370/1376 1369/1374 1316/1373
f 1318/1377 1371/1378 1370/1376 1317/1375
f 1319/1379 1372/3445 1371/1378 1318/1377
f 1320/1381 1373/1382 1372/1380 1319/3450
f 1321/1383 1374/1384 1373/1382 1320/1381
f 1322/1385 1375/1386 1374/1384 1321/1383
f 1323/1387 1376/1388 1375/1386 1322/1385
f 1324/1389 1377/1390 1376/1388 1323/1387
f 1325/1391 1378/1392 1377/1390 1324/1389
f 1326/1393 1366/1394 1378/1392 1325/1391
f 1314/1372 1367/1371 1366/1394 1326/1393
f 1328/1395 1288/1320 1300/1341 1327/1396
f 1329/1397 1289/1317 1288/1320 1328/1395
f 1330/1398 1290/1321 1289/1317 1329/1397
f 1331/1399 1291/1323 1290/1321 1330/1398
f 1332/1400 1292/1325 1291/1323 1331/1399
f 1333/1401 1293/1327 1292/3451 1332/3446
f 1334/1402 1294/1329 1293/1327 1333/1401
f 1335/1403 1295/1331 1294/1329 1334/1402
f 1336/1404 1296/1333 1295/1331 1335/1403
f 1337/1405 1297/1335 1296/1333 1336/1404
f 1338/1406 1298/1337 1297/1335 1337/1405
f 1339/1407 1299/1339 1298/1337 1338/1406
f 1327/1396 1300/1341 1299/1339 1339/1407
f 1341/1408 1315/1369 1314/1372 1340/1409
f 1342/1410 1316/1373 1315/1369 1341/1408
f 1343/1411 1317/1375 1316/1373 1342/1410
f 1344/1412 1318/1377 1317/1375 1343/1411
f 1345/1413 1319/1379 1318/1377 1344/1412
f 1346/1414 1320/1381 1319/3450 1345/3444
f 1347/1415 1321/1383 1320/1381 1346/1414
f 1348/1416 1322/1385 1321/1383 1347/1415
f 1349/1417 1323/1387 1322/1385 1348/1416
f 1350/1418 1324/1389 1323/1387 1349/1417
f 1351/1419 1325/1391 1324/1389 1350/1418
f 1352/1420 1326/1393 1325/1391 1351/1419
f 1340/1409 1314/1372 1326/1393 1352/1420
f 1354/1342 1285/1363 1284/1361 1353/1340
f 1355/1319 1286/1365 1285/1363 1354/1342
f 1356/1318 1287/1367 1286/1365 1355/1319
f 1357/1322 1275/1346 1287/1367 1356/1318
f 1358/1324 1276/1343 1275/1346 1357/1322
f 1359/3447 1277/1347 1276/1343 1358/1324
f 1360/1328 1278/1349 1277/3449 1359/1326
f 1361/1330 1279/1351 1278/1349 1360/1328
f 1362/1332 1280/1353 1279/1351 1361/1330
f 1363/1334 1281/1355 1280/1353 1362/1332
f 1364/1336 1282/1357 1281/1355 1363/1334
f 1365/1338 1283/1359 1282/1357 1364/1336
f 1353/1340 1284/1361 1283/1359 1365/1338
f 1367/1371 1327/1396 1339/1407 1366/1394
f 1368/1370 1328/1395 1327/1396 1367/1371
f 1369/1374 1329/1397 1328/1395 1368/1370
f 1370/1376 1330/1398 1329/1397 1369/1374
f 1371/1378 1331/1399 1330/1398 1370/1376
f 1372/3445 1332/1400 1331/1399 1371/1378
f 1373/1382 1333/1401 1332/3446 1372/1380
f 1374/1384 1334/1402 1333/1401 1373/1382
f 1375/1386 1335/1403 1334/1402 1374/1384
f 1376/1388 1336/1404 1335/1403 1375/1386
f 1377/1390 1337/1405 1336/1404 1376/1388
f 1378/1392 1338/1406 1337/1405 1377/1390
f 1366/1394 1339/1407 1338/1406 1378/1392
f 1380/1421 1341/1408 1340/1409 1379/1422
f 1381/1423 1342/1410 1341/1408 1380/1421
f 1382/1424 1343/1411 1342/1410 1381/1423
f 1383/1425 1344/1412 1343/1411 1382/1424
f 1384/1426 1345/1413 1344/1412 1383/1425
f 1385/1427 1346/1414 1345/3444 1384/3443
f 1386/1428 1347/1415 1346/1414 1385/1427
f 1387/1429 1348/1416 1347/1415 1386/1428
f 1388/1430 1349/1417 1348/1416 1387/1429
f 1389/1431 1350/1418 1349/1417 1388/1430
f 1390/1432 1351/1419 1350/1418 1389/1431
f 1391/1433 1352/1420 1351/1419 1390/1432
f 1379/1422 1340/1409 1352/1420 1391/1433
f 1265/1285 119/1434 132/1435 1468/1282
f 1458/1287 131/1436 120/1437 1266/1288
f 1411/1438 1200/1259 94/1277 124/1439
f 1410/1440 1151/1256 1200/1259 1411/1438
f 1409/1441 1150/1257 1151/3006 1410/3005
f 1408/1442 1193/1272 1150/1257 1409/1441
f 1407/1443 1155/1273 1193/1272 1408/1442
f 1406/1444 1186/1269 1155/1273 1407/1443
f 1405/1445 1154/1266 1186/1269 1406/1444
f 1404/1446 1178/1265 1154/1266 1405/1445
f 1403/1447 1153/1262 1178/1265 1404/1446
f 1152/1263 1153/1262 1403/1447 1402/1448
f 123/3158 98/1274 1152/1263 1402/1448
f 122/1189 123/1449 1402/3169 1401/1184
f 1403/3168 1400/1185 1401/1184 1402/3169
f 1400/1185 1403/3168 1404/3167 1399/1181
f 1399/1181 1404/3167 1405/3166 1398/1182
f 1398/1182 1405/3166 1406/3165 1397/1177
f 1397/1177 1406/3165 1407/3164 1396/1178
f 1396/1178 1407/3164 1408/3163 1395/1199
f 1395/1199 1408/3163 1409/3162 1394/1195
f 1394/1195 1409/3162 1410/3160 1393/1196
f 1393/3007 1410/3161 1411/3159 1392/1191
f 1392/1191 1411/3159 124/3148 121/1192
f 1264/1284 1435/1450 1434/1451 1265/1285
f 1266/1288 1444/1452 1443/1453 1267/1289
f 1267/3004 1443/3002 1442/1454 1268/1291
f 1268/1291 1442/1454 1441/1455 1269/1292
f 1269/1292 1441/1455 1440/1456 1270/1295
f 1270/1295 1440/1456 1439/1457 1271/1296
f 1271/1296 1439/1457 1438/1458 1272/1298
f 1272/1298 1438/1458 1437/1459 1273/1300
f 1273/1300 1437/1459 1436/1460 1274/1302
f 1274/1302 1436/1460 1435/1450 1264/1284
f 1265/1285 1434/1451 129/1461 119/1434
f 120/1437 130/1462 1444/1452 1266/1288
f 1412/3062 1423/1464 1424/1465 1413/3060
f 1414/3059 1425/1468 1426/1469 1415/3003
f 1415/3069 1426/2996 1427/1471 1416/3068
f 1416/3068 1427/1471 1428/1473 1417/3067
f 1417/3067 1428/1473 1429/1475 1418/3066
f 1418/3066 1429/1475 1430/1477 1419/3065
f 1419/3065 1430/1477 1431/1479 1420/3064
f 1420/3064 1431/1479 1432/1481 1421/3063
f 1421/3063 1432/1481 1433/1483 1422/3061
f 1422/3061 1433/1483 1423/1464 1412/3062
f 1413/3060 1424/1465 127/1485 125/1486
f 126/3047 128/1488 1425/1468 1414/3059
f 1434/1451 1413/1466 125/3049 129/1461
f 1435/1450 1412/1463 1413/1466 1434/1451
f 1436/1460 1422/1484 1412/1463 1435/1450
f 1437/1459 1421/1482 1422/1484 1436/1460
f 1438/1458 1420/1480 1421/1482 1437/1459
f 1439/1457 1419/1478 1420/1480 1438/1458
f 1440/1456 1418/1476 1419/1478 1439/1457
f 1441/1455 1417/1474 1418/1476 1440/1456
f 1442/1454 1416/1472 1417/1474 1441/1455
f 1443/3002 1415/1470 1416/1472 1442/1454
f 1444/1452 1414/1467 1415/3070 1443/1453
f 130/1462 126/1487 1414/1467 1444/1452
f 1446/3424 1116/1245 1117/1176 1445/1071
f 1447/3423 1115/1239 1116/1245 1446/3424
f 1448/3422 1114/1159 1115/1239 1447/3423
f 1449/3421 1113/1160 1114/1159 1448/3422
f 1450/3420 1112/1207 1113/1160 1449/3421
f 1451/3419 1111/1163 1112/1207 1450/3420
f 1452/3418 1110/1142 1111/1163 1451/3419
f 1453/3417 1109/1250 1110/1142 1452/3418
f 1454/3416 1108/1240 1109/1250 1453/3417
f 1455/3415 1107/1194 1108/1240 1454/3416
f 1456/3414 1106/1198 1107/1194 1455/3415
f 1118/1179 1106/1198 1456/3414 1457/3412
f 1445/1071 1117/1176 1118/1179 1457/3412
f 1210/1214 108/1233 131/1436 1458/1287
f 1211/1215 1210/1214 1458/1287 1459/3000
f 1212/1217 1211/3001 1459/1286 1460/1290
f 1461/1293 1213/1218 1212/1217 1460/1290
f 1246/1223 1213/1218 1461/1293 1462/1294
f 1463/1297 1214/1220 1246/1223 1462/1294
f 1464/1299 1215/1224 1214/1220 1463/1297
f 1465/1301 1216/1226 1215/1224 1464/1299
f 1466/1303 1217/1228 1216/1226 1465/1301
f 1467/1283 1208/1209 1217/1228 1466/1303
f 1209/1210 1208/1209 1467/1283 1468/1282
f 132/1435 107/1230 1209/1210 1468/1282
f 1470/1316 1381/1423 1380/1421 1469/1315
f 1471/1305 1382/1424 1381/1423 1470/1316
f 1472/1304 1383/1425 1382/1424 1471/1305
f 1473/3442 1384/1426 1383/1425 1472/1304
f 1474/1307 1385/1427 1384/3443 1473/1306
f 1475/1308 1386/1428 1385/1427 1474/1307
f 1476/1309 1387/1429 1386/1428 1475/1308
f 1477/1310 1388/1430 1387/1429 1476/1309
f 1478/1311 1389/1431 1388/1430 1477/1310
f 1479/1312 1390/1432 1389/1431 1478/1311
f 1480/1313 1391/1433 1390/1432 1479/1312
f 1481/1314 1379/1422 1391/1433 1480/1313
f 1469/1315 1380/1421 1379/1422 1481/1314
f 1169/1109 102/1108 133/1125 1482/1124
f 1483/1129 1168/1110 1169/1109 1482/1124
f 1484/1131 1183/1111 1168/1110 1483/1129
f 1167/1112 1183/1111 1484/1131 1485/1130
f 1486/1136 1190/1113 1167/1112 1485/1130
f 1487/1135 1166/1114 1190/1113 1486/1136
f 1250/1201 1166/1114 1487/1135 1488/1203
f 1197/1115 1250/1201 1488/1203 1489/1138
f 1171/1104 1197/1115 1489/1138 1490/1117
f 1170/3017 1171/1104 1490/1117 1491/2998
f 1170/1105 1491/1116 1492/1121 1205/1106
f 97/1107 1205/1106 1492/1121 134/1120
f 1302/1489 418/665 417/666 1301/1490
f 1303/1491 419/664 418/665 1302/1489
f 1304/1492 420/663 419/3441 1303/3440
f 1305/1493 421/662 420/663 1304/1492
f 1306/1494 422/661 421/662 1305/1493
f 1307/1495 423/660 422/661 1306/1494
f 1308/1496 424/659 423/660 1307/1495
f 1309/1497 425/658 424/659 1308/1496
f 1310/1498 426/656 425/658 1309/1497
f 1311/1499 427/657 426/656 1310/1498
f 1312/1500 428/668 427/657 1311/1499
f 1313/1501 429/667 428/668 1312/1500
f 1301/1490 417/666 429/667 1313/1501
f 1257/1261 1493/3192 1494/3189 1258/1264
f 1259/1267 1495/3190 1496/3188 1260/1268
f 117/1275 1/468 443/3191 1256/1260
f 1256/1260 443/3191 1493/3192 1257/1261
f 1258/1264 1494/3189 1495/3190 1259/1267
f 1260/1268 1496/3188 1497/3182 1261/1270
f 1262/1271 1498/3183 1499/3187 1254/1254
f 1254/1254 1499/3187 1500/3184 1255/1255
f 1263/1258 1501/3186 135/3174 118/1276
f 1255/2997 1500/2994 1501/3186 1263/1258
f 1261/1270 1497/3182 1498/3183 1262/1271
f 549/439 561/1511 1502/463 548/462
f 1425/1468 564/3036 565/3044 1426/1469
f 1426/2996 565/3045 1503/3043 1427/1471
f 1427/1471 1503/3043 1504/3042 1428/1473
f 1428/1473 1504/3042 1505/3041 1429/1475
f 1429/1475 1505/3041 1506/3040 1430/1477
f 1430/1477 1506/3040 1507/3039 1431/1479
f 1431/1479 1507/3039 1508/3038 1432/1481
f 1432/1481 1508/3038 1509/3037 1433/1483
f 1433/1483 1509/3037 1502/3024 1423/1464
f 1424/1465 561/3023 136/3027 127/1485
f 128/1488 137/1514 564/3036 1425/1468
f 575/516 576/517 1501/1509 1500/3185
f 1499/1507 583/515 575/2995 1500/1508
f 582/514 583/515 1499/1507 1498/1506
f 1497/1505 581/513 582/514 1498/1506
f 1496/1504 580/512 581/513 1497/1505
f 1495/1503 579/511 580/512 1496/1504
f 1494/1502 578/510 579/511 1495/1503
f 577/509 578/510 1494/1502 1493/470
f 138/469 2/508 577/509 1493/470
f 576/517 584/518 135/1510 1501/1509
f 590/485 598/484 597/483 589/482
f 1511/1368 1313/1501 1312/1500 1510/1366
f 1512/1345 1301/1490 1313/1501 1511/1368
f 1513/1344 1302/1489 1301/1490 1512/1345
f 1514/3439 1303/1491 1302/1489 1513/1344
f 1515/1350 1304/1492 1303/3440 1514/1348
f 1516/1352 1305/1493 1304/1492 1515/1350
f 1517/1354 1306/1494 1305/1493 1516/1352
f 1518/1356 1307/1495 1306/1494 1517/1354
f 1519/1358 1308/1496 1307/1495 1518/1356
f 1520/1360 1309/1497 1308/1496 1519/1358
f 1521/1362 1310/1498 1309/1497 1520/1360
f 1522/1364 1311/1499 1310/1498 1521/1362
f 1510/1366 1312/1500 1311/1499 1522/1364
f 562/1515 139/1516 136/1513 561/1511
f 90/1517 139/1516 562/1515
f 563/1518 140/1519 90/1517
f 564/1512 137/3026 140/1519 563/1518
f 3024/3579 3076/3630 3109/3664 3057/3610
f 3025/3580 3077/3631 3110/3665 3058/3611
f 3026/3581 3078/3632 3111/3666 3059/3612
f 3027/3582 3079/3633 3112/3667 3060/3613
f 1037/1028 1523/1520 1524/1521 1038/1040
f 1038/1040 1524/1521 1525/1522 1039/1039
f 1039/1039 1525/1522 1554/1523 1040/1038
f 1040/1038 1554/1523 1526/1524 1041/1037
f 1041/1037 1526/1524 1527/1525 1042/1036
f 1042/3080 1527/3081 1528/1526 1043/1035
f 1043/1035 1528/1526 1529/1527 1044/1034
f 1044/1034 1529/1527 1530/1528 1045/1033
f 1045/1033 1530/1528 1531/1529 1046/1032
f 1047/1031 1532/1530 1533/1531 1048/1030
f 1048/1030 1533/1531 1534/1532 1049/1029
f 1049/1029 1534/1532 1535/1533 1050/1027
f 1050/1027 1535/1533 1523/1520 1037/1028
f 1046/1032 1531/1529 1532/1530 1047/1031
f 141/609 35/655 711/654 1536/610
f 1537/605 710/652 34/3200 142/3199
f 1536/610 711/654 710/652 1537/605
f 143/1278 11/608 687/611 1538/1279
f 1539/1280 686/604 10/3196 144/1281
f 1538/1279 687/611 686/604 1539/1280
f 145/830 57/808 836/807 1540/831
f 1541/824 832/738 54/737 146/825
f 1542/823 831/739 832/738 1541/824
f 1543/827 833/792 831/739 1542/823
f 1544/826 834/832 833/792 1543/827
f 1545/828 835/806 834/832 1544/826
f 1540/831 836/807 835/806 1545/828
f 1547/441 90/1517 562/1515 1546/438
f 1548/443 563/1518 90/1517 1547/441
f 1549/3078 564/1512 563/1518 1548/443
f 565/446 564/3079 1549/445
f 852/3459 1551/3457 69/862 854/858
f 997/834 840/841 1553/1534 1552/837
f 1553/1534 840/841 843/840 61/848
f 3/519 135/1510 584/518
f 65/855 1550/859 850/856 847/852
f 594/476 84/980 1555/1535 5/494
f 3166/3719 77/3506 3080/3636 3183/3738
f 3167/3720 3028/3583 3081/3637 3184/3739
f 3168/3721 3029/3584 3082/3638 3185/3740
f 3169/3722 3030/3585 3083/3639 3186/3741
f 3170/3723 3031/3586 3084/3640 3187/3742
f 3171/3724 3032/3587 3085/3641 3188/3743
f 3172/3725 3033/3588 3086/3642 3189/3744
f 3173/3726 3034/3589 3087/3643 3190/3745
f 1563/3476 1562/1537 1558/1538 1559/1539
f 1564/3477 1563/3476 1559/1539 1560/1541
f 1609/3472 1564/3477 1560/1541 1608/1543
f 1562/1537 1563/3476 1567/3475 1566/1545
f 1755/1546 1756/1547 1757/1548 1758/1549
f 1756/1547 1759/1550 1760/1551 1757/1548
f 1569/3474 1568/1553 1566/1545 1567/3475
f 1761/1554 1762/1555 1758/1549 1757/1548
f 1763/1556 1761/1554 1757/1548 1760/1551
f 1568/1553 1569/3474 1572/3473 1571/1558
f 1762/1555 1761/1554 1764/1559 1765/1560
f 1761/1554 1763/1556 1766/1561 1764/1559
f 1691/1562 1692/3470 1574/1564 1573/1565
f 1692/3470 1693/3468 1575/1567 1574/1564
f 1693/3468 1694/3469 1576/1569 1575/1567
f 1754/1570 1709/1571 1573/1565 1574/1564
f 1749/1572 1750/1573 1674/1574 1675/1575
f 1748/1576 1749/1572 1675/1575 1678/1577
f 1577/3305 1578/3315 1707/1580 1708/1581
f 1578/3315 1579/1582 1706/1583 1707/1580
f 1579/1582 1602/3314 1705/1585 1706/1583
f 1581/1586 1582/1587 1586/1588 1585/1589
f 1582/1587 1583/1590 1587/1591 1586/1588
f 1583/1590 1603/1592 1604/1593 1587/1591
f 1585/1589 1586/1588 1590/1594 1589/1595
f 1586/1588 1587/1591 1591/1596 1590/1594
f 1587/1591 1604/1593 1605/1597 1591/1596
f 1589/1595 1590/1594 1594/1598 1593/1599
f 1590/1594 1591/1596 1595/1600 1594/1598
f 1591/1596 1605/1597 1606/1601 1595/1600
f 1593/1599 1594/1598 1598/1602 1597/1603
f 1594/1598 1595/1600 1599/1604 1598/1602
f 1595/1600 1606/1601 1607/3335 1599/1604
f 1712/1606 1713/1607 1559/1539 1558/1538
f 1713/1607 1714/1608 1560/1541 1559/1539
f 1714/1608 1715/1609 1608/1543 1560/1541
f 1719/1610 1720/1611 1631/1612 1629/1613
f 1723/1614 1724/1615 1565/1616
f 1728/1617 1729/1618 1643/1619 1641/1620
f 1733/1621 1734/1622 1570/1623
f 1739/1624 1740/1625 1655/1626 1699/1627
f 1694/3469 1778/1628 1576/1569
f 1705/1585 1602/3314 1779/1629 1780/1630
f 1604/1593 1603/1592 1781/1631 1782/1632
f 1605/1597 1604/1593 1782/1632 1783/1633
f 1606/1601 1605/1597 1783/1633 1770/1634
f 1607/3335 1606/1601 1770/1634 1771/3301
f 1715/1609 1772/1636 1773/1637 1608/1543
f 1773/1637 1774/1638 1609/3472 1608/1543
f 1610/3466 1609/3472 1774/1638 1775/1640
f 1775/1640 1776/1641 1611/3467 1610/3466
f 1601/3471 1611/3467 1776/1641 1777/1644
f 1801/1645 1802/1646 1717/1647 1613/1648
f 1798/1649 1614/1650 1612/3288 1803/1652
f 1615/1653 1722/1654 1799/1655 1800/1656
f 1613/1648 1615/1653 1800/1656 1801/1645
f 1724/1615 1725/1657 1617/1658 1565/1616
f 1588/1659 1618/3325 1616/1661 1592/1662
f 1732/1663 1733/1621 1570/1623 1619/1664
f 1619/1664 1570/1623 1565/1616 1617/1658
f 1734/1622 1735/1665 1621/1666 1570/1623
f 1704/1667 1580/1668 1622/3319 1703/1670
f 1743/1671 1744/1672 1576/1569 1623/1673
f 1576/1569 1695/1674 1696/1675 1623/1673
f 1717/1647 1718/1676 1625/1677 1613/1648
f 1614/1650 1626/1678 1624/1679 1612/3288
f 1721/1680 1722/1654 1615/1653 1627/1681
f 1627/1681 1615/1653 1613/1648 1625/1677
f 1718/1676 1719/1610 1629/1613 1625/1677
f 1626/1678 1630/3327 1628/1683 1624/1679
f 1720/1611 1721/1680 1627/1681 1631/1612
f 1631/1612 1627/1681 1625/1677 1629/1613
f 1795/1684 1796/1685 1726/1686 1633/1687
f 1792/1688 1634/1689 1632/3292 1797/1691
f 1635/1692 1731/1693 1793/1694 1794/1695
f 1633/1687 1635/1692 1794/1695 1795/1684
f 1726/1686 1727/1696 1637/1697 1633/1687
f 1634/1689 1638/1698 1636/1699 1632/3292
f 1730/1700 1731/1693 1635/1692 1639/1701
f 1639/1701 1635/1692 1633/1687 1637/1697
f 1641/1620 1637/1697 1727/1696 1728/1617
f 1638/1698 1642/3321 1640/1703 1636/1699
f 1643/1619 1639/1701 1637/1697 1641/1620
f 1639/1701 1643/1619 1729/1618 1730/1700
f 1789/1704 1790/1705 1736/1706 1645/1707
f 1784/1708 1785/3297 1646/1710 1702/1711
f 1647/1712 1742/1713 1786/1714 1787/1715
f 1787/1715 1788/1716 1697/1717 1647/1712
f 1736/1706 1737/1718 1649/1719 1645/1707
f 1702/1711 1646/1710 1650/3317 1701/1721
f 1741/1722 1742/1713 1647/1712 1651/1723
f 1647/1712 1697/1717 1698/1724 1651/1723
f 1653/1725 1649/1719 1737/1718 1738/1726
f 1700/3303 1701/1721 1650/3317 1654/3316
f 1740/1625 1741/1722 1651/1723 1655/1626
f 1655/1626 1651/1723 1698/1724 1699/1627
f 1574/1564 1575/1567 1657/1729 1656/1730
f 1579/1582 1578/3315 1659/3313 1658/1732
f 1753/1733 1754/1570 1574/1564 1656/1730
f 1575/1567 1576/1569 1660/1734 1657/1729
f 1744/1672 1745/1735 1660/1734 1576/1569
f 1602/3314 1579/1582 1658/1732 1661/3312
f 1656/1730 1657/1729 1804/1737 1805/1738
f 1658/1732 1659/3313 1807/1739 1808/1740
f 1805/1738 1806/1741 1753/1733 1656/1730
f 1657/1729 1660/1734 1811/1742 1804/1737
f 1660/1734 1745/1735 1810/1743 1811/1742
f 1661/3312 1658/1732 1808/1740 1809/3283
f 1662/1745 1663/1746 1669/1747 1668/1748
f 1664/1749 1665/1750 1671/3311 1670/1752
f 1751/1753 1752/1754 1662/1745 1668/1748
f 1663/1746 1666/1755 1672/1756 1669/1747
f 1746/1757 1747/1758 1672/1756 1666/1755
f 1667/3284 1664/1749 1670/1752 1673/3309
f 1668/1748 1669/1747 1675/1575 1674/1574
f 1670/1752 1671/3311 1677/3310 1676/3307
f 1750/1573 1751/1753 1668/1748 1674/1574
f 1669/1747 1672/1756 1678/1577 1675/1575
f 1747/1758 1748/1576 1678/1577 1672/1756
f 1673/3309 1670/1752 1676/3307 1679/3308
f 1818/1764 1819/1765 1712/1606 1558/1538
f 1562/1537 1817/1766 1818/1764 1558/1538
f 1820/1767 1821/1768 1593/1599 1597/1603
f 1562/1537 1566/1545 1816/1769 1817/1766
f 1589/1595 1593/1599 1821/1768 1822/1770
f 1816/1769 1566/1545 1568/1553 1815/1771
f 1822/1770 1823/1772 1585/1589 1589/1595
f 1568/1553 1571/1558 1814/1773 1815/1771
f 1581/1586 1585/1589 1823/1772 1824/1774
f 1691/1562 1573/1565 1812/1775 1813/1776
f 1709/1571 1827/1777 1812/1775 1573/1565
f 1577/3305 1708/1581 1825/1778 1826/3281
f 1571/1558 1691/1562 1813/1776 1814/1773
f 1571/1558 1572/3473 1692/3470 1691/1562
f 1765/1560 1764/1559 1767/1780 1768/1781
f 1764/1559 1766/1561 1769/1782 1767/1780
f 1601/3471 1777/1644 1778/1628 1694/3469
f 1696/1675 1695/1674 1570/1623 1621/1666
f 1697/1717 1788/1716 1789/1704 1645/1707
f 1698/1724 1697/1717 1645/1707 1649/1719
f 1698/1724 1649/1719 1653/1725 1699/1627
f 1738/1726 1739/1624 1699/1627 1653/1725
f 1652/1783 1648/1784 1701/1721 1700/3303
f 1644/3296 1702/1711 1701/1721 1648/1784
f 1791/1786 1784/1708 1702/1711 1644/3296
f 1584/1787 1704/1667 1703/1670 1620/1788
f 1603/1592 1705/1585 1780/1630 1781/1631
f 1706/1583 1705/1585 1603/1592 1583/1590
f 1707/1580 1706/1583 1583/1590 1582/1587
f 1708/1581 1707/1580 1582/1587 1581/1586
f 1825/1778 1708/1581 1581/1586 1824/1774
f 1709/1571 1577/1578 1826/1779 1827/1777
f 1597/3306 1712/1606 1819/1765 1820/3282
f 1597/3306 1598/3337 1713/1607 1712/1606
f 1598/3337 1599/3336 1714/1608 1713/1607
f 1599/3336 1607/1605 1715/1609 1714/1608
f 1772/1636 1715/1609 1607/1605 1771/1635
f 1717/1647 1802/1646 1803/3287 1612/1651
f 1718/1676 1717/1647 1612/1651 1624/3330
f 1719/1610 1718/1676 1624/3330 1628/3328
f 1628/3328 1630/1682 1720/1611 1719/1610
f 1626/3329 1721/1680 1720/1611 1630/1682
f 1614/3290 1722/1654 1721/1680 1626/3329
f 1798/3289 1799/1655 1722/1654 1614/3290
f 1724/1615 1723/1614 1596/3334 1592/3333
f 1725/1657 1724/1615 1592/3333 1616/3326
f 1726/1686 1796/1685 1797/3291 1632/1690
f 1727/1696 1726/1686 1632/1690 1636/3324
f 1727/1696 1636/3324 1640/3322 1728/1617
f 1640/3322 1642/1702 1729/1618 1728/1617
f 1729/1618 1642/1702 1638/3323 1730/1700
f 1634/3294 1731/1693 1730/1700 1638/3323
f 1792/3293 1793/1694 1731/1693 1634/3294
f 1588/3332 1733/1621 1732/1663 1618/1660
f 1734/1622 1733/1621 1588/3332 1584/3331
f 1735/1665 1734/1622 1584/3331 1620/3320
f 1736/1706 1790/1705 1791/3295 1644/1785
f 1737/1718 1736/1706 1644/1785 1648/3318
f 1737/1718 1648/3318 1652/3304 1738/1726
f 1739/1624 1738/1726 1652/3304 1700/1727
f 1740/1625 1739/1624 1700/1727 1654/1728
f 1654/1728 1650/1720 1741/1722 1740/1625
f 1646/3298 1742/1713 1741/1722 1650/1720
f 1785/1709 1786/1714 1742/1713 1646/3298
f 1580/3300 1744/1672 1743/1671 1622/1669
f 1602/1584 1744/1672 1779/3299
f 1745/1735 1744/1672 1602/1584 1661/1736
f 1810/1743 1745/1735 1661/1736 1809/1744
f 1747/1758 1746/1757 1667/1759 1673/1760
f 1748/1576 1747/1758 1673/1760 1679/1763
f 1749/1572 1748/1576 1679/1763 1676/1762
f 1750/1573 1749/1572 1676/1762 1677/1761
f 1671/1751 1751/1753 1750/1573 1677/1761
f 1665/3286 1752/1754 1751/1753 1671/1751
f 1659/1731 1753/1733 1806/1741 1807/3285
f 1578/1579 1754/1570 1753/1733 1659/1731
f 1709/1571 1754/1570 1578/1579 1577/1578
f 1563/1536 1564/1540 1756/1547 1755/1546
f 1567/1544 1563/1536 1755/1546 1758/1549
f 1564/1540 1609/1542 1759/1550 1756/1547
f 1609/1542 1610/1639 1760/1551 1759/1550
f 1762/1555 1569/1552 1567/1544 1758/1549
f 1572/1557 1569/1552 1762/1555 1765/1560
f 1611/1642 1601/1643 1766/1561 1763/1556
f 1693/1566 1692/1563 1768/1781 1767/1780
f 1692/1563 1572/1557 1765/1560 1768/1781
f 1601/1643 1694/1568 1769/1782 1766/1561
f 1694/1568 1693/1566 1767/1780 1769/1782
f 1763/1556 1760/1551 1610/1639 1611/1642
f 1770/1634 1596/1789 1600/3302 1771/3301
f 1716/1791 1772/1636 1771/1635 1600/1790
f 1772/1636 1716/1791 1561/1792 1773/1637
f 1561/1792 1565/1616 1774/1638 1773/1637
f 1775/1640 1774/1638 1565/1616
f 1565/1616 1570/1623 1776/1641 1775/1640
f 1777/1644 1776/1641 1570/1623
f 1778/1628 1777/1644 1570/1623 1695/1674
f 1576/1569 1778/1628 1695/1674
f 1779/3299 1744/1672 1580/3300
f 1780/1630 1779/1629 1580/1668 1704/1667
f 1781/1631 1780/1630 1704/1667 1584/1787
f 1782/1632 1781/1631 1584/1787 1588/1659
f 1782/1632 1588/1659 1592/1662 1783/1633
f 1770/1634 1783/1633 1592/1662 1596/1789
f 1703/1670 1622/3319 1785/3297 1784/1708
f 1622/1669 1743/1671 1786/1714 1785/1709
f 1786/1714 1743/1671 1623/1673 1787/1715
f 1623/1673 1696/1675 1788/1716 1787/1715
f 1789/1704 1788/1716 1696/1675 1621/1666
f 1621/1666 1735/1665 1790/1705 1789/1704
f 1791/3295 1790/1705 1735/1665 1620/3320
f 1620/1788 1703/1670 1784/1708 1791/1786
f 1616/1661 1618/3325 1792/1688 1797/1691
f 1618/1660 1732/1663 1793/1694 1792/3293
f 1793/1694 1732/1663 1619/1664 1794/1695
f 1794/1695 1619/1664 1617/1658 1795/1684
f 1617/1658 1725/1657 1796/1685 1795/1684
f 1797/3291 1796/1685 1725/1657 1616/3326
f 1600/3302 1596/1789 1798/1649 1803/1652
f 1596/3334 1723/1614 1799/1655 1798/3289
f 1799/1655 1723/1614 1565/1616 1800/1656
f 1800/1656 1565/1616 1561/1792 1801/1645
f 1561/1792 1716/1791 1802/1646 1801/1645
f 1803/3287 1802/1646 1716/1791 1600/1790
f 1805/1738 1804/1737 1663/1746 1662/1745
f 1662/1745 1752/1754 1806/1741 1805/1738
f 1807/3285 1806/1741 1752/1754 1665/3286
f 1808/1740 1807/1739 1665/1750 1664/1749
f 1809/3283 1808/1740 1664/1749 1667/3284
f 1746/1757 1810/1743 1809/1744 1667/1759
f 1810/1743 1746/1757 1666/1755 1811/1742
f 1804/1737 1811/1742 1666/1755 1663/1746
f 1813/1776 1812/1775 1688/1793 1814/1773
f 1818/1764 1817/1766 1682/1794 1681/1795
f 1681/1795 1711/1796 1819/1765 1818/1764
f 1820/3282 1819/1765 1711/1796 1680/1797
f 1680/3280 1683/1798 1821/1768 1820/1767
f 1822/1770 1821/1768 1683/1798 1684/1799
f 1686/1800 1823/1772 1822/1770 1684/1799
f 1824/1774 1823/1772 1686/1800 1687/1801
f 1690/1802 1825/1778 1824/1774 1687/1801
f 1826/3281 1825/1778 1690/1802 1689/1803
f 1827/1777 1826/1779 1689/3279 1710/1804
f 1812/1775 1827/1777 1710/1804 1688/1793
f 1684/1799 1683/1798 1850/1805 1851/1806
f 1683/1798 1680/3280 1849/1807 1850/1805
f 1680/1797 1711/1796 1848/1808 1849/3277
f 1711/1796 1681/1795 1847/1809 1848/1808
f 1681/1795 1682/1794 1846/1810 1847/1809
f 1682/1794 1685/1811 1845/1812 1846/1810
f 1685/1811 1688/1793 1844/1813 1845/1812
f 1688/1793 1710/1804 1843/1814 1844/1813
f 1710/1804 1689/3279 1842/1815 1843/1814
f 1689/1803 1690/1802 1841/1816 1842/3278
f 1690/1802 1687/1801 1853/1817 1841/1816
f 1687/1801 1686/1800 1852/1818 1853/1817
f 1851/1806 1852/1818 1686/1800 1684/1799
f 1842/3278 1841/1816 2124/1819 2125/3275
f 1843/1814 1842/1815 2125/1820 2126/1821
f 1844/1813 1843/1814 2126/1821 2127/1822
f 1845/1812 1844/1813 2127/1822 2128/1823
f 1846/1810 1845/1812 2128/1823 2129/1824
f 1847/1809 1846/1810 2129/1824 2130/1825
f 1848/1808 1847/1809 2130/1825 2131/1826
f 1849/3277 1848/1808 2131/1826 2132/3273
f 1850/1805 1849/1807 2132/1827 2133/1828
f 1851/1806 1850/1805 2133/1828 2134/1829
f 2134/1829 2135/1830 1852/1818 1851/1806
f 1853/1817 1852/1818 2135/1830 2136/1831
f 1841/1816 1853/1817 2136/1831 2124/1819
f 1855/1832 1856/1833 1931/1834 1932/1835
f 1930/1836 1931/1834 1856/1833 1857/1837
f 1929/1838 1930/1836 1857/1837 1858/1839
f 1858/3091 1859/1840 1928/1841 1929/3095
f 1859/1840 1860/1842 1927/1843 1928/1841
f 1860/1842 1861/1844 1926/1845 1927/1843
f 1861/1844 1862/1846 1925/1847 1926/1845
f 1924/1848 1925/1847 1862/1846 1863/1849
f 1863/1849 1864/1850 1923/1851 1924/1848
f 1864/1850 1865/1852 1922/1853 1923/1851
f 1865/1852 1866/1854 1921/1855 1922/1853
f 1866/1854 1867/1856 1920/1857 1921/1855
f 1867/1856 1977/1858 1978/1859 1920/1857
f 2469/1860 2470/1861 1889/1862 1888/1863
f 2468/1864 2469/1860 1888/1863 1887/1865
f 2467/3098 2468/1864 1887/1865 1886/1867
f 2466/1868 2467/1866 1886/3088 1885/1869
f 2465/1870 2466/1868 1885/1869 1884/1871
f 2464/1872 2465/1870 1884/1871 1883/1873
f 2463/1874 2464/1872 1883/1873 1882/1875
f 2462/1876 2463/1874 1882/1875 1881/1877
f 2475/1878 2462/1876 1881/1877 1893/1879
f 2474/1880 2475/1878 1893/1879 1892/1881
f 2473/1882 2474/1880 1892/1881 1891/1883
f 2472/1884 2473/1882 1891/1883 1890/1885
f 1984/1886 2471/1887 2472/1884 1890/1885
f 2141/1888 2142/1889 1869/1890 1868/1891
f 1870/1892 1869/1890 2142/1889 2143/1893
f 1871/1894 1870/1892 2143/1893 2144/1895
f 1872/1896 1871/1894 2144/1895 2145/1897
f 1873/3097 1872/1896 2145/1897 2146/3087
f 2146/1899 2147/1900 1874/1901 1873/1898
f 2147/1900 2148/1902 1875/1903 1874/1901
f 1876/1904 1875/1903 2148/1902 2149/1905
f 1877/1906 1983/1907 2150/1908 2137/1909
f 1878/1910 1877/1906 2137/1909 2138/1911
f 1879/1912 1878/1910 2138/1911 2139/1913
f 1880/1914 1879/1912 2139/1913 2140/1915
f 1868/1891 1880/1914 2140/1915 2141/1888
f 1911/1916 1912/1917 1895/1918 1894/1919
f 1896/1920 1895/1918 1912/1917 1913/1921
f 1897/1922 1896/1920 1913/1921 1914/1923
f 1898/1924 1897/1922 1914/1923 1915/1925
f 1899/3093 1898/1924 1915/1925 1916/3096
f 1916/1927 1917/1928 1900/1929 1899/1926
f 1917/1928 1918/1930 1901/1931 1900/1929
f 1902/1932 1901/1931 1918/1930 1919/1933
f 1903/1934 1981/1935 1982/1936 1907/1937
f 1904/1938 1903/1934 1907/1937 1908/1939
f 1905/1940 1904/1938 1908/1939 1909/1941
f 1906/1942 1905/1940 1909/1941 1910/1943
f 1894/1919 1906/1942 1910/1943 1911/1916
f 1908/1939 1907/1937 1877/1906 1878/1910
f 1909/1941 1908/1939 1878/1910 1879/1912
f 1910/1943 1909/1941 1879/1912 1880/1914
f 1911/1916 1910/1943 1880/1914 1868/1891
f 1868/1891 1869/1890 1912/1917 1911/1916
f 1913/1921 1912/1917 1869/1890 1870/1892
f 1914/1923 1913/1921 1870/1892 1871/1894
f 1915/1925 1914/1923 1871/1894 1872/1896
f 1916/3096 1915/1925 1872/1896 1873/3097
f 1873/1898 1874/1901 1917/1928 1916/1927
f 1874/1901 1875/1903 1918/1930 1917/1928
f 1919/1933 1918/1930 1875/1903 1876/1904
f 1907/1937 1982/1936 1983/1907 1877/1906
f 1921/1855 1920/1857 1933/1944 1934/1945
f 1922/1853 1921/1855 1934/1945 1935/1946
f 1923/1851 1922/1853 1935/1946 1936/1947
f 1924/1848 1923/1851 1936/1947 1937/1948
f 1937/1948 1938/1949 1925/1847 1924/1848
f 1926/1845 1925/1847 1938/1949 1939/1950
f 1927/1843 1926/1845 1939/1950 1940/1951
f 1928/1841 1927/1843 1940/1951 1941/1952
f 1929/3095 1928/1841 1941/1952 1942/3094
f 1942/1953 1943/1954 1930/1836 1929/1838
f 1943/1954 1944/1955 1931/1834 1930/1836
f 1932/1835 1931/1834 1944/1955 1945/1956
f 1920/1857 1978/1859 1979/1957 1933/1944
f 1947/1958 1934/1945 1933/1944 1946/1959
f 1948/1960 1935/1946 1934/1945 1947/1958
f 1949/1961 1936/1947 1935/1946 1948/1960
f 1950/1962 1937/1948 1936/1947 1949/1961
f 1950/1962 1951/1963 1938/1949 1937/1948
f 1952/1964 1939/1950 1938/1949 1951/1963
f 1953/1965 1940/1951 1939/1950 1952/1964
f 1954/1966 1941/1952 1940/1951 1953/1965
f 1955/3092 1942/3094 1941/1952 1954/1966
f 1955/1967 1956/1968 1943/1954 1942/1953
f 1956/1968 1957/1969 1944/1955 1943/1954
f 1958/1970 1945/1956 1944/1955 1957/1969
f 1946/1959 1933/1944 1979/1957 1980/1971
f 1947/1958 1946/1959 1903/1934 1904/1938
f 1948/1960 1947/1958 1904/1938 1905/1940
f 1949/1961 1948/1960 1905/1940 1906/1942
f 1950/1962 1949/1961 1906/1942 1894/1919
f 1894/1919 1895/1918 1951/1963 1950/1962
f 1952/1964 1951/1963 1895/1918 1896/1920
f 1953/1965 1952/1964 1896/1920 1897/1922
f 1954/1966 1953/1965 1897/1922 1898/1924
f 1955/3092 1954/1966 1898/1924 1899/3093
f 1899/1926 1900/1929 1956/1968 1955/1967
f 1900/1929 1901/1931 1957/1969 1956/1968
f 1958/1970 1957/1969 1901/1931 1902/1932
f 1946/1959 1980/1971 1981/1935 1903/1934
f 1961/1972 1960/1973 2957/1974
f 1962/1975 1961/1972 2957/1974 2958/1976
f 1963/1977 1962/1975 2958/1976 2959/1978
f 1964/3077 1963/1977 2959/1978 2960/3071
f 1976/1981 1965/1982 1964/1979 2960/1980
f 2914/3034 1966/1984 1965/1982 1976/1981
f 1967/1985 1966/1984 2914/3034 2915/3033
f 1968/1987 1985/1988 2916/3032 2917/3031
f 1969/1991 1968/1987 2917/3031 2918/3030
f 1970/1993 1969/1991 2918/3030 2919/3029
f 1971/1995 1970/1993 2919/3029 2920/3028
f 1959/1997 1971/1995 2920/3028 2913/3022
f 2099/3213 12/467 13/3214 2100/3212
f 1977/1858 1855/1832 1932/1835 1978/1859
f 1979/1957 1978/1859 1932/1835 1945/1956
f 1979/1957 1945/1956 1958/1970 1980/1971
f 1981/1935 1980/1971 1958/1970 1902/1932
f 1982/1936 1981/1935 1902/1932 1919/1933
f 1983/1907 1982/1936 1919/1933 1876/1904
f 2150/1908 1983/1907 1876/1904 2149/1905
f 1889/1862 2470/1861 2471/1887 1984/1886
f 2916/3032 1985/1988 1967/1985 2915/3033
f 1/3181 1854/3179 2904/2002 138/469
f 1997/2003 1996/2004 2013/2005 2014/2006
f 2005/2007 1997/2003 2014/2006 2015/2008
f 1999/2009 1998/2010 2006/2011 2007/2012
f 2007/2012 2008/2013 2000/2014 1999/2009
f 2009/2015 2010/2016 2002/2017 2001/2018
f 2004/2019 2003/2020 2011/2021 2012/2022
f 6/492 2006/2011 1998/2010 4/493
f 2010/2016 2011/2021 2003/2020 2002/2017
f 2012/2022 2013/2005 1996/2004 2004/2019
f 2015/2008 7/495 5/494 2005/2007
f 8/496 2016/2023 2006/2011 6/492
f 2007/2012 2006/2011 2016/2023 2017/2024
f 2017/2024 2018/2025 2008/2013 2007/2012
f 2018/2025 2019/2026 2009/2015 2008/2013
f 2019/2026 2020/2027 2010/2016 2009/2015
f 2020/2027 2021/2028 2011/2021 2010/2016
f 2012/2022 2011/2021 2021/2028 2022/2029
f 2022/2029 2023/2030 2013/2005 2012/2022
f 2014/2006 2013/2005 2023/2030 2024/2031
f 2015/2008 2014/2006 2024/2031 2025/2032
f 2025/2032 9/507 7/495 2015/2008
f 2/508 1988/2033 2016/2023 8/496
f 2016/2023 1988/2033 1989/2034 2017/2024
f 1989/2034 1990/2035 2018/2025 2017/2024
f 1990/2035 1991/2036 2019/2026 2018/2025
f 1991/2036 1992/2037 2020/2027 2019/2026
f 1992/2037 1993/2038 2021/2028 2020/2027
f 2021/2028 1993/2038 1994/2039 2022/2029
f 1994/2039 1986/2040 2023/2030 2022/2029
f 2023/2030 1986/2040 1987/2041 2024/2031
f 2024/2031 1987/2041 1995/2042 2025/2032
f 1995/2042 3/519 9/507 2025/2032
f 1856/1833 1855/1832 2153/2043 2154/2044
f 2155/2045 1857/1837 1856/1833 2154/2044
f 2156/3085 1858/1839 1857/1837 2155/2045
f 1859/1840 1858/3091 2156/2046 2157/2047
f 1860/1842 1859/1840 2157/2047 2158/2048
f 1861/1844 1860/1842 2158/2048 2159/2049
f 1862/1846 1861/1844 2159/2049 2160/2050
f 2161/2051 1863/1849 1862/1846 2160/2050
f 1864/1850 1863/1849 2161/2051 2162/2052
f 1865/1852 1864/1850 2162/2052 2163/2053
f 1866/1854 1865/1852 2163/2053 2164/2054
f 1867/1856 1866/1854 2164/2054 2151/2055
f 1977/1858 1867/1856 2151/2055 2152/2056
f 1855/1832 1977/1858 2152/2056 2153/2043
f 2027/2057 2026/2058 2040/2059 2041/2060
f 2042/2061 2028/2062 2027/2057 2041/2060
f 2043/2063 2029/3086 2028/2062 2042/2061
f 2030/2065 2029/2064 2043/3090 2044/2066
f 2031/2067 2030/2065 2044/2066 3202/3757
f 2032/2068 2031/2067 3201/3756 3206/3761
f 2033/2070 2032/2068 3205/3760 2047/2071
f 2048/2072 2034/2073 2033/2070 2047/2071
f 2035/2074 2034/2073 2048/2072 2049/2075
f 2036/2076 2035/2074 2049/2075 2050/2077
f 2037/2078 2036/2076 2050/2077 2051/2079
f 2038/2080 2037/2078 2051/2079 2052/2081
f 2039/2082 2038/2080 2052/2081 2053/2083
f 2026/2058 2039/2082 2053/2083 2040/2059
f 2041/2060 2040/2059 2054/2084 2055/2085
f 2056/2086 2042/2061 2041/2060 2055/2085
f 2057/2087 2043/2063 2042/2061 2056/2086
f 2044/2066 2043/3090 2057/3089 2058/2088
f 3200/3755 2044/2066 2058/2088 3210/3765
f 3203/3758 2045/3504 3208/3763 3213/3768
f 2047/2071 2046/2069 3212/3767 2061/2090
f 2083/2091 2082/2092 2080/2093 2081/2094
f 2084/2095 2082/2092 2083/2091 2085/2096
f 2086/2097 2084/2095 2085/2096 2087/2098
f 2051/2079 2050/2077 2062/2099 2063/2100
f 2052/2081 2051/2079 2063/2100 2064/2101
f 2053/2083 2052/2081 2064/2101 2065/2102
f 2040/2059 2053/2083 2065/2102 2054/2084
f 2055/2085 2054/2084 2066/2103 2067/3129
f 2068/3128 2056/2086 2055/2085 2067/3129
f 2069/3126 2057/2087 2056/2086 2068/3128
f 2058/2088 2057/3089 2069/3127 2070/3125
f 3207/3762 2058/2088 2070/3125 2071/3805
f 3211/3766 2059/2089 2071/3124 2072/3804
f 2061/2090 2060/3503 2072/3123 2073/3118
f 2088/3117 2089/3116 2083/2091 2081/2094
f 2085/2096 2083/2091 2089/3116 2090/3113
f 2087/2098 2085/2096 2090/3113 2091/2114
f 2063/2100 2062/2099 2076/2115 2077/3122
f 2064/2101 2063/2100 2077/3122 2078/3121
f 2065/2102 2064/2101 2078/3121 2079/3119
f 2054/2084 2065/2102 2079/3119 2066/2103
f 2047/2071 2061/2090 2081/2094 2080/2093
f 2080/2093 2082/2092 2048/2072 2047/2071
f 2049/2075 2048/2072 2082/2092 2084/2095
f 2050/2077 2049/2075 2084/2095 2086/2097
f 2062/2099 2050/2077 2086/2097 2087/2098
f 2061/2090 2073/3118 2088/3117 2081/2094
f 2088/2111 2073/2110 2074/2119 2089/2112
f 2074/2119 2075/2120 2090/2113 2089/2112
f 2075/2120 2076/3115 2091/3114 2090/2113
f 2076/2115 2062/2099 2087/2098 2091/2114
f 2095/2121 2071/2108 2070/2107 2123/2122
f 2067/2104 2066/3120 2079/2118 2096/2123
f 2094/2124 2095/2121 2123/2122 2096/2123
f 2092/2125 2077/2116 2076/3115 2075/2120
f 2093/2126 2092/2125 2075/2120 2074/2119
f 2074/2119 2073/2110 2072/2109 2093/2126
f 2094/2124 2078/2117 2077/2116 2092/2125
f 2095/2121 2094/2124 2092/2125 2093/2126
f 2093/2126 2072/2109 2071/2108 2095/2121
f 2094/2124 2096/2123 2079/2118 2078/2117
f 2097/3194 10/607 142/606 2948/2128
f 11/3195 2098/3193 2947/2130 141/609
f 2098/3193 2097/3194 2948/2128 2947/2130
f 2101/2131 14/615 30/614 2117/2132
f 2102/2133 2101/2131 2117/2132 2118/2134
f 15/618 2102/2133 2118/2134 31/619
f 2103/2135 16/623 26/622 2113/2136
f 2104/2137 2103/2135 2113/2136 2114/2138
f 17/626 2104/2137 2114/2138 27/627
f 2105/2139 18/631 28/630 2115/2140
f 2106/2141 2105/2139 2115/2140 2116/2142
f 19/634 2106/2141 2116/2142 29/635
f 2107/2143 20/639 24/638 2111/2144
f 2108/2145 2107/2143 2111/2144 2112/2146
f 21/642 2108/2145 2112/2146 25/643
f 2109/2147 22/645 12/3216 2099/1999
f 2110/2148 2109/2147 2099/1999 2100/2000
f 23/647 2110/2148 2100/2000 13/466
f 2111/2144 24/638 22/645 2109/2147
f 2112/2146 2111/2144 2109/2147 2110/2148
f 25/643 2112/2146 2110/2148 23/647
f 2113/2136 26/622 18/631 2105/2139
f 2114/2138 2113/2136 2105/2139 2106/2141
f 27/627 2114/2138 2106/2141 19/634
f 2115/2140 28/630 20/639 2107/2143
f 2116/2142 2115/2140 2107/2143 2108/2145
f 29/635 2116/2142 2108/2145 21/642
f 2117/2132 30/614 16/623 2103/2135
f 2118/2134 2117/2132 2103/2135 2104/2137
f 31/619 2118/2134 2104/2137 17/626
f 2119/2149 32/649 14/615 2101/2131
f 2120/2150 2119/2149 2101/2131 2102/2133
f 33/651 2120/2150 2102/2133 15/618
f 2121/2151 34/653 32/649 2119/2149
f 2122/2152 2121/2151 2119/2149 2120/2150
f 35/655 2122/2152 2120/2150 33/651
f 2070/2107 2069/2106 2068/2105 2123/2122
f 2123/2122 2068/2105 2067/2104 2096/2123
f 1685/1811 1815/1771 1814/1773 1688/1793
f 1816/1769 1815/1771 1685/1811
f 1816/1769 1685/1811 1682/1794 1817/1766
f 2125/3275 2124/1819 1838/3224 1837/3225
f 2126/1821 2125/1820 1837/3276 1836/3226
f 2127/1822 2126/1821 1836/3226 1835/3227
f 2128/1823 2127/1822 1835/3227 1834/3228
f 2129/1824 2128/1823 1834/3228 1833/3229
f 2130/1825 2129/1824 1833/3229 1832/3230
f 2131/1826 2130/1825 1832/3230 1831/3231
f 2132/3273 2131/1826 1831/3231 1830/3232
f 2133/1828 2132/1827 1830/3274 1829/3233
f 2134/1829 2133/1828 1829/3233 1828/3222
f 1828/3222 1840/3221 2135/1830 2134/1829
f 2136/1831 2135/1830 1840/3221 1839/3223
f 2124/1819 2136/1831 1839/3223 1838/3224
f 2138/1911 2137/1909 1890/1885 1891/1883
f 2139/1913 2138/1911 1891/1883 1892/1881
f 2140/1915 2139/1913 1892/1881 1893/1879
f 2141/1888 2140/1915 1893/1879 1881/1877
f 1881/1877 1882/1875 2142/1889 2141/1888
f 2143/1893 2142/1889 1882/1875 1883/1873
f 2144/1895 2143/1893 1883/1873 1884/1871
f 2145/1897 2144/1895 1884/1871 1885/1869
f 2146/3087 2145/1897 1885/1869 1886/3088
f 1886/1867 1887/1865 2147/1900 2146/1899
f 1887/1865 1888/1863 2148/1902 2147/1900
f 2149/1905 2148/1902 1888/1863 1889/1862
f 1984/1886 2150/1908 2149/1905 1889/1862
f 2137/1909 2150/1908 1984/1886 1890/1885
f 2152/2056 2151/2055 2038/2080 2039/2082
f 2153/2043 2152/2056 2039/2082 2026/2058
f 2154/2044 2153/2043 2026/2058 2027/2057
f 2028/2062 2155/2045 2154/2044 2027/2057
f 2029/3086 2156/3085 2155/2045 2028/2062
f 2157/2047 2156/2046 2029/2064 2030/2065
f 2158/2048 2157/2047 2030/2065 2031/2067
f 2159/2049 2158/2048 2031/2067 2032/2068
f 2160/2050 2159/2049 2032/2068 2033/2070
f 2034/2073 2161/2051 2160/2050 2033/2070
f 2162/2052 2161/2051 2034/2073 2035/2074
f 2163/2053 2162/2052 2035/2074 2036/2076
f 2164/2054 2163/2053 2036/2076 2037/2078
f 2151/2055 2164/2054 2037/2078 2038/2080
f 2215/2166 2371/2167 2372/2168 2214/2169
f 2211/2170 2392/2171 2393/2172 2210/2173
f 2206/2174 2400/2175 2401/2176 2205/2177
f 2192/2178 2193/2179 2173/2180 2174/2181
f 2208/2182 2397/2183 2398/2935 2207/2959
f 2172/2186 2194/2960 2195/2188 2171/2189
f 2286/2190 2300/2191 2301/2192 2308/2193
f 2275/2194 2399/2195 2400/2175 2206/2174
f 2173/2180 2193/2179 2280/2196 2281/2197
f 2283/2198 2214/2169 2372/2168 2373/2199
f 2337/2200 2386/2201 2387/2202 2290/2203
f 2170/2204 2173/2180 2281/2197 2282/2205
f 2174/2181 2173/2180 2170/2204 2166/2206
f 2216/2207 2370/2208 2371/2167 2215/2166
f 2221/2209 2403/2210 2404/2211 2204/2212
f 2222/2213 2223/2214 2176/2215 2175/2216
f 2279/2217 2176/2215 2223/2214 2278/2218
f 2178/2219 2177/2958 2224/2957 2225/2222
f 2209/2223 2394/2224 2395/2225 2226/2226
f 37/730 2180/2227 2179/2228 43/731
f 45/734 2181/2229 2180/2227 37/730
f 53/736 2242/2230 2243/2231 54/737
f 2183/2232 2442/2233 2443/2234 2184/2235
f 39/744 2186/2236 2445/2237 88/745
f 46/748 2187/2238 2227/2239 49/749
f 44/752 2188/2240 2196/2241 47/753
f 38/2963 2189/2961 2188/2240 44/752
f 41/758 2190/2243 2189/2242 38/756
f 43/731 2179/2228 2284/2244 82/760
f 2175/2216 2176/2215 2193/2179 2192/2178
f 2280/2196 2193/2179 2176/2215 2279/2217
f 2195/2188 2194/2960 2177/2958 2178/2219
f 2210/2173 2393/2172 2394/2224 2209/2223
f 47/753 2196/2241 2187/2238 46/748
f 2363/2245 2364/2246 2199/2247 2198/2248
f 2369/2249 2365/2250 2217/2251 2368/2252
f 2218/2253 2358/2254 2359/2255 2197/2256
f 2361/2257 2405/2258 2406/2259 2203/2260
f 2362/2261 2363/2245 2198/2248 2202/2262
f 2359/2255 2360/2263 2201/2264 2197/2256
f 2360/2263 2361/2257 2203/2260 2201/2264
f 2220/2265 2221/2209 2204/2212 2182/2266
f 2184/2235 2206/2174 2205/2177 2183/2232
f 2274/2267 2275/2194 2206/2174 2184/2235
f 2186/2236 2208/2182 2207/2959 2185/2933
f 2187/2238 2209/2223 2226/2226 2227/2239
f 2196/2241 2210/2173 2209/2223 2187/2238
f 2188/2240 2211/2170 2210/2173 2196/2241
f 2189/2961 2212/2955 2211/2170 2188/2240
f 2190/2243 2213/2270 2212/2269 2189/2242
f 2284/2244 2179/2228 2214/2169 2283/2198
f 2180/2227 2215/2166 2214/2169 2179/2228
f 2181/2229 2216/2207 2215/2166 2180/2227
f 2217/2251 2365/2250 2366/2271 2200/2272
f 2366/2271 2358/2254 2218/2253 2200/2272
f 48/790 2219/2273 2181/2229 45/734
f 53/736 55/793 2244/2274 2242/2230
f 2228/2275 2229/2276 2221/2209 2220/2265
f 2229/2276 2402/2277 2403/2210 2221/2209
f 2230/2278 2231/2279 2223/2214 2222/2213
f 2278/2218 2223/2214 2231/2279 2277/2280
f 2225/2222 2224/2957 2232/2956 2233/2282
f 2226/2226 2395/2225 2396/2283 2234/2284
f 2227/2239 2226/2226 2234/2284 2235/2285
f 49/749 2227/2239 2235/2285 50/805
f 2246/2286 56/809 57/808 2247/2287
f 2183/2232 2205/2177 2229/2276 2228/2275
f 2205/2177 2401/2176 2402/2277 2229/2276
f 2165/2288 2169/2289 2231/2279 2230/2278
f 2277/2280 2231/2279 2169/2289 2276/2290
f 2233/2282 2232/2956 2168/2936 2167/2292
f 2234/2284 2396/2283 2397/2183 2208/2182
f 2235/2285 2234/2284 2208/2182 2186/2236
f 50/805 2235/2285 2186/2236 39/744
f 2191/2293 2219/2273 2237/2294 2236/2295
f 2219/2273 48/790 51/818 2237/2294
f 2220/2265 2182/2266 2238/2296 2239/2297
f 2182/2266 2191/2293 2236/2295 2238/2296
f 2228/2275 2220/2265 2239/2297 2240/2298
f 2183/2232 2228/2275 2240/2298 2241/2299
f 2236/2295 2237/2294 2952/2300 2953/2301
f 2237/2294 51/818 146/825 2952/2300
f 2239/2297 2238/2296 2954/2302 2955/2303
f 2238/2296 2236/2295 2953/2301 2954/2302
f 2240/2298 2239/2297 2955/2303 2956/2304
f 52/829 2241/2299 2951/2305 145/830
f 2241/2299 2240/2298 2956/2304 2951/2305
f 2245/2306 2244/2274 2408/2307 2409/2308
f 56/809 2246/2286 2410/2309 83/835
f 2246/2286 2245/2306 2409/2308 2410/2309
f 2408/2307 2244/2274 55/793 1552/837
f 2252/2310 2251/2311 2254/2312 2255/2313
f 2253/2314 2252/2310 2255/2313 2256/2315
f 60/844 2253/2314 2256/2315 62/845
f 2254/2312 61/848 58/847 2248/2316
f 2255/2313 2254/2312 2248/2316 2249/2317
f 2256/2315 2255/2313 2249/2317 2250/2318
f 62/845 2256/2315 2250/2318 59/851
f 2248/2316 58/847 2963/3520 3218/3773
f 2249/2317 2248/2316 3217/3772 2258/2320
f 59/851 2250/2318 2259/2321 64/853
f 2250/2318 2249/2317 2258/2320 2259/2321
f 64/853 2259/2321 2258/2320 65/855
f 3215/3770 63/3502 2968/3525 3222/3777
f 2258/2320 2257/2319 3221/3776 2261/2322
f 3219/3774 66/3501 2975/3532 3227/3782
f 2261/2322 2260/3500 3226/3781 2263/3458
f 3224/3779 67/3460 2982/3536 3232/3787
f 2263/2323 2262/3499 3231/3786 2265/2324
f 2261/2322 2263/3458 1551/860 1550/859
f 3229/3784 68/3498 2989/3546 3237/3792
f 2265/2324 2264/3497 3236/3791 2267/2325
f 69/862 2265/2324 2267/2325 71/863
f 3234/3789 70/3496 2996/3553 3242/3797
f 2267/2325 2266/3495 3241/3796 2269/2326
f 71/863 2267/2325 2269/2326 73/865
f 3239/3794 72/3494 3003/3560 3247/3802
f 2269/2326 2268/3493 3246/3801 2271/2327
f 73/865 2269/2326 2271/2327 75/867
f 3244/3799 74/3492 3043/3614 3164/3735
f 2271/2327 2270/3490 1556/3491 2272/2328
f 75/867 2271/2327 2272/2328 78/869
f 3174/3727 3035/3590 3088/3644 3191/3746
f 2272/2328 3163/3718 1557/3505 2273/3462
f 78/869 2272/2328 2273/3462 81/871
f 3182/3737 80/3463 81/3461 2273/2329
f 2185/2268 2207/2185 2275/2194 2274/2267
f 2207/2185 2398/2184 2399/2195 2275/2194
f 2232/2281 2277/2280 2276/2290 2168/2291
f 2224/2221 2278/2218 2277/2280 2232/2281
f 2177/2220 2279/2217 2278/2218 2224/2221
f 2194/2187 2280/2196 2279/2217 2177/2220
f 2281/2197 2280/2196 2194/2187 2172/2954
f 2382/2330 2308/2193 2294/2331 2381/2332
f 2190/2243 2284/2244 2283/2198 2213/2270
f 82/760 2284/2244 2190/2243 41/758
f 2392/2171 2211/2170 2347/2333 2391/2334
f 2337/2200 2290/2203 2298/2946 2336/2336
f 2172/2186 2171/2189 2348/2337 2341/2338
f 2282/2205 2281/2197 2342/2339 2343/2340
f 2281/2197 2172/2954 2341/2941 2342/2339
f 2301/2192 2302/2341 2294/2331 2308/2193
f 2283/2198 2373/2199 2374/2342 2344/2343
f 2293/2344 2303/2345 2304/2346 2297/2347
f 2302/2341 2380/2348 2381/2332 2294/2331
f 2297/2347 2304/2346 2305/2349 2285/2953
f 2211/2170 2212/2955 2346/2351 2347/2333
f 2212/2269 2213/2270 2345/2352 2346/2939
f 2213/2270 2283/2198 2344/2343 2345/2352
f 2298/2335 2299/2353 2335/2354 2336/2945
f 2299/2353 2296/2355 2334/2356 2335/2354
f 2296/2355 2378/2357 2379/2358 2334/2356
f 2340/2359 2333/2360 2295/2361 2292/2362
f 2339/2363 2340/2359 2292/2362 2291/2364
f 2338/2365 2339/2943 2291/2951 2289/2366
f 2384/2367 2307/2368 2286/2938 2383/2369
f 2287/2370 2306/2371 2285/2350 2305/2944
f 2307/2368 2384/2367 2385/2372 2288/2373
f 2286/2190 2308/2193 2382/2330 2383/2937
f 2286/2938 2307/2368 2288/2373 2300/2952
f 2310/2374 2377/2375 2378/2357 2296/2355
f 2311/2376 2310/2374 2296/2355 2299/2353
f 2312/2950 2311/2376 2299/2353 2298/2335
f 2313/2378 2312/2377 2298/2946 2290/2203
f 2388/2379 2313/2378 2290/2203 2387/2202
f 2315/2949 2314/2381 2289/2366 2291/2951
f 2316/2382 2315/2380 2291/2364 2292/2362
f 2309/2383 2316/2382 2292/2362 2295/2361
f 2318/2384 2317/2385 2310/2374 2311/2376
f 2319/2948 2318/2384 2311/2376 2312/2950
f 2320/2387 2319/2386 2312/2377 2313/2378
f 2389/2388 2320/2387 2313/2378 2388/2379
f 2322/2947 2321/2390 2314/2381 2315/2949
f 2323/2391 2322/2389 2315/2380 2316/2382
f 2324/2392 2323/2391 2316/2382 2309/2383
f 2317/2385 2376/2393 2377/2375 2310/2374
f 2326/2394 2325/2395 2323/2391 2324/2392
f 2327/2396 2375/2397 2376/2393 2317/2385
f 2328/2398 2327/2396 2317/2385 2318/2384
f 2329/2940 2328/2398 2318/2384 2319/2948
f 2330/2400 2329/2399 2319/2386 2320/2387
f 2390/2401 2330/2400 2320/2387 2389/2388
f 2332/2942 2331/2403 2321/2390 2322/2947
f 2325/2395 2332/2402 2322/2389 2323/2391
f 2334/2356 2379/2358 2380/2348 2302/2341
f 2335/2354 2334/2356 2302/2341 2301/2192
f 2336/2945 2335/2354 2301/2192 2300/2191
f 2288/2373 2337/2200 2336/2336 2300/2952
f 2288/2373 2385/2372 2386/2201 2337/2200
f 2287/2370 2305/2944 2339/2943 2338/2365
f 2305/2349 2304/2346 2340/2359 2339/2363
f 2304/2346 2303/2345 2333/2360 2340/2359
f 2342/2339 2341/2941 2332/2402 2325/2395
f 2343/2340 2342/2339 2325/2395 2326/2394
f 2344/2343 2374/2342 2375/2397 2327/2396
f 2345/2352 2344/2343 2327/2396 2328/2398
f 2346/2939 2345/2352 2328/2398 2329/2940
f 2347/2333 2346/2351 2329/2399 2330/2400
f 2391/2334 2347/2333 2330/2400 2390/2401
f 2341/2338 2348/2337 2331/2403 2332/2942
f 2198/2248 2199/2247 2413/2404 2414/2405
f 2368/2252 2217/2251 2411/2406 2412/2407
f 2200/2272 2218/2253 2420/2408 2421/2409
f 2201/2264 2203/2260 2417/2410 2418/2411
f 2202/2262 2198/2248 2414/2405 2415/2412
f 2197/2256 2201/2264 2418/2411 2419/2413
f 2203/2260 2406/2259 2416/2414 2417/2410
f 2217/2251 2200/2272 2421/2409 2411/2406
f 2218/2253 2197/2256 2419/2413 2420/2408
f 2358/2254 2219/2273 2191/2293 2359/2255
f 2191/2293 2182/2266 2360/2263 2359/2255
f 2182/2266 2204/2212 2361/2257 2360/2263
f 2204/2212 2404/2211 2405/2258 2361/2257
f 2175/2216 2192/2178 2363/2245 2362/2261
f 2192/2178 2174/2181 2364/2246 2363/2245
f 2370/2208 2216/2207 2365/2250 2369/2249
f 2366/2271 2365/2250 2216/2207 2181/2229
f 2181/2229 2219/2273 2358/2254 2366/2271
f 2199/2247 2368/2252 2412/2407 2413/2404
f 2364/2246 2369/2249 2368/2252 2199/2247
f 2174/2181 2370/2208 2369/2249 2364/2246
f 2371/2167 2370/2208 2174/2181 2166/2206
f 2372/2168 2371/2167 2166/2206 2170/2204
f 2373/2199 2372/2168 2170/2204 2282/2205
f 2374/2342 2373/2199 2282/2205 2343/2340
f 2375/2397 2374/2342 2343/2340 2326/2394
f 2376/2393 2375/2397 2326/2394 2324/2392
f 2377/2375 2376/2393 2324/2392 2309/2383
f 2378/2357 2377/2375 2309/2383 2295/2361
f 2379/2358 2378/2357 2295/2361 2333/2360
f 2380/2348 2379/2358 2333/2360 2303/2345
f 2381/2332 2380/2348 2303/2345 2293/2344
f 2297/2347 2382/2330 2381/2332 2293/2344
f 2383/2937 2382/2330 2297/2347 2285/2953
f 2306/2371 2384/2367 2383/2369 2285/2350
f 2385/2372 2384/2367 2306/2371 2287/2370
f 2386/2201 2385/2372 2287/2370 2338/2365
f 2387/2202 2386/2201 2338/2365 2289/2366
f 2314/2381 2388/2379 2387/2202 2289/2366
f 2321/2390 2389/2388 2388/2379 2314/2381
f 2331/2403 2390/2401 2389/2388 2321/2390
f 2348/2337 2391/2334 2390/2401 2331/2403
f 2171/2189 2392/2171 2391/2334 2348/2337
f 2393/2172 2392/2171 2171/2189 2195/2188
f 2394/2224 2393/2172 2195/2188 2178/2219
f 2395/2225 2394/2224 2178/2219 2225/2222
f 2396/2283 2395/2225 2225/2222 2233/2282
f 2397/2183 2396/2283 2233/2282 2167/2292
f 2398/2935 2397/2183 2167/2292 2168/2936
f 2399/2195 2398/2184 2168/2291 2276/2290
f 2400/2175 2399/2195 2276/2290 2169/2289
f 2401/2176 2400/2175 2169/2289 2165/2288
f 2402/2277 2401/2176 2165/2288 2230/2278
f 2403/2210 2402/2277 2230/2278 2222/2213
f 2404/2211 2403/2210 2222/2213 2175/2216
f 2405/2258 2404/2211 2175/2216 2362/2261
f 2406/2259 2405/2258 2362/2261 2202/2262
f 2416/2414 2406/2259 2202/2262 2415/2412
f 2409/2308 2408/2307 2251/2311 2252/2310
f 2410/2309 2409/2308 2252/2310 2253/2314
f 83/835 2410/2309 2253/2314 60/844
f 2412/2407 2411/2406 2351/2415 2367/2416
f 2413/2404 2412/2407 2367/2416 2350/2417
f 2414/2405 2413/2404 2350/2417 2349/2418
f 2415/2412 2414/2405 2349/2418 2356/2419
f 2407/2420 2416/2414 2415/2412 2356/2419
f 2417/2410 2416/2414 2407/2420 2355/2421
f 2418/2411 2417/2410 2355/2421 2354/2422
f 2419/2413 2418/2411 2354/2422 2357/2423
f 2420/2408 2419/2413 2357/2423 2353/2424
f 2421/2409 2420/2408 2353/2424 2352/2425
f 2411/2406 2421/2409 2352/2425 2351/2415
f 2349/2418 2350/2417 2423/2426 2422/2427
f 2350/2417 2367/2416 2424/2428 2423/2426
f 2352/2425 2353/2424 2426/2429 2425/2430
f 2354/2422 2355/2421 2428/2431 2427/2432
f 2356/2419 2349/2418 2422/2427 2429/2433
f 2357/2423 2354/2422 2427/2432 2430/2434
f 2355/2421 2407/2420 2431/2435 2428/2431
f 2351/2415 2352/2425 2425/2430 2432/2436
f 2353/2424 2357/2423 2430/2434 2426/2429
f 2367/2416 2351/2415 2432/2436 2424/2428
f 2407/2420 2356/2419 2429/2433 2431/2435
f 40/2962 2436/2437 2437/2438 84/980
f 2184/2235 2443/2234 2444/2439 2434/2440
f 2274/2267 2184/2235 2434/2440 2435/2441
f 2185/2268 2274/2267 2435/2441 2433/2442
f 2434/2440 2444/2439 2000/2014 2001/2018
f 2435/2441 2434/2440 2001/2018 2002/2017
f 2433/2442 2435/2441 2002/2017 2003/2020
f 1997/2003 2437/2438 1996/2004
f 4/493 1998/2010 85/987 587/481
f 2436/2934 2438/2443 2445/2237 2446/2932
f 2437/2438 2436/2437 2446/2444 2447/2445
f 1996/2004 2437/2438 2447/2445 2004/2019
f 86/991 2438/2443 2436/2934 40/979
f 36/992 2183/2232 2241/2299 52/829
f 42/993 2439/2446 2441/2447 87/994
f 2440/2448 2439/2446 42/993 85/987
f 1999/2009 2440/2448 85/987 1998/2010
f 87/994 2441/2447 2442/2233 89/998
f 2443/2234 2442/2233 2441/2447 2439/2446
f 2444/2439 2443/2234 2439/2446 2440/2448
f 2000/2014 2444/2439 2440/2448 1999/2009
f 2446/2932 2445/2237 2186/2236 2185/2933
f 2447/2445 2446/2444 2185/2268 2433/2442
f 2004/2019 2447/2445 2433/2442 2003/2020
f 88/745 2445/2237 2438/2443 86/991
f 89/998 2442/2233 2183/2232 36/992
f 1997/2003 2005/2007 84/980 2437/2438
f 3175/3728 3036/3591 3089/3645 3192/3747
f 1959/1997 1960/1973 2489/2449 2476/2450
f 1960/1973 1961/1972 2488/2451 2489/2449
f 1961/1972 1962/1975 2487/2452 2488/2451
f 1962/1975 1963/1977 2486/2453 2487/2452
f 1963/1977 1964/3077 2485/2454 2486/2453
f 1964/1979 1965/1982 2484/2455 2485/3076
f 1965/1982 1966/1984 2483/2456 2484/2455
f 1966/1984 1967/1985 2482/2457 2483/2456
f 1967/1985 1985/1988 2481/2458 2482/2457
f 1968/1987 1969/1991 2479/2459 2480/2460
f 1969/1991 1970/1993 2478/2461 2479/2459
f 1970/1993 1971/1995 2477/2462 2478/2461
f 1971/1995 1959/1997 2476/2450 2477/2462
f 1985/1988 1968/1987 2480/2460 2481/2458
f 2477/2462 2476/2450 2490/2463 2491/2464
f 2478/2461 2477/2462 2491/2464 2492/2465
f 2479/2459 2478/2461 2492/2465 2493/2466
f 2480/2460 2479/2459 2493/2466 2494/2467
f 2481/2458 2480/2460 2494/2467 2495/2468
f 2482/2457 2481/2458 2495/2468 2496/2469
f 2483/2456 2482/2457 2496/2469 2497/2470
f 2484/2455 2483/2456 2497/2470 2498/2471
f 2485/3076 2484/2455 2498/2471 2499/3075
f 2486/2453 2485/2454 2499/2472 2500/2473
f 2487/2452 2486/2453 2500/2473 2501/2474
f 2488/2451 2487/2452 2501/2474 2502/2475
f 2489/2449 2488/2451 2502/2475 2503/2476
f 2476/2450 2489/2449 2503/2476 2490/2463
f 2491/2464 2490/2463 2448/2477 2461/2478
f 2492/2465 2491/2464 2461/2478 2460/2479
f 2493/2466 2492/2465 2460/2479 2459/2480
f 2494/2467 2493/2466 2459/2480 2458/2481
f 2495/2468 2494/2467 2458/2481 2457/2482
f 2496/2469 2495/2468 2457/2482 2456/2483
f 2497/2470 2496/2469 2456/2483 2455/2484
f 2498/2471 2497/2470 2455/2484 2454/2485
f 2499/3075 2498/2471 2454/2485 2453/2486
f 2500/2473 2499/2472 2453/3073 2452/2487
f 2501/2474 2500/2473 2452/2487 2451/2488
f 2502/2475 2501/2474 2451/2488 2450/2489
f 2503/2476 2502/2475 2450/2489 2449/2490
f 2490/2463 2503/2476 2449/2490 2448/2477
f 3176/3729 3037/3592 3090/3646 3193/3748
f 3204/3759 3199/3754 3209/3764 3214/3769
f 3216/3771 2962/3517 2969/3526 3223/3778
f 3220/3775 2967/3522 2976/3533 3228/3783
f 3225/3780 2974/3529 2983/3537 3233/3788
f 3230/3785 2981/3540 2990/3547 3238/3793
f 3235/3790 2988/3543 2997/3554 3243/3798
f 3240/3795 2995/3550 3004/3561 3248/3803
f 3245/3800 3002/3557 3044/3615 3165/3736
f 3177/3730 3038/3593 3091/3647 3194/3749
f 2504/2491 2505/2492 2531/2493 2532/2494
f 2505/2492 2506/2495 2530/3437 2531/2493
f 2506/3436 2507/2497 2542/2498 2530/2496
f 2507/2497 2508/2499 2541/2500 2542/2498
f 2508/2499 2509/2501 2540/2502 2541/2500
f 2509/2501 2510/2503 2539/2504 2540/2502
f 2510/2503 2511/2505 2538/2506 2539/2504
f 2511/2505 2512/2507 2537/2508 2538/2506
f 2512/2507 2513/2509 2536/2510 2537/2508
f 2513/2509 2514/2511 2535/2512 2536/2510
f 2514/2511 2515/2513 2534/2514 2535/2512
f 2515/2513 2516/2515 2533/2516 2534/2514
f 2532/2494 2533/2516 2516/2515 2504/2491
f 2531/2493 2530/3437 2865/3438 2866/3402
f 2532/2494 2531/2493 2866/3402 2867/3401
f 2868/3399 2533/2516 2532/2494 2867/3401
f 2534/2514 2533/2516 2868/3399 2856/2521
f 2535/2512 2534/2514 2856/2521 2857/3411
f 2536/2510 2535/2512 2857/3411 2858/3410
f 2537/2508 2536/2510 2858/3410 2859/3409
f 2538/2506 2537/2508 2859/3409 2860/3408
f 2539/2504 2538/2506 2860/3408 2861/3407
f 2540/2502 2539/2504 2861/3407 2862/3406
f 2541/2500 2540/2502 2862/3406 2863/3405
f 2542/2498 2541/2500 2863/3405 2864/3404
f 2530/2496 2542/2498 2864/3404 2865/3403
f 2636/2530 2637/2531 2550/2532 2549/2533
f 2638/2534 110/1087 92/1086 2617/2535
f 109/1088 2629/2536 2551/2537 103/1089
f 2552/2538 2551/2537 2629/2536 2630/2539
f 2631/2540 2632/2541 2553/2542 2595/2543
f 2633/2544 2634/2545 2554/2546 2602/2547
f 2635/2548 2636/2530 2549/2533 2609/2549
f 2550/2532 2581/2550 2582/2551 2549/2533
f 2617/2535 92/1086 97/1107 2616/2552
f 103/1089 2551/2537 2580/2553 102/1108
f 2580/2553 2551/2537 2552/2538 2579/2554
f 2595/2543 2553/2542 2578/2555 2594/2556
f 2602/2547 2554/2546 2577/2557 2601/2558
f 2609/2549 2549/2533 2582/2551 2608/2559
f 2902/2560 2583/2561 2584/2562 2901/2563
f 134/1120 105/1123 2615/2564 2903/2565
f 2893/2566 2588/2567 106/1126 133/1125
f 2588/2567 2893/2566 2894/2568 2587/2569
f 2896/2570 2586/2571 2593/2572 2895/2573
f 2585/2574 2600/2575 2897/2576 2898/2577
f 2901/2563 2584/2562 2607/2578 2900/2579
f 2556/2580 2576/2581 2521/2582 2555/2583
f 2613/2584 93/1147 96/1146 2612/2585
f 100/1148 2557/2586 2575/2587 99/1149
f 2575/2587 2557/2586 2558/2588 2574/2589
f 2591/2590 2559/2591 2573/2592 2590/2593
f 2598/2594 2560/2595 2524/2596 2525/2597
f 2605/2598 2555/2583 2521/2582 2522/2599
f 2599/2600 2567/2601 2560/2595 2598/2594
f 2592/2602 2568/2603 2559/2591 2591/2590
f 2557/2586 2570/2604 2569/2605 2558/2588
f 101/1170 2570/2604 2557/2586 100/1148
f 2614/2606 95/1172 93/1147 2613/2584
f 2571/2607 2556/2580 2555/2583 2572/2608
f 2606/2609 2572/2608 2555/2583 2605/2598
f 2528/2610 2529/2611 2807/2612 2808/2613
f 2641/2614 2642/2615 2809/2616 2810/2617
f 2812/2618 2639/2619 2640/2620 2811/2621
f 111/1188 2639/2619 2812/2618 122/1189
f 2644/2622 112/1193 121/1192 2803/2623
f 2518/2624 2643/2625 2804/2626 2805/2627
f 2517/2628 2518/2624 2805/2627 2806/2629
f 2615/2564 105/1123 95/1172 2614/2606
f 2583/2561 2571/2607 2572/2608 2584/2562
f 2607/2578 2584/2562 2572/2608 2606/2609
f 2600/2575 2585/2574 2567/2601 2599/2600
f 2593/2572 2586/2571 2568/2603 2592/2602
f 2570/2604 2588/2567 2587/2569 2569/2605
f 106/1126 2588/2567 2570/2604 101/1170
f 2640/2620 2641/2614 2810/2617 2811/2621
f 2558/2588 2591/2590 2590/2593 2574/2589
f 2569/2605 2592/2602 2591/2590 2558/2588
f 2587/2569 2593/2572 2592/2602 2569/2605
f 2593/2572 2587/2569 2894/2568 2895/2573
f 2552/2538 2595/2543 2594/2556 2579/2554
f 2630/2539 2631/2540 2595/2543 2552/2538
f 2642/2615 2528/2610 2808/2613 2809/2616
f 2559/2591 2598/2594 2525/2597 2573/2592
f 2568/2603 2599/2600 2598/2594 2559/2591
f 2586/2571 2600/2575 2599/2600 2568/2603
f 2600/2575 2586/2571 2896/2570 2897/2576
f 2553/2542 2602/2547 2601/2558 2578/2555
f 2632/2541 2633/2544 2602/2547 2553/2542
f 2529/2611 2517/2628 2806/2629 2807/2612
f 2637/2531 2638/2534 2617/2535 2550/2532
f 2660/2630 2661/2631 2577/2557 2554/2546
f 2660/2630 2554/2546 2634/2545 2659/2632
f 2899/2633 2662/2634 2585/2574 2898/2577
f 2585/2574 2662/2634 2663/2635 2567/2601
f 2567/2601 2663/2635 2664/2636 2560/2595
f 2560/2595 2664/2636 2523/2637 2524/2596
f 2643/2625 2644/2622 2803/2623 2804/2626
f 2556/2580 2613/2584 2612/2585 2576/2581
f 2571/2607 2614/2606 2613/2584 2556/2580
f 2583/2561 2615/2564 2614/2606 2571/2607
f 2902/2560 2903/2565 2615/2564 2583/2561
f 2550/2532 2617/2535 2616/2552 2581/2550
f 2546/2638 2545/2639 2620/2640 2619/2641
f 2544/2642 2622/2643 2621/2644 2618/2645
f 2543/2646 2623/2647 2622/2643 2544/2642
f 2624/2648 2623/2647 2543/2646 2610/2649
f 2625/2650 2657/2651 2658/2652 2548/2653
f 2626/2654 2625/2650 2548/2653 2603/2655
f 2627/2656 2626/2654 2603/2655 2547/2657
f 2628/2658 2627/2656 2547/2657 2596/2659
f 2619/2641 2628/2658 2596/2659 2546/2638
f 2620/2640 2545/2639 104/1231 107/1230
f 2618/2645 2621/2644 108/1233 91/1232
f 104/1231 2545/2639 2629/2536 109/1088
f 2629/2536 2545/2639 2546/2638 2630/2539
f 2546/2638 2596/2659 2631/2540 2630/2539
f 2596/2659 2547/2657 2632/2541 2631/2540
f 2547/2657 2603/2655 2633/2544 2632/2541
f 2603/2655 2548/2653 2634/2545 2633/2544
f 2659/2632 2634/2545 2548/2653 2658/2652
f 2610/2649 2543/2646 2636/2530 2635/2548
f 2543/2646 2544/2642 2637/2531 2636/2530
f 2544/2642 2618/2645 2638/2534 2637/2531
f 99/1149 2575/2587 2652/2660 114/1234
f 2651/2661 2652/2660 2575/2587 2574/2589
f 2574/2589 2590/2593 2650/2662 2651/2661
f 2590/2593 2573/2592 2649/2663 2650/2662
f 2573/2592 2525/2597 2526/2664 2649/2663
f 2519/2665 2655/2666 2643/2625 2518/2624
f 2655/2666 2656/2667 2644/2622 2643/2625
f 2656/2667 116/1243 112/1193 2644/2622
f 2645/2668 2527/2669 2528/2610 2642/2615
f 2646/2670 2645/2668 2642/2615 2641/2614
f 2647/2671 2646/2670 2641/2614 2640/2620
f 2640/2620 2639/2619 2648/2672 2647/2671
f 113/1249 2648/2672 2639/2619 111/1188
f 2649/2663 2526/2664 2527/2669 2645/2668
f 2650/2662 2649/2663 2645/2668 2646/2670
f 2651/2661 2650/2662 2646/2670 2647/2671
f 2647/2671 2648/2672 2652/2660 2651/2661
f 114/1234 2652/2660 2648/2672 113/1249
f 2521/2582 2576/2581 2653/2673 2520/2674
f 2576/2581 2612/2585 2654/2675 2653/2673
f 2612/2585 96/1146 115/1253 2654/2675
f 2520/2674 2653/2673 2655/2666 2519/2665
f 2653/2673 2654/2675 2656/2667 2655/2666
f 2654/2675 115/1253 116/1243 2656/2667
f 2658/2652 2657/2651 2624/2648 2610/2649
f 2635/2548 2659/2632 2658/2652 2610/2649
f 2609/2549 2660/2630 2659/2632 2635/2548
f 2609/2549 2608/2559 2661/2631 2660/2630
f 2900/2579 2607/2578 2662/2634 2899/2633
f 2663/2635 2662/2634 2607/2578 2606/2609
f 2664/2636 2663/2635 2606/2609 2605/2598
f 2523/2637 2664/2636 2605/2598 2522/2599
f 2665/2676 2561/2677 2562/2678 2666/2679
f 2666/2679 2562/2678 2611/2680 2674/2681
f 2667/2682 2563/2683 2564/2684 2668/2685
f 2564/2684 2589/2686 2669/2687 2668/2685
f 2565/2688 2597/2689 2671/2690 2670/2691
f 2672/2692 2566/2693 2604/2694 2673/2695
f 98/1274 2563/2683 2667/2682 117/1275
f 2589/2686 2565/2688 2670/2691 2669/2687
f 2597/2689 2566/2693 2672/2692 2671/2690
f 2604/2694 2561/2677 2665/2676 2673/2695
f 2611/2680 94/1277 118/1276 2674/2681
f 110/1087 2638/2534 2949/2696 143/1278
f 2638/2534 2618/2645 2950/2697 2949/2696
f 2618/2645 91/1232 144/1281 2950/2697
f 2879/2698 2676/2699 2675/2700 2878/2701
f 2870/2702 2678/2703 2677/2704 2869/2705
f 2871/2706 2679/2707 2678/2703 2870/2702
f 2680/2708 2679/2707 2871/2706 2872/2709
f 2873/2710 2681/2711 2680/2708 2872/2709
f 2682/2712 2681/2711 2873/2710 2874/2713
f 2683/2714 2682/2712 2874/2713 2875/2715
f 2684/2716 2683/2714 2875/2715 2876/2717
f 2685/2718 2684/2716 2876/2717 2877/2719
f 2675/2700 2685/2718 2877/2719 2878/2701
f 2505/2492 2504/2491 2882/2720 2883/2721
f 2506/2495 2505/2492 2883/2721 2884/3426
f 2507/2497 2506/3436 2884/2722 2885/2723
f 2508/2499 2507/2497 2885/2723 2886/2724
f 2509/2501 2508/2499 2886/2724 2887/2725
f 2510/2503 2509/2501 2887/2725 2888/2726
f 2511/2505 2510/2503 2888/2726 2889/2727
f 2512/2507 2511/2505 2889/2727 2890/2728
f 2513/2509 2512/2507 2890/2728 2891/2729
f 2514/2511 2513/2509 2891/2729 2892/2730
f 2515/2513 2514/2511 2892/2730 2880/2731
f 2516/2515 2515/2513 2880/2731 2881/2732
f 2504/2491 2516/2515 2881/2732 2882/2720
f 2700/2733 2699/2734 2766/2735 2767/2736
f 2701/2737 2700/2733 2767/2736 2768/2738
f 2702/2739 2701/2737 2768/2738 2769/2740
f 2703/3435 2702/2739 2769/2740 2770/3431
f 2704/2743 2703/2741 2770/2742 2771/2744
f 2705/2745 2704/2743 2771/2744 2772/2746
f 2706/2747 2705/2745 2772/2746 2773/2748
f 2707/2749 2706/2747 2773/2748 2774/2750
f 2708/2751 2707/2749 2774/2750 2775/2752
f 2709/2753 2708/2751 2775/2752 2776/2754
f 2710/2755 2709/2753 2776/2754 2764/2756
f 2711/2757 2710/2755 2764/2756 2765/2758
f 2699/2734 2711/2757 2765/2758 2766/2735
f 2687/3259 2686/3248 2923/2761 2924/2762
f 2688/3432 2687/3259 2924/2762 2925/3425
f 2689/3257 2688/3258 2925/2764 2926/2766
f 2690/3256 2689/3257 2926/2766 2927/2768
f 2691/3255 2690/3256 2927/2768 2928/2770
f 2692/3254 2691/3255 2928/2770 2929/2772
f 2693/3253 2692/3254 2929/2772 2930/2774
f 2694/3252 2693/3253 2930/2774 2931/2776
f 2695/3251 2694/3252 2931/2776 2932/2778
f 2696/3250 2695/3251 2932/2778 2933/2780
f 2697/3249 2696/3250 2933/2780 2921/2782
f 2698/3247 2697/3249 2921/2782 2922/2784
f 2686/3248 2698/3247 2922/2784 2923/2761
f 2726/2785 2725/2786 2778/2787 2779/2788
f 2727/2789 2726/2785 2779/2788 2780/2790
f 2728/2791 2727/2789 2780/2790 2781/2792
f 2729/2793 2728/2791 2781/2792 2782/2794
f 2730/3434 2729/2793 2782/2794 2783/3429
f 2731/2797 2730/2795 2783/2796 2784/2798
f 2732/2799 2731/2797 2784/2798 2785/2800
f 2733/2801 2732/2799 2785/2800 2786/2802
f 2734/2803 2733/2801 2786/2802 2787/2804
f 2735/2805 2734/2803 2787/2804 2788/2806
f 2736/2807 2735/2805 2788/2806 2789/2808
f 2737/2809 2736/2807 2789/2808 2777/2810
f 2725/2786 2737/2809 2777/2810 2778/2787
f 2739/2811 2738/2812 2711/2757 2699/2734
f 2740/2813 2739/2811 2699/2734 2700/2733
f 2741/2814 2740/2813 2700/2733 2701/2737
f 2742/2815 2741/2814 2701/2737 2702/2739
f 2743/3430 2742/2815 2702/2739 2703/3435
f 2744/2817 2743/2816 2703/2741 2704/2743
f 2745/2818 2744/2817 2704/2743 2705/2745
f 2746/2819 2745/2818 2705/2745 2706/2747
f 2747/2820 2746/2819 2706/2747 2707/2749
f 2748/2821 2747/2820 2707/2749 2708/2751
f 2749/2822 2748/2821 2708/2751 2709/2753
f 2750/2823 2749/2822 2709/2753 2710/2755
f 2738/2812 2750/2823 2710/2755 2711/2757
f 2752/2824 2751/2825 2725/2786 2726/2785
f 2753/2826 2752/2824 2726/2785 2727/2789
f 2754/2827 2753/2826 2727/2789 2728/2791
f 2755/2828 2754/2827 2728/2791 2729/2793
f 2756/3428 2755/2828 2729/2793 2730/3434
f 2757/2830 2756/2829 2730/2795 2731/2797
f 2758/2831 2757/2830 2731/2797 2732/2799
f 2759/2832 2758/2831 2732/2799 2733/2801
f 2760/2833 2759/2832 2733/2801 2734/2803
f 2761/2834 2760/2833 2734/2803 2735/2805
f 2762/2835 2761/2834 2735/2805 2736/2807
f 2763/2836 2762/2835 2736/2807 2737/2809
f 2751/2825 2763/2836 2737/2809 2725/2786
f 2765/2758 2764/2756 2695/2777 2696/2779
f 2766/2735 2765/2758 2696/2779 2697/2781
f 2767/2736 2766/2735 2697/2781 2698/2783
f 2768/2738 2767/2736 2698/2783 2686/2760
f 2769/2740 2768/2738 2686/2760 2687/2759
f 2770/3431 2769/2740 2687/2759 2688/3433
f 2771/2744 2770/2742 2688/2763 2689/2765
f 2772/2746 2771/2744 2689/2765 2690/2767
f 2773/2748 2772/2746 2690/2767 2691/2769
f 2774/2750 2773/2748 2691/2769 2692/2771
f 2775/2752 2774/2750 2692/2771 2693/2773
f 2776/2754 2775/2752 2693/2773 2694/2775
f 2764/2756 2776/2754 2694/2775 2695/2777
f 2778/2787 2777/2810 2750/2823 2738/2812
f 2779/2788 2778/2787 2738/2812 2739/2811
f 2780/2790 2779/2788 2739/2811 2740/2813
f 2781/2792 2780/2790 2740/2813 2741/2814
f 2782/2794 2781/2792 2741/2814 2742/2815
f 2783/3429 2782/2794 2742/2815 2743/3430
f 2784/2798 2783/2796 2743/2816 2744/2817
f 2785/2800 2784/2798 2744/2817 2745/2818
f 2786/2802 2785/2800 2745/2818 2746/2819
f 2787/2804 2786/2802 2746/2819 2747/2820
f 2788/2806 2787/2804 2747/2820 2748/2821
f 2789/2808 2788/2806 2748/2821 2749/2822
f 2777/2810 2789/2808 2749/2822 2750/2823
f 2791/2837 2790/2838 2751/2825 2752/2824
f 2792/2839 2791/2837 2752/2824 2753/2826
f 2793/2840 2792/2839 2753/2826 2754/2827
f 2794/2841 2793/2840 2754/2827 2755/2828
f 2795/3427 2794/2841 2755/2828 2756/3428
f 2796/2843 2795/2842 2756/2829 2757/2830
f 2797/2844 2796/2843 2757/2830 2758/2831
f 2798/2845 2797/2844 2758/2831 2759/2832
f 2799/2846 2798/2845 2759/2832 2760/2833
f 2800/2847 2799/2846 2760/2833 2761/2834
f 2801/2848 2800/2847 2761/2834 2762/2835
f 2802/2849 2801/2848 2762/2835 2763/2836
f 2790/2838 2802/2849 2763/2836 2751/2825
f 2676/2699 2879/2698 132/1435 119/1434
f 2869/2705 2677/2704 120/1437 131/1436
f 2822/3147 124/1439 94/1277 2611/2680
f 2821/3149 2822/3147 2611/2680 2562/2678
f 2820/3150 2821/3149 2562/2678 2561/2677
f 2819/3151 2820/3150 2561/2677 2604/2694
f 2818/3152 2819/3151 2604/2694 2566/2693
f 2817/3153 2818/3152 2566/2693 2597/2689
f 2816/3154 2817/3153 2597/2689 2565/2688
f 2815/3155 2816/3154 2565/2688 2589/2686
f 2814/3156 2815/3155 2589/2686 2564/2684
f 2563/2683 2813/3157 2814/3156 2564/2684
f 123/3158 2813/3157 2563/2683 98/1274
f 122/1189 2812/2618 2813/2859 123/1449
f 2814/2858 2813/2859 2812/2618 2811/2621
f 2811/2621 2810/2617 2815/2857 2814/2858
f 2810/2617 2809/2616 2816/2856 2815/2857
f 2809/2616 2808/2613 2817/2855 2816/2856
f 2808/2613 2807/2612 2818/2854 2817/2855
f 2807/2612 2806/2629 2819/2853 2818/2854
f 2806/2629 2805/2627 2820/2852 2819/2853
f 2805/2627 2804/2626 2821/2851 2820/2852
f 2804/2626 2803/2623 2822/2850 2821/2851
f 2803/2623 121/1192 124/3148 2822/2850
f 2675/2700 2676/2699 2845/2860 2846/2861
f 2677/2704 2678/2703 2854/2862 2855/2863
f 2678/2703 2679/2707 2853/2864 2854/2862
f 2679/2707 2680/2708 2852/2865 2853/2864
f 2680/2708 2681/2711 2851/2866 2852/2865
f 2681/2711 2682/2712 2850/2867 2851/2866
f 2682/2712 2683/2714 2849/2868 2850/2867
f 2683/2714 2684/2716 2848/2869 2849/2868
f 2684/2716 2685/2718 2847/2870 2848/2869
f 2685/2718 2675/2700 2846/2861 2847/2870
f 2676/2699 119/1434 129/1461 2845/2860
f 120/1437 2677/2704 2855/2863 130/1462
f 2823/3051 2824/3048 2835/2873 2834/2874
f 2825/3046 2826/3058 2837/2877 2836/2878
f 2826/3058 2827/3057 2838/2880 2837/2877
f 2827/3057 2828/3056 2839/2882 2838/2880
f 2828/3056 2829/3055 2840/2884 2839/2882
f 2829/3055 2830/3054 2841/2886 2840/2884
f 2830/3054 2831/3053 2842/2888 2841/2886
f 2831/3053 2832/3052 2843/2890 2842/2888
f 2832/3052 2833/3050 2844/2892 2843/2890
f 2833/3050 2823/3051 2834/2874 2844/2892
f 2824/3048 125/1486 127/1485 2835/2873
f 126/3047 2825/3046 2836/2878 128/1488
f 2845/2860 129/1461 125/3049 2824/2872
f 2846/2861 2845/2860 2824/2872 2823/2871
f 2847/2870 2846/2861 2823/2871 2833/2891
f 2848/2869 2847/2870 2833/2891 2832/2889
f 2849/2868 2848/2869 2832/2889 2831/2887
f 2850/2867 2849/2868 2831/2887 2830/2885
f 2851/2866 2850/2867 2830/2885 2829/2883
f 2852/2865 2851/2866 2829/2883 2828/2881
f 2853/2864 2852/2865 2828/2881 2827/2879
f 2854/2862 2853/2864 2827/2879 2826/2876
f 2855/2863 2854/2862 2826/2876 2825/2875
f 130/1462 2855/2863 2825/2875 126/1487
f 2857/2522 2856/3400 2528/2610 2527/2669
f 2858/2523 2857/2522 2527/2669 2526/2664
f 2859/2524 2858/2523 2526/2664 2525/2597
f 2860/2525 2859/2524 2525/2597 2524/2596
f 2861/2526 2860/2525 2524/2596 2523/2637
f 2862/2527 2861/2526 2523/2637 2522/2599
f 2863/2528 2862/2527 2522/2599 2521/2582
f 2864/2529 2863/2528 2521/2582 2520/2674
f 2865/2517 2864/2529 2520/2674 2519/2665
f 2866/2518 2865/2517 2519/2665 2518/2624
f 2867/2519 2866/2518 2518/2624 2517/2628
f 2529/2611 2868/2520 2867/2519 2517/2628
f 2856/3400 2868/2520 2529/2611 2528/2610
f 2621/2644 2869/2705 131/1436 108/1233
f 2622/2643 2870/2702 2869/2705 2621/2644
f 2623/2647 2871/2706 2870/2702 2622/2643
f 2872/2709 2871/2706 2623/2647 2624/2648
f 2657/2651 2873/2710 2872/2709 2624/2648
f 2874/2713 2873/2710 2657/2651 2625/2650
f 2875/2715 2874/2713 2625/2650 2626/2654
f 2876/2717 2875/2715 2626/2654 2627/2656
f 2877/2719 2876/2717 2627/2656 2628/2658
f 2878/2701 2877/2719 2628/2658 2619/2641
f 2620/2640 2879/2698 2878/2701 2619/2641
f 132/1435 2879/2698 2620/2640 107/1230
f 2881/2732 2880/2731 2791/2837 2792/2839
f 2882/2720 2881/2732 2792/2839 2793/2840
f 2883/2721 2882/2720 2793/2840 2794/2841
f 2884/3426 2883/2721 2794/2841 2795/3427
f 2885/2723 2884/2722 2795/2842 2796/2843
f 2886/2724 2885/2723 2796/2843 2797/2844
f 2887/2725 2886/2724 2797/2844 2798/2845
f 2888/2726 2887/2725 2798/2845 2799/2846
f 2889/2727 2888/2726 2799/2846 2800/2847
f 2890/2728 2889/2727 2800/2847 2801/2848
f 2891/2729 2890/2728 2801/2848 2802/2849
f 2892/2730 2891/2729 2802/2849 2790/2838
f 2880/2731 2892/2730 2790/2838 2791/2837
f 2580/2553 2893/2566 133/1125 102/1108
f 2894/2568 2893/2566 2580/2553 2579/2554
f 2895/2573 2894/2568 2579/2554 2594/2556
f 2578/2555 2896/2570 2895/2573 2594/2556
f 2897/2576 2896/2570 2578/2555 2601/2558
f 2898/2577 2897/2576 2601/2558 2577/2557
f 2661/2631 2899/2633 2898/2577 2577/2557
f 2608/2559 2900/2579 2899/2633 2661/2631
f 2582/2551 2901/2563 2900/2579 2608/2559
f 2581/2550 2902/2560 2901/2563 2582/2551
f 2581/2550 2616/2552 2903/2565 2902/2560
f 97/1107 134/1120 2903/2565 2616/2552
f 2713/2893 2712/2894 1828/2163 1829/2162
f 2714/3455 2713/2893 1829/2162 1830/3456
f 2715/2896 2714/2895 1830/2161 1831/2160
f 2716/2897 2715/2896 1831/2160 1832/2159
f 2717/2898 2716/2897 1832/2159 1833/2158
f 2718/2899 2717/2898 1833/2158 1834/2157
f 2719/2900 2718/2899 1834/2157 1835/2156
f 2720/2901 2719/2900 1835/2156 1836/2155
f 2721/2902 2720/2901 1836/2155 1837/2154
f 2722/2903 2721/2902 1837/2154 1838/2153
f 2723/2904 2722/2903 1838/2153 1839/2165
f 2724/2905 2723/2904 1839/2165 1840/2164
f 2712/2894 2724/2905 1840/2164 1828/2163
f 2668/2685 2669/2687 2905/3177 2904/3180
f 2670/2691 2671/2690 2907/3176 2906/3178
f 117/1275 2667/2682 1854/2001 1/468
f 2667/2682 2668/2685 2904/3180 1854/2001
f 2669/2687 2670/2691 2906/3178 2905/3177
f 2671/2690 2672/2692 2908/3170 2907/3176
f 2673/2695 2665/2676 2910/3175 2909/3171
f 2665/2676 2666/2679 2911/3172 2910/3175
f 2674/2681 118/1276 135/3174 2912/3173
f 2666/2679 2674/2681 2912/3173 2911/3172
f 2672/2692 2673/2695 2909/3171 2908/3170
f 1972/3021 2913/1998 2834/2874 2835/2873
f 2836/2878 2837/2877 1976/3035 1975/3025
f 2837/2877 2838/2880 2914/1983 1976/3035
f 2838/2880 2839/2882 2915/1986 2914/1983
f 2839/2882 2840/2884 2916/1989 2915/1986
f 2840/2884 2841/2886 2917/1990 2916/1989
f 2841/2886 2842/2888 2918/1992 2917/1990
f 2842/2888 2843/2890 2919/1994 2918/1992
f 2843/2890 2844/2892 2920/1996 2919/1994
f 2844/2892 2834/2874 2913/1998 2920/1996
f 2835/2873 127/1485 136/3027 1972/3021
f 128/1488 2836/2878 1975/3025 137/1514
f 1986/2040 2911/2912 2912/2913 1987/2041
f 2910/2910 2911/2912 1986/2040 1994/2039
f 1993/2038 2909/2911 2910/2910 1994/2039
f 2908/2909 2909/2911 1993/2038 1992/2037
f 2907/2907 2908/2909 1992/2037 1991/2036
f 2906/2908 2907/2907 1991/2036 1990/2035
f 2905/2906 2906/2908 1990/2035 1989/2034
f 1988/2033 2904/2002 2905/2906 1989/2034
f 138/469 2904/2002 1988/2033 2/508
f 1987/2041 2912/2913 135/1510 1995/2042
f 2001/2018 2000/2014 2008/2013 2009/2015
f 2922/2784 2921/2782 2723/2904 2724/2905
f 2923/2761 2922/2784 2724/2905 2712/2894
f 2924/2762 2923/2761 2712/2894 2713/2893
f 2925/3425 2924/2762 2713/2893 2714/3455
f 2926/2766 2925/2764 2714/2895 2715/2896
f 2927/2768 2926/2766 2715/2896 2716/2897
f 2928/2770 2927/2768 2716/2897 2717/2898
f 2929/2772 2928/2770 2717/2898 2718/2899
f 2930/2774 2929/2772 2718/2899 2719/2900
f 2931/2776 2930/2774 2719/2900 2720/2901
f 2932/2778 2931/2776 2720/2901 2721/2902
f 2933/2780 2932/2778 2721/2902 2722/2903
f 2921/2782 2933/2780 2722/2903 2723/2904
f 1973/2916 1972/2914 136/1513 139/1516
f 90/1517 1973/2916 139/1516
f 1974/2917 90/1517 140/1519
f 1975/3072 1974/2917 140/1519 137/3026
f 3178/3731 3039/3594 3092/3648 3195/3750
f 3179/3732 3040/3595 3093/3649 3196/3751
f 3180/3733 3041/3596 3094/3650 3197/3752
f 3181/3734 3042/3597 3095/3651 3198/3753
f 2448/2477 2449/2490 2935/2918 2934/2919
f 2449/2490 2450/2489 2936/2920 2935/2918
f 2450/2489 2451/2488 2961/2921 2936/2920
f 2451/2488 2452/2487 2937/2922 2961/2921
f 2452/2487 2453/3073 2938/3074 2937/2922
f 2453/2486 2454/2485 2939/2924 2938/2923
f 2454/2485 2455/2484 2940/2925 2939/2924
f 2455/2484 2456/2483 2941/2926 2940/2925
f 2456/2483 2457/2482 2942/2927 2941/2926
f 2458/2481 2459/2480 2944/2928 2943/2929
f 2459/2480 2460/2479 2945/2930 2944/2928
f 2460/2479 2461/2478 2946/2931 2945/2930
f 2461/2478 2448/2477 2934/2919 2946/2931
f 2457/2482 2458/2481 2943/2929 2942/2927
f 141/609 2947/2130 2122/2152 35/655
f 2948/2128 142/606 34/653 2121/2151
f 2947/2130 2948/2128 2121/2151 2122/2152
f 143/1278 2949/2696 2098/2129 11/608
f 2950/2697 144/1281 10/3196 2097/2127
f 2949/2696 2950/2697 2097/2127 2098/2129
f 145/830 2951/2305 2247/2287 57/808
f 2952/2300 146/825 54/737 2243/2231
f 2953/2301 2952/2300 2243/2231 2242/2230
f 2954/2302 2953/2301 2242/2230 2244/2274
f 2955/2303 2954/2302 2244/2274 2245/2306
f 2956/2304 2955/2303 2245/2306 2246/2286
f 2951/2305 2956/2304 2246/2286 2247/2287
f 2958/1976 2957/1974 1973/2916 90/1517
f 2959/1978 2958/1976 90/1517 1974/2917
f 2960/3071 2959/1978 1974/2917 1975/3072
f 1976/1981 2960/1980 1975/2915
f 2263/2323 2265/2324 69/862 1551/3457
f 2408/2307 1552/837 1553/1534 2251/2311
f 1553/1534 61/848 2254/2312 2251/2311
f 3/519 1995/2042 135/1510
f 65/855 2258/2320 2261/2322 1550/859
f 2005/2007 5/494 1555/1535 84/980
f 1502/3024 561/3023 1424/1465 1423/1464
f 1960/1973 1972/2914 1973/2916 2957/1974
f 549/439 1546/438 562/1515 561/1511
f 1960/1973 1959/1997 2913/3022 1972/2914
v 0.518169 3.334095 0.217564
v 0.474354 3.409985 0.217579
v 0.407226 3.466311 0.217590
v 0.324882 3.496283 0.217595
v 0.237253 3.496283 0.217593
v 0.154908 3.466311 0.217585
v 0.087781 3.409985 0.217572
v 0.043966 3.334096 0.217556
v 0.028749 3.247798 0.217538
v 0.043966 3.161500 0.217520
v 0.087781 3.085611 0.217505
v 0.154908 3.029284 0.217495
v 0.237253 2.999313 0.217490
v 0.324882 2.999313 0.217492
v 0.407226 3.029284 0.217499
v 0.474354 3.085611 0.217512
v 0.518169 3.161500 0.217529
v 0.533385 3.247798 0.217547
v 0.521826 3.335418 0.262055
v 0.477335 3.412477 0.262070
v 0.409172 3.469673 0.262081
v 0.325557 3.500106 0.262086
v 0.236576 3.500106 0.262084
v 0.152961 3.469673 0.262076
v 0.084798 3.412477 0.262063
v 0.040308 3.335418 0.262046
v 0.024856 3.247788 0.262028
v 0.040308 3.160159 0.262010
v 0.084798 3.083100 0.261995
v 0.152961 3.025904 0.261984
v 0.236576 2.995471 0.261980
v 0.325557 2.995471 0.261981
v 0.409172 3.025904 0.261989
v 0.477335 3.083100 0.262002
v 0.521826 3.160159 0.262019
v 0.537277 3.247788 0.262037
v 0.518167 3.334077 0.306545
v 0.474353 3.409966 0.306560
v 0.407225 3.466293 0.306571
v 0.324880 3.496264 0.306575
v 0.237251 3.496264 0.306574
v 0.154907 3.466293 0.306566
v 0.087779 3.409966 0.306553
v 0.043964 3.334077 0.306537
v 0.028748 3.247779 0.306519
v 0.043964 3.161482 0.306501
v 0.087779 3.085592 0.306486
v 0.154907 3.029266 0.306476
v 0.237251 2.999295 0.306471
v 0.324880 2.999294 0.306473
v 0.407225 3.029266 0.306480
v 0.474353 3.085592 0.306493
v 0.518167 3.161482 0.306510
v 0.533384 3.247779 0.306528
v 0.507304 3.330115 0.349683
v 0.465497 3.402527 0.349697
v 0.401444 3.456274 0.349707
v 0.322872 3.484872 0.349712
v 0.239258 3.484872 0.349710
v 0.160686 3.456274 0.349703
v 0.096633 3.402527 0.349691
v 0.054826 3.330115 0.349675
v 0.040306 3.247770 0.349657
v 0.054825 3.165426 0.349641
v 0.096633 3.093014 0.349626
v 0.160685 3.039267 0.349617
v 0.239258 3.010669 0.349612
v 0.322872 3.010669 0.349614
v 0.401444 3.039267 0.349621
v 0.465497 3.093013 0.349633
v 0.507304 3.165426 0.349649
v 0.521824 3.247770 0.349666
v 0.489568 3.323651 0.390157
v 0.451038 3.390387 0.390171
v 0.392007 3.439920 0.390180
v 0.319594 3.466276 0.390184
v 0.242534 3.466276 0.390182
v 0.170122 3.439920 0.390176
v 0.111091 3.390387 0.390164
v 0.072561 3.323651 0.390150
v 0.059180 3.247762 0.390134
v 0.072561 3.171873 0.390118
v 0.111091 3.105138 0.390105
v 0.170122 3.055604 0.390096
v 0.242534 3.029248 0.390092
v 0.319594 3.029248 0.390093
v 0.392007 3.055604 0.390100
v 0.451038 3.105137 0.390112
v 0.489568 3.171873 0.390126
v 0.502949 3.247762 0.390142
v 0.465496 3.314882 0.426739
v 0.431414 3.373913 0.426750
v 0.379198 3.417728 0.426759
v 0.315145 3.441041 0.426762
v 0.246982 3.441041 0.426761
v 0.182929 3.417728 0.426755
v 0.130713 3.373913 0.426745
v 0.096631 3.314882 0.426732
v 0.084795 3.247754 0.426718
v 0.096631 3.180627 0.426704
v 0.130713 3.121596 0.426693
v 0.182929 3.077781 0.426685
v 0.246982 3.054467 0.426681
v 0.315145 3.054467 0.426682
v 0.379198 3.077781 0.426688
v 0.431414 3.121596 0.426698
v 0.465496 3.180627 0.426711
v 0.477332 3.247754 0.426725
v 0.435820 3.304075 0.458316
v 0.407222 3.353608 0.458326
v 0.363407 3.390372 0.458332
v 0.309661 3.409935 0.458335
v 0.252465 3.409935 0.458334
v 0.198719 3.390373 0.458329
v 0.154904 3.353608 0.458321
v 0.126306 3.304075 0.458310
v 0.116374 3.247748 0.458298
v 0.126306 3.191421 0.458287
v 0.154904 3.141888 0.458277
v 0.198718 3.105123 0.458270
v 0.252465 3.085561 0.458267
v 0.309661 3.085561 0.458268
v 0.363407 3.105123 0.458273
v 0.407222 3.141888 0.458282
v 0.435820 3.191421 0.458292
v 0.445752 3.247748 0.458304
v 0.401442 3.291557 0.483929
v 0.379197 3.330087 0.483936
v 0.345115 3.358685 0.483942
v 0.303308 3.373902 0.483944
v 0.258817 3.373902 0.483943
v 0.217010 3.358685 0.483939
v 0.182928 3.330087 0.483933
v 0.160683 3.291557 0.483924
v 0.152957 3.247743 0.483915
v 0.160683 3.203928 0.483906
v 0.182928 3.165398 0.483899
v 0.217010 3.136800 0.483893
v 0.258817 3.121584 0.483891
v 0.303308 3.121584 0.483892
v 0.345115 3.136800 0.483896
v 0.379197 3.165398 0.483902
v 0.401442 3.203928 0.483911
v 0.409168 3.247743 0.483920
v 0.363407 3.277710 0.502016
v 0.348190 3.304066 0.502021
v 0.324877 3.323628 0.502024
v 0.296279 3.334036 0.502026
v 0.265846 3.334036 0.502025
v 0.237248 3.323628 0.502023
v 0.213934 3.304066 0.502018
v 0.198718 3.277710 0.502013
v 0.193433 3.247739 0.502006
v 0.198718 3.217768 0.502000
v 0.213934 3.191412 0.501995
v 0.237248 3.171850 0.501991
v 0.265845 3.161441 0.501990
v 0.296279 3.161441 0.501990
v 0.324877 3.171850 0.501993
v 0.348190 3.191412 0.501997
v 0.363407 3.217768 0.502003
v 0.368691 3.247739 0.502010
v 0.322870 3.262956 0.498935
v 0.315144 3.276337 0.498937
v 0.303307 3.286269 0.498939
v 0.288788 3.291554 0.498940
v 0.273337 3.291554 0.498940
v 0.258817 3.286269 0.498938
v 0.246981 3.276337 0.498936
v 0.239255 3.262956 0.498933
v 0.236572 3.247740 0.498930
v 0.239255 3.232523 0.498927
v 0.246981 3.219142 0.498924
v 0.258817 3.209210 0.498922
v 0.273337 3.203925 0.498922
v 0.288788 3.203925 0.498922
v 0.303307 3.209210 0.498923
v 0.315144 3.219142 0.498925
v 0.322870 3.232523 0.498928
v 0.325553 3.247740 0.498931
v 0.281062 3.247741 0.491816
vt 0.958942 0.698908
vt 0.862530 0.843755
vt 0.821774 0.805102
vt 0.907425 0.676525
vt 0.722391 0.946893
vt 0.697314 0.896631
vt 0.555429 0.995880
vt 0.549054 0.940072
vt 0.381781 0.984808
vt 0.394878 0.930186
vt 0.222392 0.915013
vt 0.253381 0.868165
vt 0.096487 0.794913
vt 0.141629 0.761489
vt 0.019251 0.638994
vt 0.073103 0.623025
vt -0.000000 0.466062
vt 0.056066 0.469474
vt 0.041057 0.296974
vt 0.092575 0.319356
vt 0.137469 0.152126
vt 0.178225 0.190778
vt 0.277608 0.048988
vt 0.302686 0.099249
vt 0.444571 0.000000
vt 0.450946 0.055807
vt 0.618220 0.011072
vt 0.605123 0.065693
vt 0.777610 0.080867
vt 0.746621 0.127715
vt 0.903515 0.200968
vt 0.858372 0.234392
vt 0.980750 0.356888
vt 0.926898 0.372857
vt 1.000000 0.529821
vt 0.943934 0.526408
vt 0.783062 0.768554
vt 0.858547 0.655421
vt 0.673436 0.849047
vt 0.542891 0.887191
vt 0.407173 0.878386
vt 0.282651 0.823694
vt 0.184345 0.729711
vt 0.124111 0.607773
vt 0.109215 0.472587
vt 0.141453 0.340460
vt 0.216937 0.227327
vt 0.326564 0.146833
vt 0.457109 0.108689
vt 0.592827 0.117494
vt 0.717350 0.172186
vt 0.815656 0.266170
vt 0.875890 0.388108
vt 0.890785 0.523294
vt 0.745658 0.733304
vt 0.811343 0.635090
vt 0.650344 0.803130
vt 0.536896 0.836145
vt 0.418998 0.828368
vt 0.310870 0.780737
vt 0.225554 0.698996
vt 0.173340 0.593005
vt 0.160526 0.475547
vt 0.188657 0.360791
vt 0.254341 0.262576
vt 0.349656 0.192750
vt 0.463104 0.159734
vt 0.581002 0.167511
vt 0.689131 0.215143
vt 0.774447 0.296884
vt 0.826661 0.402876
vt 0.839474 0.520333
vt 0.709140 0.698864
vt 0.765247 0.615217
vt 0.627807 0.758277
vt 0.531059 0.786289
vt 0.430565 0.779522
vt 0.338446 0.738792
vt 0.265812 0.669013
vt 0.221425 0.578599
vt 0.210638 0.478456
vt 0.234753 0.380663
vt 0.290860 0.297016
vt 0.372193 0.237603
vt 0.468941 0.209590
vt 0.569436 0.216357
vt 0.661555 0.257087
vt 0.734189 0.326867
vt 0.778575 0.417281
vt 0.789362 0.517424
vt 0.673257 0.664923
vt 0.719920 0.595595
vt 0.605696 0.714110
vt 0.525388 0.737223
vt 0.442017 0.731476
vt 0.365640 0.697561
vt 0.305468 0.639568
vt 0.268760 0.564493
vt 0.259943 0.481391
vt 0.280080 0.400285
vt 0.326743 0.330957
vt 0.394304 0.281770
vt 0.474613 0.258656
vt 0.557984 0.264403
vt 0.634361 0.298319
vt 0.694532 0.356312
vt 0.731240 0.431387
vt 0.740057 0.514489
vt 0.637851 0.631271
vt 0.675140 0.576082
vt 0.583936 0.670378
vt 0.519896 0.688686
vt 0.453457 0.683988
vt 0.392632 0.656849
vt 0.344757 0.610544
vt 0.315606 0.550657
vt 0.308696 0.484411
vt 0.324860 0.419797
vt 0.362149 0.364608
vt 0.416064 0.325501
vt 0.480104 0.307193
vt 0.546543 0.311891
vt 0.607368 0.339030
vt 0.655244 0.385336
vt 0.684394 0.445223
vt 0.691304 0.511469
vt 0.602804 0.597748
vt 0.630741 0.556568
vt 0.562468 0.626890
vt 0.514597 0.640479
vt 0.464965 0.636875
vt 0.419560 0.616513
vt 0.383856 0.581850
vt 0.362161 0.537066
vt 0.357092 0.487563
vt 0.369259 0.439311
vt 0.397196 0.398131
vt 0.437532 0.368989
vt 0.485403 0.355401
vt 0.535035 0.359004
vt 0.580441 0.379366
vt 0.616144 0.414029
vt 0.637839 0.458813
vt 0.642908 0.508316
vt 0.568256 0.564440
vt 0.586884 0.537085
vt 0.541395 0.583775
vt 0.509541 0.592756
vt 0.476537 0.590301
vt 0.446362 0.576706
vt 0.422657 0.553610
vt 0.408281 0.523800
vt 0.404967 0.490871
vt 0.413116 0.458794
vt 0.431745 0.431439
vt 0.458605 0.412104
vt 0.490459 0.403123
vt 0.523464 0.405578
vt 0.553638 0.419173
vt 0.577343 0.442269
vt 0.591719 0.472079
vt 0.595033 0.505008
vt 0.534697 0.531753
vt 0.544169 0.517847
vt 0.521039 0.541581
vt 0.504844 0.546145
vt 0.488065 0.544895
vt 0.472725 0.537981
vt 0.460675 0.526237
vt 0.453368 0.511081
vt 0.451686 0.494339
vt 0.455831 0.478032
vt 0.465304 0.464126
vt 0.478961 0.454298
vt 0.495156 0.449734
vt 0.511935 0.450985
vt 0.527275 0.457898
vt 0.539325 0.469642
vt 0.546632 0.484799
vt 0.548314 0.501540
vt 0.500000 0.497940
usemtl R_eyeballSG
f 3249/3809 3250/3810 3268/3811 3267/3812
f 3250/3810 3251/3813 3269/3814 3268/3811
f 3251/3813 3252/3815 3270/3816 3269/3814
f 3252/3815 3253/3817 3271/3818 3270/3816
f 3253/3817 3254/3819 3272/3820 3271/3818
f 3254/3819 3255/3821 3273/3822 3272/3820
f 3255/3821 3256/3823 3274/3824 3273/3822
f 3256/3823 3257/3825 3275/3826 3274/3824
f 3257/3825 3258/3827 3276/3828 3275/3826
f 3258/3827 3259/3829 3277/3830 3276/3828
f 3259/3829 3260/3831 3278/3832 3277/3830
f 3260/3831 3261/3833 3279/3834 3278/3832
f 3261/3833 3262/3835 3280/3836 3279/3834
f 3262/3835 3263/3837 3281/3838 3280/3836
f 3263/3837 3264/3839 3282/3840 3281/3838
f 3264/3839 3265/3841 3283/3842 3282/3840
f 3265/3841 3266/3843 3284/3844 3283/3842
f 3266/3843 3249/3809 3267/3812 3284/3844
f 3267/3812 3268/3811 3286/3845 3285/3846
f 3268/3811 3269/3814 3287/3847 3286/3845
f 3269/3814 3270/3816 3288/3848 3287/3847
f 3270/3816 3271/3818 3289/3849 3288/3848
f 3271/3818 3272/3820 3290/3850 3289/3849
f 3272/3820 3273/3822 3291/3851 3290/3850
f 3273/3822 3274/3824 3292/3852 3291/3851
f 3274/3824 3275/3826 3293/3853 3292/3852
f 3275/3826 3276/3828 3294/3854 3293/3853
f 3276/3828 3277/3830 3295/3855 3294/3854
f 3277/3830 3278/3832 3296/3856 3295/3855
f 3278/3832 3279/3834 3297/3857 3296/3856
f 3279/3834 3280/3836 3298/3858 3297/3857
f 3280/3836 3281/3838 3299/3859 3298/3858
f 3281/3838 3282/3840 3300/3860 3299/3859
f 3282/3840 3283/3842 3301/3861 3300/3860
f 3283/3842 3284/3844 3302/3862 3301/3861
f 3284/3844 3267/3812 3285/3846 3302/3862
f 3285/3846 3286/3845 3304/3863 3303/3864
f 3286/3845 3287/3847 3305/3865 3304/3863
f 3287/3847 3288/3848 3306/3866 3305/3865
f 3288/3848 3289/3849 3307/3867 3306/3866
f 3289/3849 3290/3850 3308/3868 3307/3867
f 3290/3850 3291/3851 3309/3869 3308/3868
f 3291/3851 3292/3852 3310/3870 3309/3869
f 3292/3852 3293/3853 3311/3871 3310/3870
f 3293/3853 3294/3854 3312/3872 3311/3871
f 3294/3854 3295/3855 3313/3873 3312/3872
f 3295/3855 3296/3856 3314/3874 3313/3873
f 3296/3856 3297/3857 3315/3875 3314/3874
f 3297/3857 3298/3858 3316/3876 3315/3875
f 3298/3858 3299/3859 3317/3877 3316/3876
f 3299/3859 3300/3860 3318/3878 3317/3877
f 3300/3860 3301/3861 3319/3879 3318/3878
f 3301/3861 3302/3862 3320/3880 3319/3879
f 3302/3862 3285/3846 3303/3864 3320/3880
f 3303/3864 3304/3863 3322/3881 3321/3882
f 3304/3863 3305/3865 3323/3883 3322/3881
f 3305/3865 3306/3866 3324/3884 3323/3883
f 3306/3866 3307/3867 3325/3885 3324/3884
f 3307/3867 3308/3868 3326/3886 3325/3885
f 3308/3868 3309/3869 3327/3887 3326/3886
f 3309/3869 3310/3870 3328/3888 3327/3887
f 3310/3870 3311/3871 3329/3889 3328/3888
f 3311/3871 3312/3872 3330/3890 3329/3889
f 3312/3872 3313/3873 3331/3891 3330/3890
f 3313/3873 3314/3874 3332/3892 3331/3891
f 3314/3874 3315/3875 3333/3893 3332/3892
f 3315/3875 3316/3876 3334/3894 3333/3893
f 3316/3876 3317/3877 3335/3895 3334/3894
f 3317/3877 3318/3878 3336/3896 3335/3895
f 3318/3878 3319/3879 3337/3897 3336/3896
f 3319/3879 3320/3880 3338/3898 3337/3897
f 3320/3880 3303/3864 3321/3882 3338/3898
f 3321/3882 3322/3881 3340/3899 3339/3900
f 3322/3881 3323/3883 3341/3901 3340/3899
f 3323/3883 3324/3884 3342/3902 3341/3901
f 3324/3884 3325/3885 3343/3903 3342/3902
f 3325/3885 3326/3886 3344/3904 3343/3903
f 3326/3886 3327/3887 3345/3905 3344/3904
f 3327/3887 3328/3888 3346/3906 3345/3905
f 3328/3888 3329/3889 3347/3907 3346/3906
f 3329/3889 3330/3890 3348/3908 3347/3907
f 3330/3890 3331/3891 3349/3909 3348/3908
f 3331/3891 3332/3892 3350/3910 3349/3909
f 3332/3892 3333/3893 3351/3911 3350/3910
f 3333/3893 3334/3894 3352/3912 3351/3911
f 3334/3894 3335/3895 3353/3913 3352/3912
f 3335/3895 3336/3896 3354/3914 3353/3913
f 3336/3896 3337/3897 3355/3915 3354/3914
f 3337/3897 3338/3898 3356/3916 3355/3915
f 3338/3898 3321/3882 3339/3900 3356/3916
f 3339/3900 3340/3899 3358/3917 3357/3918
f 3340/3899 3341/3901 3359/3919 3358/3917
f 3341/3901 3342/3902 3360/3920 3359/3919
f 3342/3902 3343/3903 3361/3921 3360/3920
f 3343/3903 3344/3904 3362/3922 3361/3921
f 3344/3904 3345/3905 3363/3923 3362/3922
f 3345/3905 3346/3906 3364/3924 3363/3923
f 3346/3906 3347/3907 3365/3925 3364/3924
f 3347/3907 3348/3908 3366/3926 3365/3925
f 3348/3908 3349/3909 3367/3927 3366/3926
f 3349/3909 3350/3910 3368/3928 3367/3927
f 3350/3910 3351/3911 3369/3929 3368/3928
f 3351/3911 3352/3912 3370/3930 3369/3929
f 3352/3912 3353/3913 3371/3931 3370/3930
f 3353/3913 3354/3914 3372/3932 3371/3931
f 3354/3914 3355/3915 3373/3933 3372/3932
f 3355/3915 3356/3916 3374/3934 3373/3933
f 3356/3916 3339/3900 3357/3918 3374/3934
f 3357/3918 3358/3917 3376/3935 3375/3936
f 3358/3917 3359/3919 3377/3937 3376/3935
f 3359/3919 3360/3920 3378/3938 3377/3937
f 3360/3920 3361/3921 3379/3939 3378/3938
f 3361/3921 3362/3922 3380/3940 3379/3939
f 3362/3922 3363/3923 3381/3941 3380/3940
f 3363/3923 3364/3924 3382/3942 3381/3941
f 3364/3924 3365/3925 3383/3943 3382/3942
f 3365/3925 3366/3926 3384/3944 3383/3943
f 3366/3926 3367/3927 3385/3945 3384/3944
f 3367/3927 3368/3928 3386/3946 3385/3945
f 3368/3928 3369/3929 3387/3947 3386/3946
f 3369/3929 3370/3930 3388/3948 3387/3947
f 3370/3930 3371/3931 3389/3949 3388/3948
f 3371/3931 3372/3932 3390/3950 3389/3949
f 3372/3932 3373/3933 3391/3951 3390/3950
f 3373/3933 3374/3934 3392/3952 3391/3951
f 3374/3934 3357/3918 3375/3936 3392/3952
f 3375/3936 3376/3935 3394/3953 3393/3954
f 3376/3935 3377/3937 3395/3955 3394/3953
f 3377/3937 3378/3938 3396/3956 3395/3955
f 3378/3938 3379/3939 3397/3957 3396/3956
f 3379/3939 3380/3940 3398/3958 3397/3957
f 3380/3940 3381/3941 3399/3959 3398/3958
f 3381/3941 3382/3942 3400/3960 3399/3959
f 3382/3942 3383/3943 3401/3961 3400/3960
f 3383/3943 3384/3944 3402/3962 3401/3961
f 3384/3944 3385/3945 3403/3963 3402/3962
f 3385/3945 3386/3946 3404/3964 3403/3963
f 3386/3946 3387/3947 3405/3965 3404/3964
f 3387/3947 3388/3948 3406/3966 3405/3965
f 3388/3948 3389/3949 3407/3967 3406/3966
f 3389/3949 3390/3950 3408/3968 3407/3967
f 3390/3950 3391/3951 3409/3969 3408/3968
f 3391/3951 3392/3952 3410/3970 3409/3969
f 3392/3952 3375/3936 3393/3954 3410/3970
f 3393/3954 3394/3953 3412/3971 3411/3972
f 3394/3953 3395/3955 3413/3973 3412/3971
f 3395/3955 3396/3956 3414/3974 3413/3973
f 3396/3956 3397/3957 3415/3975 3414/3974
f 3397/3957 3398/3958 3416/3976 3415/3975
f 3398/3958 3399/3959 3417/3977 3416/3976
f 3399/3959 3400/3960 3418/3978 3417/3977
f 3400/3960 3401/3961 3419/3979 3418/3978
f 3401/3961 3402/3962 3420/3980 3419/3979
f 3402/3962 3403/3963 3421/3981 3420/3980
f 3403/3963 3404/3964 3422/3982 3421/3981
f 3404/3964 3405/3965 3423/3983 3422/3982
f 3405/3965 3406/3966 3424/3984 3423/3983
f 3406/3966 3407/3967 3425/3985 3424/3984
f 3407/3967 3408/3968 3426/3986 3425/3985
f 3408/3968 3409/3969 3427/3987 3426/3986
f 3409/3969 3410/3970 3428/3988 3427/3987
f 3410/3970 3393/3954 3411/3972 3428/3988
f 3411/3972 3412/3971 3429/3989
f 3412/3971 3413/3973 3429/3989
f 3413/3973 3414/3974 3429/3989
f 3414/3974 3415/3975 3429/3989
f 3415/3975 3416/3976 3429/3989
f 3416/3976 3417/3977 3429/3989
f 3417/3977 3418/3978 3429/3989
f 3418/3978 3419/3979 3429/3989
f 3419/3979 3420/3980 3429/3989
f 3420/3980 3421/3981 3429/3989
f 3421/3981 3422/3982 3429/3989
f 3422/3982 3423/3983 3429/3989
f 3423/3983 3424/3984 3429/3989
f 3424/3984 3425/3985 3429/3989
f 3425/3985 3426/3986 3429/3989
f 3426/3986 3427/3987 3429/3989
f 3427/3987 3428/3988 3429/3989
f 3428/3988 3411/3972 3429/3989
v 0.106565 3.215095 0.621146
v 0.136976 3.099054 0.621142
v 0.220058 3.014105 0.621131
v 0.333552 2.983012 0.621116
v 0.447046 3.014105 0.621102
v 0.530129 3.099054 0.621091
v 0.560540 3.215095 0.621087
v 0.106567 3.215095 0.636606
v 0.136978 3.099054 0.636602
v 0.220060 3.014105 0.636591
v 0.333554 2.983012 0.636577
v 0.447048 3.014105 0.636562
v 0.530131 3.099054 0.636551
v 0.560542 3.215095 0.636547
v 0.560541 3.215095 0.628282
v 0.530130 3.099054 0.628286
v 0.447047 3.014105 0.628297
v 0.333553 2.983012 0.628311
v 0.220059 3.014105 0.628326
v 0.136977 3.099054 0.628337
v 0.106566 3.215095 0.628341
v 0.112673 3.215095 0.621353
v 0.112674 3.215095 0.628354
v 0.142265 3.102177 0.621349
v 0.142266 3.102177 0.628350
v 0.223113 3.019513 0.621339
v 0.223113 3.019513 0.628340
v 0.333552 2.989257 0.621324
v 0.333553 2.989257 0.628326
v 0.443992 3.019513 0.621310
v 0.443993 3.019513 0.628311
v 0.524840 3.102177 0.621300
v 0.524840 3.102177 0.628301
v 0.554432 3.215095 0.621296
v 0.554433 3.215095 0.628297
v 0.554434 3.215095 0.636340
v 0.524841 3.102177 0.636344
v 0.443994 3.019513 0.636355
v 0.333554 2.989257 0.636369
v 0.223115 3.019513 0.636383
v 0.142267 3.102177 0.636394
v 0.112675 3.215095 0.636397
v 0.315751 3.215095 0.628328
v 0.318136 3.205994 0.628328
v 0.324652 3.199331 0.628327
v 0.333553 3.196893 0.628326
v 0.342454 3.199331 0.628324
v 0.348970 3.205994 0.628324
v 0.351355 3.215095 0.628323
v 0.112674 3.215095 0.628354
v 0.554433 3.215095 0.628297
v 0.315751 3.215095 0.628328
v 0.351355 3.215095 0.628323
v 0.320521 3.215095 0.628327
v 0.328783 3.215095 0.628326
v 0.338323 3.215095 0.628325
v 0.346585 3.215095 0.628324
v 0.106565 3.215095 0.621146
v 0.136976 3.331135 0.621142
v 0.220058 3.416085 0.621131
v 0.333552 3.447178 0.621116
v 0.447046 3.416085 0.621102
v 0.530129 3.331135 0.621091
v 0.560540 3.215095 0.621087
v 0.106567 3.215095 0.636606
v 0.136978 3.331135 0.636602
v 0.220060 3.416085 0.636591
v 0.333554 3.447178 0.636577
v 0.447048 3.416085 0.636562
v 0.530131 3.331135 0.636551
v 0.560542 3.215095 0.636547
v 0.560541 3.215095 0.628282
v 0.530130 3.331135 0.628286
v 0.447047 3.416085 0.628297
v 0.333553 3.447177 0.628311
v 0.220059 3.416085 0.628326
v 0.136977 3.331135 0.628337
v 0.106566 3.215095 0.628341
v 0.112673 3.215095 0.621353
v 0.112674 3.215095 0.628354
v 0.142265 3.328013 0.621349
v 0.142266 3.328013 0.628350
v 0.223113 3.410676 0.621339
v 0.223113 3.410676 0.628340
v 0.333552 3.440932 0.621324
v 0.333553 3.440932 0.628326
v 0.443992 3.410676 0.621310
v 0.443993 3.410676 0.628311
v 0.524840 3.328013 0.621300
v 0.524840 3.328013 0.628301
v 0.554432 3.215095 0.621296
v 0.554433 3.215095 0.628297
v 0.554434 3.215095 0.636340
v 0.524841 3.328013 0.636344
v 0.443994 3.410676 0.636355
v 0.333554 3.440932 0.636369
v 0.223115 3.410676 0.636383
v 0.142267 3.328013 0.636394
v 0.112675 3.215095 0.636397
v 0.315751 3.215095 0.628328
v 0.318136 3.224196 0.628328
v 0.324652 3.230858 0.628327
v 0.333553 3.233296 0.628326
v 0.342454 3.230858 0.628324
v 0.348970 3.224196 0.628324
v 0.351355 3.215095 0.628323
v 0.112674 3.215095 0.628354
v 0.554433 3.215095 0.628297
v 0.315751 3.215095 0.628328
v 0.351355 3.215095 0.628323
v 0.320521 3.215095 0.628327
v 0.328783 3.215095 0.628326
v 0.338323 3.215095 0.628325
v 0.346585 3.215095 0.628324
v -0.106318 3.215095 0.621173
v -0.136729 3.099054 0.621177
v -0.219811 3.014105 0.621188
v -0.333305 2.983012 0.621203
v -0.446799 3.014105 0.621217
v -0.529882 3.099054 0.621228
v -0.560293 3.215095 0.621232
v -0.106316 3.215095 0.636634
v -0.136727 3.099054 0.636638
v -0.219809 3.014105 0.636648
v -0.333303 2.983012 0.636663
v -0.446797 3.014105 0.636678
v -0.529880 3.099054 0.636688
v -0.560291 3.215095 0.636692
v -0.560292 3.215095 0.628427
v -0.529881 3.099054 0.628423
v -0.446798 3.014105 0.628412
v -0.333304 2.983012 0.628398
v -0.219810 3.014105 0.628383
v -0.136728 3.099054 0.628372
v -0.106317 3.215095 0.628368
v -0.112426 3.215095 0.621382
v -0.112425 3.215095 0.628383
v -0.142018 3.102177 0.621386
v -0.142017 3.102177 0.628387
v -0.222865 3.019513 0.621396
v -0.222865 3.019513 0.628398
v -0.333305 2.989257 0.621411
v -0.333304 2.989257 0.628412
v -0.443745 3.019513 0.621425
v -0.443744 3.019513 0.628426
v -0.524592 3.102177 0.621435
v -0.524591 3.102177 0.628437
v -0.554185 3.215095 0.621439
v -0.554184 3.215095 0.628440
v -0.554183 3.215095 0.636484
v -0.524590 3.102177 0.636480
v -0.443743 3.019513 0.636469
v -0.333303 2.989257 0.636455
v -0.222863 3.019513 0.636441
v -0.142016 3.102177 0.636430
v -0.112424 3.215095 0.636427
v -0.315502 3.215095 0.628410
v -0.317887 3.205994 0.628410
v -0.324403 3.199331 0.628411
v -0.333304 3.196893 0.628412
v -0.342206 3.199331 0.628413
v -0.348722 3.205994 0.628414
v -0.351107 3.215095 0.628414
v -0.112425 3.215095 0.628383
v -0.554184 3.215095 0.628440
v -0.315502 3.215095 0.628410
v -0.351107 3.215095 0.628414
v -0.320272 3.215095 0.628410
v -0.328534 3.215095 0.628411
v -0.338074 3.215095 0.628412
v -0.346336 3.215095 0.628413
v -0.106318 3.215095 0.621173
v -0.136729 3.331135 0.621177
v -0.219811 3.416085 0.621188
v -0.333305 3.447178 0.621203
v -0.446799 3.416085 0.621217
v -0.529882 3.331135 0.621228
v -0.560293 3.215095 0.621232
v -0.106316 3.215095 0.636634
v -0.136727 3.331135 0.636638
v -0.219809 3.416085 0.636648
v -0.333303 3.447178 0.636663
v -0.446797 3.416085 0.636678
v -0.529880 3.331135 0.636688
v -0.560291 3.215095 0.636692
v -0.560292 3.215095 0.628427
v -0.529881 3.331135 0.628423
v -0.446798 3.416085 0.628412
v -0.333304 3.447177 0.628398
v -0.219810 3.416085 0.628383
v -0.136728 3.331135 0.628372
v -0.106317 3.215095 0.628368
v -0.112426 3.215095 0.621382
v -0.112425 3.215095 0.628383
v -0.142018 3.328013 0.621386
v -0.142017 3.328013 0.628387
v -0.222865 3.410676 0.621396
v -0.222865 3.410676 0.628398
v -0.333305 3.440932 0.621411
v -0.333304 3.440932 0.628412
v -0.443745 3.410676 0.621425
v -0.443744 3.410676 0.628426
v -0.524592 3.328013 0.621435
v -0.524591 3.328013 0.628437
v -0.554185 3.215095 0.621439
v -0.554184 3.215095 0.628440
v -0.554183 3.215095 0.636484
v -0.524590 3.328013 0.636480
v -0.443743 3.410676 0.636469
v -0.333303 3.440932 0.636455
v -0.222863 3.410676 0.636441
v -0.142016 3.328013 0.636430
v -0.112424 3.215095 0.636427
v -0.315502 3.215095 0.628410
v -0.317887 3.224196 0.628410
v -0.324403 3.230858 0.628411
v -0.333304 3.233296 0.628412
v -0.342206 3.230858 0.628413
v -0.348722 3.224196 0.628414
v -0.351107 3.215095 0.628414
v -0.112425 3.215095 0.628383
v -0.554184 3.215095 0.628440
v -0.315502 3.215095 0.628410
v -0.351107 3.215095 0.628414
v -0.320272 3.215095 0.628410
v -0.328534 3.215095 0.628411
v -0.338074 3.215095 0.628412
v -0.346336 3.215095 0.628413
v 0.042038 3.233590 0.633632
v 0.042040 3.233590 0.649093
v -0.041788 3.233590 0.633643
v -0.041786 3.233590 0.649104
v 0.000125 3.237310 0.633638
v 0.000127 3.237310 0.649098
v 0.110056 3.227585 0.621145
v 0.110057 3.227585 0.628340
v 0.042039 3.246081 0.640827
v 0.042038 3.246081 0.633632
v 0.110058 3.227585 0.636606
v 0.042040 3.246081 0.649093
v -0.109425 3.227585 0.621174
v -0.109424 3.227585 0.628369
v -0.041788 3.246081 0.633643
v -0.041787 3.246081 0.640838
v -0.109423 3.227585 0.636634
v -0.041786 3.246081 0.649104
v 0.000126 3.249800 0.640833
v 0.000125 3.249800 0.633638
v 0.000127 3.249800 0.649098
vt 0.479167 0.312500
vt 0.500000 0.312500
vt 0.520833 0.312500
vt 0.541667 0.312500
vt 0.562500 0.312500
vt 0.583333 0.312500
vt 0.604167 0.312500
vt 0.479167 0.687500
vt 0.500000 0.687500
vt 0.520833 0.687500
vt 0.541667 0.687500
vt 0.562500 0.687500
vt 0.583333 0.687500
vt 0.604167 0.687500
vt 0.604167 0.488695
vt 0.583333 0.488695
vt 0.562500 0.488695
vt 0.541667 0.488695
vt 0.520833 0.488695
vt 0.500000 0.488695
vt 0.479167 0.488695
vt 0.479167 0.312500
vt 0.479167 0.488695
vt 0.500000 0.312500
vt 0.500000 0.488695
vt 0.520833 0.312500
vt 0.520833 0.488695
vt 0.541667 0.312500
vt 0.541667 0.488695
vt 0.562500 0.312500
vt 0.562500 0.488695
vt 0.583333 0.312500
vt 0.583333 0.488695
vt 0.604167 0.312500
vt 0.604167 0.488695
vt 0.604167 0.687500
vt 0.583333 0.687500
vt 0.562500 0.687500
vt 0.541667 0.687500
vt 0.520833 0.687500
vt 0.500000 0.687500
vt 0.479167 0.687500
vt 0.479167 0.312500
vt 0.500000 0.312500
vt 0.520833 0.312500
vt 0.541667 0.312500
vt 0.562500 0.312500
vt 0.583333 0.312500
vt 0.604167 0.312500
vt 0.604167 0.687500
vt 0.583333 0.687500
vt 0.562500 0.687500
vt 0.541667 0.687500
vt 0.520833 0.687500
vt 0.500000 0.687500
vt 0.479167 0.687500
vt 0.500000 0.488695
vt 0.479167 0.488695
vt 0.520833 0.488695
vt 0.500000 0.488695
vt 0.541667 0.488695
vt 0.520833 0.488695
vt 0.562500 0.488695
vt 0.541667 0.488695
vt 0.583333 0.488695
vt 0.562500 0.488695
vt 0.604167 0.488695
vt 0.583333 0.488695
vt 0.479167 0.488695
vt 0.479167 0.488695
vt 0.500000 0.488695
vt 0.604167 0.488695
vt 0.604167 0.488695
vt 0.604167 0.488695
vt 0.479167 0.488695
vt 0.479167 0.488695
vt 0.583333 0.488695
vt 0.604166 0.488695
vt 0.477124 0.488695
vt 0.472490 0.488695
vt 0.463516 0.488695
vt 0.443631 0.488695
vt 0.479167 0.312500
vt 0.479167 0.488695
vt 0.479167 0.488695
vt 0.500000 0.488695
vt 0.500000 0.312500
vt 0.520833 0.488695
vt 0.520833 0.312500
vt 0.541667 0.488695
vt 0.541667 0.312500
vt 0.562500 0.488695
vt 0.562500 0.312500
vt 0.583333 0.488695
vt 0.583333 0.312500
vt 0.604167 0.488695
vt 0.604167 0.488695
vt 0.604167 0.312500
vt 0.583333 0.687500
vt 0.604167 0.687500
vt 0.604167 0.488695
vt 0.562500 0.687500
vt 0.541667 0.687500
vt 0.520833 0.687500
vt 0.500000 0.687500
vt 0.479167 0.687500
vt 0.479167 0.488695
vt 0.479167 0.312500
vt 0.500000 0.312500
vt 0.500000 0.488695
vt 0.479167 0.488695
vt 0.520833 0.312500
vt 0.520833 0.488695
vt 0.541667 0.312500
vt 0.541667 0.488695
vt 0.562500 0.312500
vt 0.562500 0.488695
vt 0.583333 0.312500
vt 0.583333 0.488695
vt 0.604167 0.312500
vt 0.604167 0.488695
vt 0.604167 0.687500
vt 0.583333 0.687500
vt 0.562500 0.687500
vt 0.541667 0.687500
vt 0.520833 0.687500
vt 0.500000 0.687500
vt 0.479167 0.687500
vt 0.479167 0.312500
vt 0.500000 0.312500
vt 0.520833 0.312500
vt 0.541667 0.312500
vt 0.562500 0.312500
vt 0.583333 0.312500
vt 0.604167 0.312500
vt 0.604167 0.687500
vt 0.583333 0.687500
vt 0.562500 0.687500
vt 0.541667 0.687500
vt 0.520833 0.687500
vt 0.500000 0.687500
vt 0.479167 0.687500
vt 0.479167 0.488695
vt 0.479167 0.488695
vt 0.500000 0.488695
vt 0.500000 0.488695
vt 0.500000 0.488695
vt 0.520833 0.488695
vt 0.520833 0.488695
vt 0.541667 0.488695
vt 0.541667 0.488695
vt 0.562500 0.488695
vt 0.562500 0.488695
vt 0.583333 0.488695
vt 0.583333 0.488695
vt 0.583333 0.488695
vt 0.604167 0.488695
vt 0.604167 0.488695
vt 0.472490 0.488695
vt 0.477124 0.488695
vt 0.479167 0.488695
vt 0.463516 0.488695
vt 0.443631 0.488695
vt 0.604166 0.488695
vt 0.479167 0.312500
vt 0.479167 0.488695
vt 0.479167 0.488695
vt 0.500000 0.488695
vt 0.500000 0.312500
vt 0.520833 0.488695
vt 0.520833 0.312500
vt 0.541667 0.488695
vt 0.541667 0.312500
vt 0.562500 0.488695
vt 0.562500 0.312500
vt 0.583333 0.488695
vt 0.583333 0.312500
vt 0.604167 0.488695
vt 0.604167 0.488695
vt 0.604167 0.312500
vt 0.583333 0.687500
vt 0.604167 0.687500
vt 0.604167 0.488695
vt 0.562500 0.687500
vt 0.541667 0.687500
vt 0.520833 0.687500
vt 0.500000 0.687500
vt 0.479167 0.687500
vt 0.479167 0.488695
vt 0.479167 0.312500
vt 0.500000 0.312500
vt 0.500000 0.488695
vt 0.479167 0.488695
vt 0.520833 0.312500
vt 0.520833 0.488695
vt 0.541667 0.312500
vt 0.541667 0.488695
vt 0.562500 0.312500
vt 0.562500 0.488695
vt 0.583333 0.312500
vt 0.583333 0.488695
vt 0.604167 0.312500
vt 0.604167 0.488695
vt 0.604167 0.687500
vt 0.583333 0.687500
vt 0.562500 0.687500
vt 0.541667 0.687500
vt 0.520833 0.687500
vt 0.500000 0.687500
vt 0.479167 0.687500
vt 0.479167 0.312500
vt 0.500000 0.312500
vt 0.520833 0.312500
vt 0.541667 0.312500
vt 0.562500 0.312500
vt 0.583333 0.312500
vt 0.604167 0.312500
vt 0.604167 0.687500
vt 0.583333 0.687500
vt 0.562500 0.687500
vt 0.541667 0.687500
vt 0.520833 0.687500
vt 0.500000 0.687500
vt 0.479167 0.687500
vt 0.479167 0.488695
vt 0.479167 0.488695
vt 0.500000 0.488695
vt 0.500000 0.488695
vt 0.500000 0.488695
vt 0.520833 0.488695
vt 0.520833 0.488695
vt 0.541667 0.488695
vt 0.541667 0.488695
vt 0.562500 0.488695
vt 0.562500 0.488695
vt 0.583333 0.488695
vt 0.583333 0.488695
vt 0.583333 0.488695
vt 0.604167 0.488695
vt 0.604167 0.488695
vt 0.472490 0.488695
vt 0.477124 0.488695
vt 0.479167 0.488695
vt 0.463516 0.488695
vt 0.443631 0.488695
vt 0.604166 0.488695
vt 0.479167 0.312500
vt 0.500000 0.312500
vt 0.500000 0.488695
vt 0.479167 0.488695
vt 0.479167 0.488695
vt 0.520833 0.312500
vt 0.520833 0.488695
vt 0.541667 0.312500
vt 0.541667 0.488695
vt 0.562500 0.312500
vt 0.562500 0.488695
vt 0.583333 0.312500
vt 0.583333 0.488695
vt 0.604167 0.312500
vt 0.604167 0.488695
vt 0.604167 0.488695
vt 0.604167 0.488695
vt 0.604167 0.687500
vt 0.583333 0.687500
vt 0.562500 0.687500
vt 0.541667 0.687500
vt 0.520833 0.687500
vt 0.500000 0.687500
vt 0.479167 0.488695
vt 0.479167 0.687500
vt 0.479167 0.312500
vt 0.479167 0.488695
vt 0.500000 0.488695
vt 0.500000 0.312500
vt 0.520833 0.488695
vt 0.520833 0.312500
vt 0.541667 0.488695
vt 0.541667 0.312500
vt 0.562500 0.488695
vt 0.562500 0.312500
vt 0.583333 0.488695
vt 0.583333 0.312500
vt 0.604167 0.488695
vt 0.604167 0.312500
vt 0.583333 0.687500
vt 0.604167 0.687500
vt 0.562500 0.687500
vt 0.541667 0.687500
vt 0.520833 0.687500
vt 0.500000 0.687500
vt 0.479167 0.687500
vt 0.479167 0.312500
vt 0.500000 0.312500
vt 0.520833 0.312500
vt 0.541667 0.312500
vt 0.562500 0.312500
vt 0.583333 0.312500
vt 0.604167 0.312500
vt 0.604167 0.687500
vt 0.583333 0.687500
vt 0.562500 0.687500
vt 0.541667 0.687500
vt 0.520833 0.687500
vt 0.500000 0.687500
vt 0.479167 0.687500
vt 0.500000 0.488695
vt 0.500000 0.488695
vt 0.479167 0.488695
vt 0.479167 0.488695
vt 0.520833 0.488695
vt 0.500000 0.488695
vt 0.541667 0.488695
vt 0.520833 0.488695
vt 0.562500 0.488695
vt 0.541667 0.488695
vt 0.583333 0.488695
vt 0.562500 0.488695
vt 0.604167 0.488695
vt 0.604167 0.488695
vt 0.583333 0.488695
vt 0.583333 0.488695
vt 0.477124 0.488695
vt 0.472490 0.488695
vt 0.479167 0.488695
vt 0.463516 0.488695
vt 0.443631 0.488695
vt 0.604166 0.488695
vt 0.479167 0.312500
vt 0.479167 0.488695
vt 0.479167 0.488695
vt 0.479167 0.687500
vt 0.479167 0.312500
vt 0.479167 0.488695
vt 0.479167 0.488695
vt 0.479167 0.687500
vt 0.479167 0.312500
vt 0.479167 0.312500
vt 0.479167 0.687500
vt 0.479167 0.687500
vt 0.479167 0.312500
vt 0.479167 0.312500
vt 0.479167 0.687500
vt 0.479167 0.687500
vt 0.479167 0.488695
vt 0.479167 0.488695
vt 0.479167 0.312500
vt 0.479167 0.488695
vt 0.479167 0.687500
vt 0.479167 0.488695
vt 0.479167 0.488695
vt 0.479167 0.312500
vt 0.479167 0.488695
vt 0.479167 0.687500
vt 0.479167 0.312500
vt 0.479167 0.687500
vt 0.479167 0.312500
vt 0.479167 0.312500
vt 0.479167 0.687500
vt 0.479167 0.687500
vt 0.479167 0.488695
vt 0.500000 0.488695
vt 0.520833 0.488695
vt 0.541667 0.488695
vt 0.562500 0.488695
vt 0.583333 0.488695
vt 0.479167 0.488695
vt 0.500000 0.488695
vt 0.520833 0.488695
vt 0.541667 0.488695
vt 0.562500 0.488695
vt 0.583333 0.488695
vt 0.479167 0.488695
vt 0.500000 0.488695
vt 0.520833 0.488695
vt 0.541667 0.488695
vt 0.562500 0.488695
vt 0.583333 0.488695
vt 0.479167 0.488695
vt 0.500000 0.488695
vt 0.520833 0.488695
vt 0.541667 0.488695
vt 0.562500 0.488695
vt 0.583333 0.488695
vt 0.479167 0.312500
vt 0.479167 0.488695
vt 0.479167 0.488695
vt 0.479167 0.312500
vt 0.479167 0.312500
vt 0.479167 0.687500
vt 0.479167 0.687500
vt 0.479167 0.488695
vt 0.479167 0.687500
vt 0.479167 0.312500
vt 0.479167 0.488695
vt 0.479167 0.687500
usemtl aiStandardSurface5SG
f 3451/4032 3452/4010 3479/4059 3454/4009 3453/4033
f 3453/4033 3454/4009 3456/4008 3455/4034
f 3455/4034 3456/4008 3458/4007 3457/4035
f 3457/4035 3458/4007 3460/4006 3459/4036
f 3459/4036 3460/4006 3462/4005 3461/4037
f 3461/4037 3462/4005 3480/4062 3464/4004 3463/4038
f 3462/4005 3466/4040 3465/4039 3464/4004 3480/4061
f 3460/4006 3467/4041 3466/4040 3462/4005
f 3458/4007 3468/4042 3467/4041 3460/4006
f 3456/4008 3469/4043 3468/4042 3458/4007
f 3454/4009 3470/4044 3469/4043 3456/4008
f 3452/4010 3471/4045 3470/4044 3454/4009 3479/4058
f 3430/4011 3431/4013 3449/4014 3450/4012
f 3431/4013 3432/4015 3448/4016 3449/4014
f 3432/4015 3433/4017 3447/4018 3448/4016
f 3433/4017 3434/4019 3446/4020 3447/4018
f 3434/4019 3435/4021 3445/4022 3446/4020
f 3435/4021 3436/4023 3444/4024 3445/4022
f 3445/4022 3444/4024 3443/4025 3442/4026
f 3446/4020 3445/4022 3442/4026 3441/4027
f 3447/4018 3446/4020 3441/4027 3440/4028
f 3448/4016 3447/4018 3440/4028 3439/4029
f 3449/4014 3448/4016 3439/4029 3438/4030
f 3450/4012 3449/4014 3438/4030 3437/4031
usemtl protag_cat25:aiStandardSurface2SG
f 3430/3990 3451/4032 3453/4033 3431/3991
f 3431/3991 3453/4033 3455/4034 3432/3992
usemtl aiStandardSurface5SG
f 3432/3992 3455/4034 3457/4035 3433/3993
f 3433/3993 3457/4035 3459/4036 3434/3994
f 3434/3994 3459/4036 3461/4037 3435/3995
f 3435/3995 3461/4037 3463/4038 3436/3996
f 3443/4003 3465/4039 3466/4040 3442/4002
f 3442/4002 3466/4040 3467/4041 3441/4001
f 3441/4001 3467/4041 3468/4042 3440/4000
f 3440/4000 3468/4042 3469/4043 3439/3999
f 3439/3999 3469/4043 3470/4044 3438/3998
f 3438/3998 3470/4044 3471/4045 3437/3997
usemtl protag_cat25:aiStandardSurface2SG
f 3454/4009 3473/4047 3481/4064 3472/4350 3452/4046 3479/4060
f 3456/4008 3474/4049 3473/4351 3454/4048
f 3458/4007 3475/4051 3474/4352 3456/4050
f 3460/4006 3476/4053 3475/4353 3458/4052
f 3462/4005 3477/4055 3476/4354 3460/4054
f 3464/4004 3478/4057 3482/4066 3477/4355 3462/4056 3480/4063
f 3474/4352 3484/4069 3483/4068 3473/4351
f 3473/4351 3483/4068 3481/4065
f 3475/4353 3485/4070 3484/4069 3474/4352
f 3486/4071 3485/4070 3475/4353 3476/4354
f 3482/4067 3486/4071 3476/4354 3477/4355
usemtl aiStandardSurface5SG
f 3508/4072 3510/4076 3511/4075 3536/4074 3509/4073
f 3510/4076 3512/4078 3513/4077 3511/4075
f 3512/4078 3514/4080 3515/4079 3513/4077
f 3514/4080 3516/4082 3517/4081 3515/4079
f 3516/4082 3518/4084 3519/4083 3517/4081
f 3518/4084 3520/4087 3521/4086 3537/4085 3519/4083
f 3519/4083 3537/4090 3521/4086 3522/4089 3523/4088
f 3517/4081 3519/4083 3523/4088 3524/4091
f 3515/4079 3517/4081 3524/4091 3525/4092
f 3513/4077 3515/4079 3525/4092 3526/4093
f 3511/4075 3513/4077 3526/4093 3527/4094
f 3509/4073 3536/4096 3511/4075 3527/4094 3528/4095
f 3487/4097 3507/4100 3506/4099 3488/4098
f 3488/4098 3506/4099 3505/4102 3489/4101
f 3489/4101 3505/4102 3504/4104 3490/4103
f 3490/4103 3504/4104 3503/4106 3491/4105
f 3491/4105 3503/4106 3502/4108 3492/4107
f 3492/4107 3502/4108 3501/4110 3493/4109
f 3502/4108 3499/4112 3500/4111 3501/4110
f 3503/4106 3498/4113 3499/4112 3502/4108
f 3504/4104 3497/4114 3498/4113 3503/4106
f 3505/4102 3496/4115 3497/4114 3504/4104
f 3506/4099 3495/4116 3496/4115 3505/4102
f 3507/4100 3494/4117 3495/4116 3506/4099
usemtl protag_cat25:aiStandardSurface2SG
f 3487/4118 3488/4119 3510/4076 3508/4072
f 3488/4119 3489/4120 3512/4078 3510/4076
f 3489/4120 3490/4121 3514/4080 3512/4078
f 3490/4121 3491/4122 3516/4082 3514/4080
f 3491/4122 3492/4123 3518/4084 3516/4082
usemtl aiStandardSurface5SG
f 3492/4123 3493/4124 3520/4087 3518/4084
f 3500/4125 3499/4126 3523/4088 3522/4089
f 3499/4126 3498/4127 3524/4091 3523/4088
f 3498/4127 3497/4128 3525/4092 3524/4091
f 3497/4128 3496/4129 3526/4093 3525/4092
f 3496/4129 3495/4130 3527/4094 3526/4093
f 3495/4130 3494/4131 3528/4095 3527/4094
usemtl protag_cat25:aiStandardSurface2SG
f 3511/4075 3536/4135 3509/4134 3529/4356 3538/4133 3530/4132
f 3513/4077 3511/4137 3530/4357 3531/4136
f 3515/4079 3513/4139 3531/4358 3532/4138
f 3517/4081 3515/4141 3532/4359 3533/4140
f 3519/4083 3517/4143 3533/4360 3534/4142
f 3521/4086 3537/4147 3519/4146 3534/4361 3539/4145 3535/4144
f 3531/4358 3530/4357 3540/4149 3541/4148
f 3530/4357 3538/4150 3540/4149
f 3532/4359 3531/4358 3541/4148 3542/4151
f 3543/4152 3533/4360 3532/4359 3542/4151
f 3539/4153 3534/4361 3533/4360 3543/4152
usemtl aiStandardSurface5SG
f 3565/4154 3567/4158 3568/4157 3593/4156 3566/4155
f 3567/4158 3569/4160 3570/4159 3568/4157
f 3569/4160 3571/4162 3572/4161 3570/4159
f 3571/4162 3573/4164 3574/4163 3572/4161
usemtl protag_cat25:aiStandardSurface2SG
f 3573/4164 3575/4166 3576/4165 3574/4163
f 3575/4166 3577/4169 3578/4168 3594/4167 3576/4165
f 3576/4165 3594/4172 3578/4168 3579/4171 3580/4170
f 3574/4163 3576/4165 3580/4170 3581/4173
usemtl aiStandardSurface5SG
f 3572/4161 3574/4163 3581/4173 3582/4174
f 3570/4159 3572/4161 3582/4174 3583/4175
f 3568/4157 3570/4159 3583/4175 3584/4176
f 3566/4155 3593/4178 3568/4157 3584/4176 3585/4177
f 3544/4179 3564/4182 3563/4181 3545/4180
f 3545/4180 3563/4181 3562/4184 3546/4183
f 3546/4183 3562/4184 3561/4186 3547/4185
f 3547/4185 3561/4186 3560/4188 3548/4187
f 3548/4187 3560/4188 3559/4190 3549/4189
f 3549/4189 3559/4190 3558/4192 3550/4191
f 3559/4190 3556/4194 3557/4193 3558/4192
f 3560/4188 3555/4195 3556/4194 3559/4190
f 3561/4186 3554/4196 3555/4195 3560/4188
f 3562/4184 3553/4197 3554/4196 3561/4186
f 3563/4181 3552/4198 3553/4197 3562/4184
f 3564/4182 3551/4199 3552/4198 3563/4181
usemtl protag_cat25:aiStandardSurface2SG
f 3544/4200 3545/4201 3567/4158 3565/4154
f 3545/4201 3546/4202 3569/4160 3567/4158
f 3546/4202 3547/4203 3571/4162 3569/4160
f 3547/4203 3548/4204 3573/4164 3571/4162
f 3548/4204 3549/4205 3575/4166 3573/4164
f 3549/4205 3550/4206 3577/4169 3575/4166
usemtl aiStandardSurface5SG
f 3557/4207 3556/4208 3580/4170 3579/4171
f 3556/4208 3555/4209 3581/4173 3580/4170
f 3555/4209 3554/4210 3582/4174 3581/4173
f 3554/4210 3553/4211 3583/4175 3582/4174
f 3553/4211 3552/4212 3584/4176 3583/4175
f 3552/4212 3551/4213 3585/4177 3584/4176
usemtl protag_cat25:aiStandardSurface2SG
f 3568/4157 3593/4217 3566/4216 3586/4362 3595/4215 3587/4214
f 3570/4159 3568/4219 3587/4363 3588/4218
f 3572/4161 3570/4221 3588/4364 3589/4220
f 3574/4163 3572/4223 3589/4365 3590/4222
f 3576/4165 3574/4225 3590/4366 3591/4224
f 3578/4168 3594/4229 3576/4228 3591/4367 3596/4227 3592/4226
f 3588/4364 3587/4363 3597/4231 3598/4230
f 3587/4363 3595/4232 3597/4231
f 3589/4365 3588/4364 3598/4230 3599/4233
f 3600/4234 3590/4366 3589/4365 3599/4233
f 3596/4235 3591/4367 3590/4366 3600/4234
usemtl aiStandardSurface5SG
f 3622/4236 3623/4240 3650/4239 3625/4238 3624/4237
f 3624/4237 3625/4238 3627/4242 3626/4241
f 3626/4241 3627/4242 3629/4244 3628/4243
f 3628/4243 3629/4244 3631/4246 3630/4245
f 3630/4245 3631/4246 3633/4248 3632/4247
f 3632/4247 3633/4248 3651/4251 3635/4250 3634/4249
f 3633/4248 3637/4254 3636/4253 3635/4250 3651/4252
f 3631/4246 3638/4255 3637/4254 3633/4248
f 3629/4244 3639/4256 3638/4255 3631/4246
f 3627/4242 3640/4257 3639/4256 3629/4244
f 3625/4238 3641/4258 3640/4257 3627/4242
f 3623/4240 3642/4260 3641/4258 3625/4238 3650/4259
f 3601/4261 3602/4264 3620/4263 3621/4262
f 3602/4264 3603/4266 3619/4265 3620/4263
f 3603/4266 3604/4268 3618/4267 3619/4265
f 3604/4268 3605/4270 3617/4269 3618/4267
f 3605/4270 3606/4272 3616/4271 3617/4269
f 3606/4272 3607/4274 3615/4273 3616/4271
f 3616/4271 3615/4273 3614/4276 3613/4275
f 3617/4269 3616/4271 3613/4275 3612/4277
f 3618/4267 3617/4269 3612/4277 3611/4278
f 3619/4265 3618/4267 3611/4278 3610/4279
f 3620/4263 3619/4265 3610/4279 3609/4280
f 3621/4262 3620/4263 3609/4280 3608/4281
f 3601/4282 3622/4236 3624/4237 3602/4283
f 3602/4283 3624/4237 3626/4241 3603/4284
f 3603/4284 3626/4241 3628/4243 3604/4285
f 3604/4285 3628/4243 3630/4245 3605/4286
f 3605/4286 3630/4245 3632/4247 3606/4287
f 3606/4287 3632/4247 3634/4249 3607/4288
f 3614/4289 3636/4253 3637/4254 3613/4290
f 3613/4290 3637/4254 3638/4255 3612/4291
f 3612/4291 3638/4255 3639/4256 3611/4292
f 3611/4292 3639/4256 3640/4257 3610/4293
f 3610/4293 3640/4257 3641/4258 3609/4294
f 3609/4294 3641/4258 3642/4260 3608/4295
usemtl protag_cat25:aiStandardSurface2SG
f 3625/4238 3644/4299 3652/4298 3643/4368 3623/4297 3650/4296
f 3627/4242 3645/4301 3644/4369 3625/4300
f 3629/4244 3646/4303 3645/4370 3627/4302
f 3631/4246 3647/4305 3646/4371 3629/4304
f 3633/4248 3648/4307 3647/4372 3631/4306
f 3635/4250 3649/4311 3653/4310 3648/4373 3633/4309 3651/4308
f 3645/4370 3655/4313 3654/4312 3644/4369
f 3644/4369 3654/4312 3652/4314
f 3646/4371 3656/4315 3655/4313 3645/4370
f 3657/4316 3656/4315 3646/4371 3647/4372
f 3653/4317 3657/4316 3647/4372 3648/4373
usemtl aiStandardSurface5SG
f 3664/4334 3667/4336 3666/4374 3665/4335
f 3665/4375 3666/4321 3669/4338 3668/4337
f 3671/4339 3673/4346 3672/4341 3670/4340
f 3674/4376 3675/4343 3673/4349 3671/4342
f 3667/4336 3677/4344 3676/4326 3666/4374
f 3666/4321 3676/4329 3678/4345 3669/4338
f 3673/4377 3676/4331 3677/4347 3672/4378
f 3675/4379 3678/4348 3676/4332 3673/4380
f 3430/4381 3450/4319 3665/4335 3664/4334
f 3658/4318 3667/4336 3664/4334 3430/4381
f 3450/4012 3437/4320 3668/4337 3665/4375
f 3437/4320 3668/4337 3669/4338 3659/4382
f 3564/4182 3544/4323 3670/4340 3671/4339
f 3544/4323 3670/4340 3672/4341 3660/4383
f 3551/4384 3564/4324 3671/4342 3674/4376
f 3661/4325 3675/4343 3674/4376 3551/4384
f 3662/4327 3677/4344 3667/4336 3658/4318
f 3659/4382 3669/4338 3678/4345 3663/4328
f 3660/4322 3672/4378 3677/4347 3662/4330
f 3663/4333 3678/4348 3675/4379 3661/4385
v -0.043831 3.334095 0.217564
v -0.087646 3.409985 0.217579
v -0.154774 3.466311 0.217590
v -0.237118 3.496283 0.217594
v -0.324747 3.496283 0.217593
v -0.407092 3.466311 0.217585
v -0.474219 3.409985 0.217572
v -0.518034 3.334096 0.217556
v -0.533251 3.247798 0.217538
v -0.518034 3.161500 0.217520
v -0.474219 3.085611 0.217505
v -0.407092 3.029284 0.217495
v -0.324747 2.999313 0.217490
v -0.237118 2.999313 0.217492
v -0.154774 3.029284 0.217499
v -0.087646 3.085611 0.217512
v -0.043831 3.161500 0.217529
v -0.028615 3.247798 0.217547
v -0.040174 3.335418 0.262055
v -0.084665 3.412477 0.262070
v -0.152828 3.469673 0.262081
v -0.236443 3.500106 0.262086
v -0.325424 3.500106 0.262084
v -0.409039 3.469673 0.262076
v -0.477202 3.412477 0.262063
v -0.521692 3.335418 0.262046
v -0.537144 3.247788 0.262028
v -0.521692 3.160159 0.262010
v -0.477202 3.083100 0.261995
v -0.409039 3.025904 0.261984
v -0.325424 2.995471 0.261980
v -0.236443 2.995471 0.261981
v -0.152828 3.025904 0.261989
v -0.084665 3.083100 0.262002
v -0.040174 3.160159 0.262019
v -0.024723 3.247788 0.262037
v -0.043833 3.334077 0.306545
v -0.087647 3.409966 0.306560
v -0.154775 3.466293 0.306571
v -0.237120 3.496264 0.306575
v -0.324749 3.496264 0.306574
v -0.407093 3.466293 0.306566
v -0.474221 3.409966 0.306553
v -0.518036 3.334077 0.306537
v -0.533252 3.247779 0.306519
v -0.518036 3.161482 0.306501
v -0.474221 3.085592 0.306486
v -0.407093 3.029266 0.306476
v -0.324749 2.999295 0.306471
v -0.237120 2.999294 0.306473
v -0.154775 3.029266 0.306480
v -0.087648 3.085592 0.306493
v -0.043833 3.161482 0.306510
v -0.028616 3.247779 0.306528
v -0.054696 3.330115 0.349683
v -0.096503 3.402527 0.349697
v -0.160556 3.456274 0.349707
v -0.239128 3.484872 0.349712
v -0.322742 3.484872 0.349710
v -0.401314 3.456274 0.349703
v -0.465367 3.402527 0.349691
v -0.507174 3.330115 0.349675
v -0.521694 3.247770 0.349657
v -0.507175 3.165426 0.349641
v -0.465367 3.093014 0.349627
v -0.401315 3.039267 0.349617
v -0.322742 3.010669 0.349612
v -0.239128 3.010669 0.349614
v -0.160556 3.039267 0.349621
v -0.096503 3.093013 0.349633
v -0.054696 3.165426 0.349649
v -0.040176 3.247770 0.349666
v -0.072432 3.323651 0.390157
v -0.110962 3.390387 0.390171
v -0.169993 3.439920 0.390180
v -0.242406 3.466276 0.390184
v -0.319466 3.466276 0.390182
v -0.391878 3.439920 0.390176
v -0.450909 3.390387 0.390164
v -0.489439 3.323651 0.390150
v -0.502820 3.247762 0.390134
v -0.489439 3.171873 0.390118
v -0.450909 3.105138 0.390105
v -0.391878 3.055604 0.390096
v -0.319466 3.029248 0.390092
v -0.242406 3.029248 0.390093
v -0.169993 3.055604 0.390100
v -0.110962 3.105137 0.390112
v -0.072432 3.171873 0.390126
v -0.059051 3.247762 0.390142
v -0.096504 3.314882 0.426739
v -0.130586 3.373913 0.426750
v -0.182802 3.417728 0.426759
v -0.246855 3.441041 0.426762
v -0.315018 3.441041 0.426761
v -0.379071 3.417728 0.426755
v -0.431287 3.373913 0.426745
v -0.465369 3.314882 0.426732
v -0.477205 3.247754 0.426718
v -0.465369 3.180627 0.426704
v -0.431287 3.121596 0.426693
v -0.379071 3.077781 0.426685
v -0.315018 3.054467 0.426681
v -0.246855 3.054467 0.426682
v -0.182802 3.077781 0.426688
v -0.130586 3.121596 0.426698
v -0.096504 3.180627 0.426711
v -0.084668 3.247754 0.426725
v -0.126180 3.304075 0.458316
v -0.154778 3.353608 0.458326
v -0.198593 3.390372 0.458332
v -0.252339 3.409935 0.458335
v -0.309535 3.409935 0.458334
v -0.363281 3.390373 0.458329
v -0.407096 3.353608 0.458321
v -0.435694 3.304075 0.458310
v -0.445626 3.247748 0.458298
v -0.435694 3.191421 0.458287
v -0.407096 3.141888 0.458277
v -0.363281 3.105123 0.458270
v -0.309535 3.085561 0.458267
v -0.252339 3.085561 0.458268
v -0.198593 3.105123 0.458273
v -0.154778 3.141888 0.458282
v -0.126180 3.191421 0.458292
v -0.116248 3.247748 0.458304
v -0.160558 3.291557 0.483929
v -0.182803 3.330087 0.483936
v -0.216885 3.358685 0.483942
v -0.258692 3.373902 0.483944
v -0.303183 3.373902 0.483943
v -0.344990 3.358685 0.483939
v -0.379072 3.330087 0.483933
v -0.401317 3.291557 0.483924
v -0.409043 3.247743 0.483915
v -0.401317 3.203928 0.483906
v -0.379072 3.165398 0.483899
v -0.344990 3.136800 0.483893
v -0.303183 3.121584 0.483891
v -0.258692 3.121584 0.483892
v -0.216885 3.136800 0.483896
v -0.182803 3.165398 0.483902
v -0.160558 3.203928 0.483911
v -0.152832 3.247743 0.483920
v -0.198593 3.277710 0.502016
v -0.213810 3.304066 0.502021
v -0.237123 3.323628 0.502024
v -0.265721 3.334036 0.502026
v -0.296154 3.334036 0.502025
v -0.324752 3.323628 0.502023
v -0.348066 3.304066 0.502018
v -0.363282 3.277710 0.502013
v -0.368567 3.247739 0.502006
v -0.363282 3.217768 0.502000
v -0.348066 3.191412 0.501995
v -0.324752 3.171850 0.501991
v -0.296154 3.161441 0.501990
v -0.265721 3.161441 0.501990
v -0.237123 3.171850 0.501993
v -0.213810 3.191412 0.501998
v -0.198593 3.217768 0.502003
v -0.193309 3.247739 0.502009
v -0.239130 3.262956 0.498935
v -0.246856 3.276337 0.498937
v -0.258693 3.286269 0.498939
v -0.273212 3.291554 0.498940
v -0.288663 3.291554 0.498940
v -0.303183 3.286269 0.498938
v -0.315019 3.276337 0.498936
v -0.322745 3.262956 0.498933
v -0.325428 3.247740 0.498930
v -0.322745 3.232523 0.498927
v -0.315020 3.219142 0.498924
v -0.303183 3.209210 0.498922
v -0.288663 3.203925 0.498922
v -0.273212 3.203925 0.498922
v -0.258693 3.209210 0.498923
v -0.246856 3.219142 0.498925
v -0.239130 3.232523 0.498928
v -0.236447 3.247740 0.498931
v -0.280938 3.247741 0.491816
vt 0.958942 0.698908
vt 0.862530 0.843755
vt 0.821774 0.805102
vt 0.907425 0.676525
vt 0.722391 0.946893
vt 0.697314 0.896631
vt 0.555429 0.995880
vt 0.549054 0.940072
vt 0.381781 0.984808
vt 0.394878 0.930186
vt 0.222392 0.915013
vt 0.253381 0.868165
vt 0.096487 0.794913
vt 0.141629 0.761489
vt 0.019251 0.638994
vt 0.073103 0.623025
vt -0.000000 0.466062
vt 0.056066 0.469474
vt 0.041057 0.296974
vt 0.092575 0.319356
vt 0.137469 0.152126
vt 0.178225 0.190778
vt 0.277608 0.048988
vt 0.302686 0.099249
vt 0.444571 0.000000
vt 0.450946 0.055807
vt 0.618220 0.011072
vt 0.605123 0.065693
vt 0.777610 0.080867
vt 0.746621 0.127715
vt 0.903515 0.200968
vt 0.858372 0.234392
vt 0.980750 0.356888
vt 0.926898 0.372857
vt 1.000000 0.529821
vt 0.943934 0.526408
vt 0.783062 0.768554
vt 0.858547 0.655421
vt 0.673436 0.849047
vt 0.542891 0.887191
vt 0.407173 0.878386
vt 0.282651 0.823694
vt 0.184345 0.729711
vt 0.124111 0.607773
vt 0.109215 0.472587
vt 0.141453 0.340460
vt 0.216937 0.227327
vt 0.326564 0.146833
vt 0.457109 0.108689
vt 0.592827 0.117494
vt 0.717350 0.172186
vt 0.815656 0.266170
vt 0.875890 0.388108
vt 0.890785 0.523294
vt 0.745658 0.733304
vt 0.811343 0.635090
vt 0.650344 0.803130
vt 0.536896 0.836145
vt 0.418998 0.828368
vt 0.310870 0.780737
vt 0.225554 0.698996
vt 0.173340 0.593005
vt 0.160526 0.475547
vt 0.188657 0.360791
vt 0.254341 0.262576
vt 0.349656 0.192750
vt 0.463104 0.159734
vt 0.581002 0.167511
vt 0.689131 0.215143
vt 0.774447 0.296884
vt 0.826661 0.402876
vt 0.839474 0.520333
vt 0.709140 0.698864
vt 0.765247 0.615217
vt 0.627807 0.758277
vt 0.531059 0.786289
vt 0.430565 0.779522
vt 0.338446 0.738792
vt 0.265812 0.669013
vt 0.221425 0.578599
vt 0.210638 0.478456
vt 0.234753 0.380663
vt 0.290860 0.297016
vt 0.372193 0.237603
vt 0.468941 0.209590
vt 0.569436 0.216357
vt 0.661555 0.257087
vt 0.734189 0.326867
vt 0.778575 0.417281
vt 0.789362 0.517424
vt 0.673257 0.664923
vt 0.719920 0.595595
vt 0.605696 0.714110
vt 0.525388 0.737223
vt 0.442017 0.731476
vt 0.365640 0.697561
vt 0.305468 0.639568
vt 0.268760 0.564493
vt 0.259943 0.481391
vt 0.280080 0.400285
vt 0.326743 0.330957
vt 0.394304 0.281770
vt 0.474613 0.258656
vt 0.557984 0.264403
vt 0.634361 0.298319
vt 0.694532 0.356312
vt 0.731240 0.431387
vt 0.740057 0.514489
vt 0.637851 0.631271
vt 0.675140 0.576082
vt 0.583936 0.670378
vt 0.519896 0.688686
vt 0.453457 0.683988
vt 0.392632 0.656849
vt 0.344757 0.610544
vt 0.315606 0.550657
vt 0.308696 0.484411
vt 0.324860 0.419797
vt 0.362149 0.364608
vt 0.416064 0.325501
vt 0.480104 0.307193
vt 0.546543 0.311891
vt 0.607368 0.339030
vt 0.655244 0.385336
vt 0.684394 0.445223
vt 0.691304 0.511469
vt 0.602804 0.597748
vt 0.630741 0.556568
vt 0.562468 0.626890
vt 0.514597 0.640479
vt 0.464965 0.636875
vt 0.419560 0.616513
vt 0.383856 0.581850
vt 0.362161 0.537066
vt 0.357092 0.487563
vt 0.369259 0.439311
vt 0.397196 0.398131
vt 0.437532 0.368989
vt 0.485403 0.355401
vt 0.535035 0.359004
vt 0.580441 0.379366
vt 0.616144 0.414029
vt 0.637839 0.458813
vt 0.642908 0.508316
vt 0.568256 0.564440
vt 0.586884 0.537085
vt 0.541395 0.583775
vt 0.509541 0.592756
vt 0.476537 0.590301
vt 0.446362 0.576706
vt 0.422657 0.553610
vt 0.408281 0.523800
vt 0.404967 0.490871
vt 0.413116 0.458794
vt 0.431745 0.431439
vt 0.458605 0.412104
vt 0.490459 0.403123
vt 0.523464 0.405578
vt 0.553638 0.419173
vt 0.577343 0.442269
vt 0.591719 0.472079
vt 0.595033 0.505008
vt 0.534697 0.531753
vt 0.544169 0.517847
vt 0.521039 0.541581
vt 0.504844 0.546145
vt 0.488065 0.544895
vt 0.472725 0.537981
vt 0.460675 0.526237
vt 0.453368 0.511081
vt 0.451686 0.494339
vt 0.455831 0.478032
vt 0.465304 0.464126
vt 0.478961 0.454298
vt 0.495156 0.449734
vt 0.511935 0.450985
vt 0.527275 0.457898
vt 0.539325 0.469642
vt 0.546632 0.484799
vt 0.548314 0.501540
vt 0.500000 0.497940
usemtl R_eyeballSG
f 3679/4386 3680/4387 3698/4388 3697/4389
f 3680/4387 3681/4390 3699/4391 3698/4388
f 3681/4390 3682/4392 3700/4393 3699/4391
f 3682/4392 3683/4394 3701/4395 3700/4393
f 3683/4394 3684/4396 3702/4397 3701/4395
f 3684/4396 3685/4398 3703/4399 3702/4397
f 3685/4398 3686/4400 3704/4401 3703/4399
f 3686/4400 3687/4402 3705/4403 3704/4401
f 3687/4402 3688/4404 3706/4405 3705/4403
f 3688/4404 3689/4406 3707/4407 3706/4405
f 3689/4406 3690/4408 3708/4409 3707/4407
f 3690/4408 3691/4410 3709/4411 3708/4409
f 3691/4410 3692/4412 3710/4413 3709/4411
f 3692/4412 3693/4414 3711/4415 3710/4413
f 3693/4414 3694/4416 3712/4417 3711/4415
f 3694/4416 3695/4418 3713/4419 3712/4417
f 3695/4418 3696/4420 3714/4421 3713/4419
f 3696/4420 3679/4386 3697/4389 3714/4421
f 3697/4389 3698/4388 3716/4422 3715/4423
f 3698/4388 3699/4391 3717/4424 3716/4422
f 3699/4391 3700/4393 3718/4425 3717/4424
f 3700/4393 3701/4395 3719/4426 3718/4425
f 3701/4395 3702/4397 3720/4427 3719/4426
f 3702/4397 3703/4399 3721/4428 3720/4427
f 3703/4399 3704/4401 3722/4429 3721/4428
f 3704/4401 3705/4403 3723/4430 3722/4429
f 3705/4403 3706/4405 3724/4431 3723/4430
f 3706/4405 3707/4407 3725/4432 3724/4431
f 3707/4407 3708/4409 3726/4433 3725/4432
f 3708/4409 3709/4411 3727/4434 3726/4433
f 3709/4411 3710/4413 3728/4435 3727/4434
f 3710/4413 3711/4415 3729/4436 3728/4435
f 3711/4415 3712/4417 3730/4437 3729/4436
f 3712/4417 3713/4419 3731/4438 3730/4437
f 3713/4419 3714/4421 3732/4439 3731/4438
f 3714/4421 3697/4389 3715/4423 3732/4439
f 3715/4423 3716/4422 3734/4440 3733/4441
f 3716/4422 3717/4424 3735/4442 3734/4440
f 3717/4424 3718/4425 3736/4443 3735/4442
f 3718/4425 3719/4426 3737/4444 3736/4443
f 3719/4426 3720/4427 3738/4445 3737/4444
f 3720/4427 3721/4428 3739/4446 3738/4445
f 3721/4428 3722/4429 3740/4447 3739/4446
f 3722/4429 3723/4430 3741/4448 3740/4447
f 3723/4430 3724/4431 3742/4449 3741/4448
f 3724/4431 3725/4432 3743/4450 3742/4449
f 3725/4432 3726/4433 3744/4451 3743/4450
f 3726/4433 3727/4434 3745/4452 3744/4451
f 3727/4434 3728/4435 3746/4453 3745/4452
f 3728/4435 3729/4436 3747/4454 3746/4453
f 3729/4436 3730/4437 3748/4455 3747/4454
f 3730/4437 3731/4438 3749/4456 3748/4455
f 3731/4438 3732/4439 3750/4457 3749/4456
f 3732/4439 3715/4423 3733/4441 3750/4457
f 3733/4441 3734/4440 3752/4458 3751/4459
f 3734/4440 3735/4442 3753/4460 3752/4458
f 3735/4442 3736/4443 3754/4461 3753/4460
f 3736/4443 3737/4444 3755/4462 3754/4461
f 3737/4444 3738/4445 3756/4463 3755/4462
f 3738/4445 3739/4446 3757/4464 3756/4463
f 3739/4446 3740/4447 3758/4465 3757/4464
f 3740/4447 3741/4448 3759/4466 3758/4465
f 3741/4448 3742/4449 3760/4467 3759/4466
f 3742/4449 3743/4450 3761/4468 3760/4467
f 3743/4450 3744/4451 3762/4469 3761/4468
f 3744/4451 3745/4452 3763/4470 3762/4469
f 3745/4452 3746/4453 3764/4471 3763/4470
f 3746/4453 3747/4454 3765/4472 3764/4471
f 3747/4454 3748/4455 3766/4473 3765/4472
f 3748/4455 3749/4456 3767/4474 3766/4473
f 3749/4456 3750/4457 3768/4475 3767/4474
f 3750/4457 3733/4441 3751/4459 3768/4475
f 3751/4459 3752/4458 3770/4476 3769/4477
f 3752/4458 3753/4460 3771/4478 3770/4476
f 3753/4460 3754/4461 3772/4479 3771/4478
f 3754/4461 3755/4462 3773/4480 3772/4479
f 3755/4462 3756/4463 3774/4481 3773/4480
f 3756/4463 3757/4464 3775/4482 3774/4481
f 3757/4464 3758/4465 3776/4483 3775/4482
f 3758/4465 3759/4466 3777/4484 3776/4483
f 3759/4466 3760/4467 3778/4485 3777/4484
f 3760/4467 3761/4468 3779/4486 3778/4485
f 3761/4468 3762/4469 3780/4487 3779/4486
f 3762/4469 3763/4470 3781/4488 3780/4487
f 3763/4470 3764/4471 3782/4489 3781/4488
f 3764/4471 3765/4472 3783/4490 3782/4489
f 3765/4472 3766/4473 3784/4491 3783/4490
f 3766/4473 3767/4474 3785/4492 3784/4491
f 3767/4474 3768/4475 3786/4493 3785/4492
f 3768/4475 3751/4459 3769/4477 3786/4493
f 3769/4477 3770/4476 3788/4494 3787/4495
f 3770/4476 3771/4478 3789/4496 3788/4494
f 3771/4478 3772/4479 3790/4497 3789/4496
f 3772/4479 3773/4480 3791/4498 3790/4497
f 3773/4480 3774/4481 3792/4499 3791/4498
f 3774/4481 3775/4482 3793/4500 3792/4499
f 3775/4482 3776/4483 3794/4501 3793/4500
f 3776/4483 3777/4484 3795/4502 3794/4501
f 3777/4484 3778/4485 3796/4503 3795/4502
f 3778/4485 3779/4486 3797/4504 3796/4503
f 3779/4486 3780/4487 3798/4505 3797/4504
f 3780/4487 3781/4488 3799/4506 3798/4505
f 3781/4488 3782/4489 3800/4507 3799/4506
f 3782/4489 3783/4490 3801/4508 3800/4507
f 3783/4490 3784/4491 3802/4509 3801/4508
f 3784/4491 3785/4492 3803/4510 3802/4509
f 3785/4492 3786/4493 3804/4511 3803/4510
f 3786/4493 3769/4477 3787/4495 3804/4511
f 3787/4495 3788/4494 3806/4512 3805/4513
f 3788/4494 3789/4496 3807/4514 3806/4512
f 3789/4496 3790/4497 3808/4515 3807/4514
f 3790/4497 3791/4498 3809/4516 3808/4515
f 3791/4498 3792/4499 3810/4517 3809/4516
f 3792/4499 3793/4500 3811/4518 3810/4517
f 3793/4500 3794/4501 3812/4519 3811/4518
f 3794/4501 3795/4502 3813/4520 3812/4519
f 3795/4502 3796/4503 3814/4521 3813/4520
f 3796/4503 3797/4504 3815/4522 3814/4521
f 3797/4504 3798/4505 3816/4523 3815/4522
f 3798/4505 3799/4506 3817/4524 3816/4523
f 3799/4506 3800/4507 3818/4525 3817/4524
f 3800/4507 3801/4508 3819/4526 3818/4525
f 3801/4508 3802/4509 3820/4527 3819/4526
f 3802/4509 3803/4510 3821/4528 3820/4527
f 3803/4510 3804/4511 3822/4529 3821/4528
f 3804/4511 3787/4495 3805/4513 3822/4529
f 3805/4513 3806/4512 3824/4530 3823/4531
f 3806/4512 3807/4514 3825/4532 3824/4530
f 3807/4514 3808/4515 3826/4533 3825/4532
f 3808/4515 3809/4516 3827/4534 3826/4533
f 3809/4516 3810/4517 3828/4535 3827/4534
f 3810/4517 3811/4518 3829/4536 3828/4535
f 3811/4518 3812/4519 3830/4537 3829/4536
f 3812/4519 3813/4520 3831/4538 3830/4537
f 3813/4520 3814/4521 3832/4539 3831/4538
f 3814/4521 3815/4522 3833/4540 3832/4539
f 3815/4522 3816/4523 3834/4541 3833/4540
f 3816/4523 3817/4524 3835/4542 3834/4541
f 3817/4524 3818/4525 3836/4543 3835/4542
f 3818/4525 3819/4526 3837/4544 3836/4543
f 3819/4526 3820/4527 3838/4545 3837/4544
f 3820/4527 3821/4528 3839/4546 3838/4545
f 3821/4528 3822/4529 3840/4547 3839/4546
f 3822/4529 3805/4513 3823/4531 3840/4547
f 3823/4531 3824/4530 3842/4548 3841/4549
f 3824/4530 3825/4532 3843/4550 3842/4548
f 3825/4532 3826/4533 3844/4551 3843/4550
f 3826/4533 3827/4534 3845/4552 3844/4551
f 3827/4534 3828/4535 3846/4553 3845/4552
f 3828/4535 3829/4536 3847/4554 3846/4553
f 3829/4536 3830/4537 3848/4555 3847/4554
f 3830/4537 3831/4538 3849/4556 3848/4555
f 3831/4538 3832/4539 3850/4557 3849/4556
f 3832/4539 3833/4540 3851/4558 3850/4557
f 3833/4540 3834/4541 3852/4559 3851/4558
f 3834/4541 3835/4542 3853/4560 3852/4559
f 3835/4542 3836/4543 3854/4561 3853/4560
f 3836/4543 3837/4544 3855/4562 3854/4561
f 3837/4544 3838/4545 3856/4563 3855/4562
f 3838/4545 3839/4546 3857/4564 3856/4563
f 3839/4546 3840/4547 3858/4565 3857/4564
f 3840/4547 3823/4531 3841/4549 3858/4565
f 3841/4549 3842/4548 3859/4566
f 3842/4548 3843/4550 3859/4566
f 3843/4550 3844/4551 3859/4566
f 3844/4551 3845/4552 3859/4566
f 3845/4552 3846/4553 3859/4566
f 3846/4553 3847/4554 3859/4566
f 3847/4554 3848/4555 3859/4566
f 3848/4555 3849/4556 3859/4566
f 3849/4556 3850/4557 3859/4566
f 3850/4557 3851/4558 3859/4566
f 3851/4558 3852/4559 3859/4566
f 3852/4559 3853/4560 3859/4566
f 3853/4560 3854/4561 3859/4566
f 3854/4561 3855/4562 3859/4566
f 3855/4562 3856/4563 3859/4566
f 3856/4563 3857/4564 3859/4566
f 3857/4564 3858/4565 3859/4566
f 3858/4565 3841/4549 3859/4566
